# Resource object code (Python 3)
# Created by: object code
# Created by: The Resource Compiler for Qt version 6.10.1
# WARNING! All changes made in this file will be lost!

from PySide6 import QtCore

qt_resource_data = b"\
\x00\x00\x18T\
\x00\
\x01\x08>x\xda\xed\x9d\x09xT\xd5\xd9\xc7\x03\x04\x10\
\x08\x18B\xf6e&3\x99\x99;d_I$\xfb\x0e\
a\x0b!@\xd8\x12\xf6E\x90\x1dD\x8a,\xd5\xba\x81\
\x0b\x9fu\xa9~j\xd5\x0f\x15\x95\xf2P\xdaZ\xebS\
\xd4Jm\xab\x0f\xfd\x1e\xc5\x82\x16+\x82\xf8\x89\x0a\x22\
\xa2,\x02\xbe\xdf\xf9\x9f{\xcf\xe4f\xc8d&\xc9\xcc\
d\x99{}^q0\x99\xb9\xf3\xfe\xfe\xef{\xde\xb3\
\xdcs\xfc\xfcz\xb0\x7f6o\xf6c\xff\x8e\xf5\xb3^\
\xd7\xc3/\xd4\xcf\xcf\xcf\xca\x8c\xfd\x15\xfe\x92\xff\xbd|\
\xf5\xf0\xd3.\xed\xd2.\xed\xd2.\xed\xd2.\xed\xd2.\
\xed\xd2.\xed\xd2.\xedr\xe7\xd5\xa3G\x0f\xb5\xf5\xd4\
\xacMf\xf3a\x17c\xae\xfe\x0e\xfe\xc2z\xf6\xec\xe9\
\xdf\xabW/\xff\xbe}\xfbj\xd6\x8c\xc17\xf0\x91\xda\
g\xcd\xe9\xa1\x93ro\xc2\xbc_\xbf~\xfeAAA\
}\xc2\xc2\xc2\xfaDFF^\x17\x13\x13c\xb3\xe8\xe8\
\xe8\xfe\x9a]kj\x1f\xc1g\xf0\x1d|\x08_6\xa7\
\x85N\xc6\xdd\xbfw\xef\xde\xfe\xc1\xc1\xc1}\xd8w\xe1\
\x8cu:]\x7f\xbd^\x1f\x10\x1b\x1b\x0b\x1b\x043\x18\
\x8d\xb0@C\x5c\x5c\xa0\xc1d\x0a4\xc2\xd8\x7f\xfb\xa4\
\xb1\xef\x0e\x1fp_\xc0'\xcc7\xc2O\xf0\x19|\x07\
\x1f*\xfa\xb8\x0e\xbe\x85\x8f\xed\xb4\xd0\xe1\xec\xfd\xd9\x15\
\x1a\x1a\xdaG\xd1n\x7f\xdc;\xe7,\x7f\xcf \xf6=\
\x83\x8dfsh\x9c\xc5\x12j\x92-\xdcff\xb3o\
\x9b\xda\x17\xcc7\xf0\x11|\xc5}\xc6|\xa7h\x83\xeb\
\x01\xbe\x85\x8f\xe1k\xf8\xbc\xa34\xa0b\xef?p\xe0\
@\x1bw\x83\xc10H\x89\xeb`\xceZ\xfe~\xd1f\
I\xd2\x99-\x16fR\xacbF\x98Eb\x7f\xda\xcc\
\xeac&\x7fo\xee\x03\x8b\xcd\x14\xff0_1\x9f\xc1\
w\xf0!|\x09\x9fr\xdf2\x1f\x0b\x1d\xc0\xf7\xaa\x5c\
\xe0u\xf6\xc8G\xb8\x0f\x1e\xefr>\x0b\xb61\xb7X\
b\xadV\xab\xa9\xae<\xafjqu\xe9\xc6\x15\xb5\xe5\
O\xaf\xac\xad\xd8\xcd\xfe\xdc\xa3\xb2\xbd\xb0\xe5\x13|\xd3\
\xc4\xf7W\xfb\x84\xf9h\xcf\xaa\x89\x15{VO\xaa\xdc\
\xc5\xfe|biM\xd9\xba)\x15y\x05L\x0f\x5c\x0b\
FE\x07J>\xe0m\x82\xb74\xa0f\x1f\x12\x12\x82\
v^\xc4|P\x1c\xcbY2w)65)1~\
\xd1\xb8\x92\x0dk'W\x1e\xb9yr%\xad\x9dTI\
k&U\xd0\xea\x89\xb0rZU\xabYs\x06\xdf\xc0\
G\xf0\x15|\x06\xdf\xddR7\x82~6u$\xad\x9f\
2\xf2\xbd\x9bj\xca\x96$\xc4\x0f\xd5\xc1\xd7\xf09|\
\x0f\x06`\xe1i\x0d\xa8\xd9\x0f\x192\xa4){\xd6v\
\xc99\xcbj\x9aT\x96[\xb3zR\xc5G\xf8\x0e\xf8\
N+'\x94\xd1\xf2\x9aRZ6\xbe\x84\x96\xc2\xaaK\
\xe8\xa6\xeab\xcd\x9a1\xf8\x06>\x82\xaf\xe03\xf8\x0e\
>\x84/\xd71\x1d\xac\x97u\xf0.\xcb\x07y\xf0\xb9\
Z\x03`\xe2I\x0d\x08\xfe\x03\x06\x0c\xe09_\x15\xf7\
\xe1,7\xc5Z$\xabeVU\xe1Rv\xaf\x17p\
\xcfK\xc7\x14\xd0\xe2\xcalZT\x9aA\x0bK\xd2h\
aq\x1a-\xb8\xc6Ri\xbe\x8f\xdb\x02n*\x9f\x94\
\xa4\xd3\xc2\xf2,\xba\xb1*\x97\x96\x8c+\xe2\x9a\x80\x16\
\xe0\xd3\xb5L\x07\xb7LA>\xa8:3\x7fLq\x0d\
|/4\x00&`\xe3\x09\xfe\x82=\xc6&\xd0\x0fA\
\xbf\xa41\xee9{\xeb\x8c\x11\xf9\x0bWM(\xbd\xbc\
\xb8<\x93\xe6\xdf \xd1\xbca&\xcd\xdak9\x12\xd3\
C\x1a-f\xb1\x84\xfc\xb0\x82\xe9\x00\xed\xc3:\xde&\
T\xfd0kTQ\x95\xc8\x03`\x026\xca\xf8\x91[\
5 \xf8\xdb\xf2>\xeb\xab\xa2\x0db\xecu\x88\xfb\xca\
\xdc\xac\x8a\x9bF\xe6\x9c\x9d\x9fc\xd1\x98y\xc2\xb2\xcd\
<',\x19W\xccs\x01\xea\x04E\x03\x9f\x95\x0f\xcf\
\x8c\xe7\xf5\x00c\xa2j\x07\xdc\xc6_\x1d\xfbJ\xde\x0f\
@_\x84\xd5z\x91,\xef\x9b\x86Z\xad\xc9\xb3\x87\xc7\
\xbf\xa9q\xf2\xbc\xcd/L\xa1%c\x8b\xb8\x06\xd6L\
\x94\xdb\x825\x93+\x9f\x02\x0b\xde?dl\xc0\xc8\x9d\
9@\xf0\x0f\x0c\x0c\xec\xc3\xfb\xf8\xac\xef!\xf2\xbe$\
Y\xe3gd\x9avjl\xbc\xa9\x81d\x9e\x07V\xb0\
\xda\x10}\x04V\x13^\xaa.\xca\x19\xa6\xb4\x03\x81`\
\x04Vn\xe4\xcfk\xfe\x88\x88\x88>\xa2\xdd\x87\xdeX\
\xde7MN7m\x99\xab1\xf1\xba-,\xcb\xe4u\
!jB\xb4\x03+j+\xb6\xf2\x1c\xa0\xd4\x01`%\
\xfa\x02\xee\xe0\x8fy)Q\xf3\x1by\xbbo\xd1\x15&\
Y\x0a\xe6f\x99\xcei<:\xa6\x1eX<:\x9f\xb7\
\x03|\x9c\xa0n\xc4\x010\x01\x1b\xd1\x17\x00\xb3\xf6\xf2\
\x17\xb9?  @\xae\xfbX~\xc1\x18\x14\xc6*\xeb\
3M\xcfj,:\xce\x16\x14\xa5\xf0\xb1\x02\xa5\x16\xfc\
!%1\xc1b\x92\xfb\x83\xbc\x0e\x04\xb3\xf6\xb6\x01\x82\
?\xe6 1\x0fe\x94\xfb|\x91\x19\xf1R\x22\x8b\xfd\
\xb3\x1a\x87\x8e\xcd\x01\xa8\x05W\xd6\x96\xf16`d\xde\
\xb0\x1c\xb0\x01#\xb0\x023w\xf1\xc7|\x93\xd2\xf6\x07\
\x9b$)zB\x9ay\xb6\xc6\xa0\xe3\xed\xc6\xca\x1c>\
&\xb0vr%\x8d-\xcc)\x02\x1b0\x02+0s\
\x13\x7f\xd4~\xf2\x1c\x0f\xebc`^jz\xa6i\xbb\
\xe6\xffNP\x07\x96\xa4)5@\x05\x8d)\xcc)\x01\
\x1b0\x02+0Sj\xc0v\xf3\xc7Z\x14\xacI@\
}aauFC\xa6i\x97\xe6\xffNP\x03\x14$\
\xf3\xb9\x02\xcc\x0f\x8c)\xc8.\xb3(5 X\x81\x99\
\x1b\xf8\xf3\xbe_TT\x94\x5c\xfb[,\xa8\xfdcg\
f\x99^i\xcb\xfd\xce\xcd\x8a\xf3\xba9\xbb\x8f9^\
2g\xf7\xd4\xa6\xb1\x80\xfcD\xa5\x06\xac\xa0\xd1\x8c?\
\xd8\x80\x11X\x81Y{\xfb\x80\x82?\xc6\x95\xf1\x9eq\
\x9c\xbf\xd4&\xfe6\x7fg\x1ai6\xb3Y\x19F\x9a\
\xc9\xcd\xe0F\x93\xdf\x13\xef\x8d\xcf\x98\x93y\xad\xbf\x05\
sq\x0f\x0d\xe9\x06\xaf\x98\xed\x9e\xdc\xa8\x81F\xfe\xe5\
\xe0_\x016q\x0a\x7f0s'\x7f\xe4\x94\xf6\xf2\xc7\
\xf7\x87/\xa6\xa7\xc5\xd2\x94\x14=\xd5%\xebir\xb2\
\xce\x8d\xc6\xde\x93\xbd\xef\xd4\xd4X\x9a\x91&\xeb\x01z\
S\xfb[\xdcG=\xbb\x0f\xfc\x1c~ob\x92\x8ej\
\x13c<bxo|\xc6Tv_\xf5i\xb2\x0e\xdc\
\xa5\x01\xce\xbfZ\xe6?*\xbf\x91?Xy\x94\x7ff\
\xeb\xf8\xcbq\x1f\xc7ctj\xaa\x9e\xfbe\xec\xd0(\
\x1a%E\xd2H\x0b,\xc2=\xc6\xdeo\x945\x92\xc6\
\xc5Gs\xbfOg|\xe1o\xe1k\x91\x7f\xa0A\xe8\
o|B4\xff\xf9J\xf6\xbb\x15\xe6pn\xe5n2\
\xf1~\x95\xe6\x08\xaa\x92\xe4{\x9a\xc4t\x00]\xce\xb6\
\xd3\xa4{\xf8\x0f\xeb\xd4\xfcy\xcc\xb1\xef\x0e.\xe0^\
\x12\x17Fy\xb1!4\x5c\x17L7\xb8\xc9\xf0^\xf9\
\xec=K\xd9{\x8ff\x5c'\xb1\xcfB\x9c\x8b\x1c \
\xeec\x06\xcb?\xd0 4Sd\x08\xe5\xbf\x97\x1d3\
\x84\x86E\xbb\xdfrb\x82)O\x1fBe\xa6p\xae\
y\xe4\xa7\x99\x19\xbe\xc9\x1fy\xbf&!\x86\xca\x99/\
\xc0+-r0%\x87\x07Rb\xd8\xf5n\xb1\xa4\xb0\
@J\x8d\x18\xccYB\x03\xd5,\xe6\xa6!\x07\xd8\xf1\
\xc7} \xf6\xc1$\x87\xfd,~\x07\xbf\x9f\x10z=\
\xc5\xbb\xd1\xf0~x\xdf4\xf6\xfe\xd0\x18r\x01t\xa7\
\xd6\xa4/\xf0_8\xdcJ\x8b\x0b\x93i^^\x22M\
\x1bf\xa5\xb1)&*\xb6\xea)'.\x9a2\x0c\x91\
\x94\x16\xcbL\x1f\xc1-\xb5\x0d&~7>l0\xc5\
\x87\x0c\xe2\xfeF\x1e@nW\xc7[CF&ML\
\x19E\xd5IU4\xc2ZI\xf9\xc6RJ\x8f)\xa4\
\x84\xf0|\x92Bs\xc9\xc2\xcc\x1c\x22l8\x99\xdai\
\xe6\x90\x1c\x92\x82\x07q\x1ddE\x05\xf1\x9c\x07MB\
\x7f\xb3}\x88\xff\xf6\xe5s\xe8\xca\x95+-\xd8e\xb7\
\xd8\x86\xe5Kx\xdc\x81?\xda\x16\xb4\xbb\xa8\xbdPw\
\xc0\xd7\x13Sk\xc8\xa4\xfb\xcc{\x16s\x9c\xac!F\
\x9e\x97\xb2X[\x00\xfe\xe3\x94\x9c\xe4K\xfc\x97\x95\xa6\
\xd3\xe5\x1f\x7f\xa4\x9f~\xfa\xc9\xa3\xb6\xf7\xa5\x9d\x94\xce\
\xda\x14\xe4\xf4bc\x18\x8dA{\x9b\xac\xe7\xfcy\x9f\
/k(Y\xf4\xff\xf6\xaa\x06\x12\xa3&3\xf6A\x5c\
\x8f\x15,\xff\xa3\xfd\xf3\xb5\xf8\x87\x1d=t\xd0\xe3\xfc\
O\x9e\xf8\x8c\x0aY=\x87v\x1d\xb9\x7f\x02kk\xa7\
\xd9\xf5\x01\xb2L\xbb\xbd\xca?E\xbf\x95\xc7\xfd\x08V\
k\x22\xf6\xd1G\xf5\xb5\xf6\x1f\xf6\xa7\x1dOx\x9c\xff\
\xd5\xabWi^\xf9p^\xdb\xa1\xf6\x07{\xf4\xf5\xd4\
\xb1V\x11\xbf\xd1\xab\xfc\x13\xf4\xfb\xf8\xfd\xa0\xdf\x83>\
\xe7\x0c7\x8e\x01t%\xfe\xbf\x5c\xbd\xc0\xe3\xfca\x8f\
n\x5c\xcd\xf3+bl\xa62\xe6\xa6\x1ew\x9d\x94:\
\xc6\xbb5\x80\xeeSV\x83&+\xf7cp8.\xd9\
\xdd\xf9/-I\xa3\xdd\x8f\xdcGo\xec\xdaA\xc7>\
:DWY\xdd\xe7\x0e\xde_\xb0\x9c\xff\xe6+\xbf\xa3\
=\xbf~\x8c^z\xf8>\xbag\xd1t\xc5\xc7\xc6&\
\xe3\xee\xe2>\xe6dI4>y\x06\xb3z\x1a\x974\
\x97F&\xac\xa2Bi;%\x19\xdev\x0bo\xb3\xee\
\x08\xa5\x19\xf7R\xbe\xe5\x01\x96k\xd6\xd2\xe8\xc4y\x8c\
}\x8a\xc3\xfb\xf1\x15\xfe\xf6\xb6\xa1\xb6\x9c\xfe\xfc\xe23\
t\xe9\xe2\x856q?}\xeakZ8u\x22eF\
\xcb\xb5\x9e}]\xddZ\x1f\xcf\xcd2Se\xfcz\xc6\
\xf0x\x1b\xb8\x1f\xa7\xe4\xd8]T&\xcd`\xb1.\xd9\
\xda\x1c\x11\xe7\xee\x9e\xf7\xe9\x0e\xfc\x85\xfd\xac\xa6\x94\xfe\
\xf5\x8f\xfd\xad\xe6\xbfr\xc1\x1c\xde\xb7\xc6\xd8MAl\
(\x8d\xb6F\xf1\xf6U\xf4\xf5\xdb\xe2o\xfcN\xba\xf1\
\x95V\xb1\xb7\xe8\x0eP^\x5c5\xef\xd7OMQ\xfa\
\x1a\x99F\x8f1\xefn\xfc\xf9\xf7\xc86\xd3\xce\xfb\x7f\
A?^\xba\xe42\xff\xbc$+Y\x86\x0c\xe4}k\
\x8c\xb1\xa2o\x85z\x7fFZ\xdbr\x80\x98\xa3\xc8\xb3\
<\xe22{)\xe6\x0d\xca7$\xd2\x18\xab\xdc\xcfl\
\xe0u\xbd\xe7\xb9w7\xfe\xc2\xee\x9a;\x99\xce|\xfd\
\xa5K\xfc+\xb2\xd3\xc9\xcc\xf8\x0f\x0d\x19\xc4\xfb\xfc\xc8\
\x01\x98W\xe0c\xfe\xaa9\x16WY\x88\xb1\xe1a\xa6\
\x1d\xae\xb5\xf31\x07(G\x97\xc0\xe7\x8ej\xb9\xee\xdc\
7\xaf\xe3\xab\xfca7\x8f)\xa0\xe3\xff>\xec\x94\xff\
\xc6U\xcbx\xfcK\xc1\x03\xf9\x18;\xc6WQ\x07\xa0\
\x1d\xc0\x98_}\xba\xeb\x1a\x10k\x02\x1aX\xdb\x11\x1f\
\xfb\xae\x0b\xe3z\x9fRZt\x85\xad\xee\xc0\x9c\xe6\xac\
\x0c\xef\xb2\xef\xae\xfcE_\xe1\xd0;o\xb7\xc8\xff\xc3\
\x0f\x0eRb\xf8`^\x03X\x99\xa1\x1d\xc0|[\x89\
2\xee\xd7\x1a\x0d\x88\xd8\x9f\x90\x5c\xeaR\xfd74z\
\x1b\x9f\xcf\xc1\x98\xceD\xbb9F\x8d\xbf{lQ^\
\x02\x1d\xd8\xf7\xc7\x165p\xef\x96[\xf9|\x0f\xd7\x00\
\xfb\x13s\x89\x98\xfb\xc3x[k4\x80\xd8G\xdd\x96\
o\xb9\xcb\x85\xd8?D\x19Qq\xaa\xd8\x8f\xed\x90\xd8\
\xef\xee\xfc\xf9\xfa\xc6\x1b$\xfa\xdb\x1fv\xf3q\xbd\xe6\
\xf8cNa\xcd\xfc\x99|\xce\x07\x1a\x18\xda\x06\x0d\x88\
\xd8\x9f\x9a\x1aOV\xfdA\xa7\xfc\xe3\xa3n\xed\x14\xb1\
\xef\x0b\xfc\xe5\xbe\x81\x85\xde\xfc\xcd\xf3\x0e5\x80>\xc3\
\xeaym\xd7\xc0\x5c%\xf6\x8b\xa5\xf5.\xc4\xfea\x16\
\xfb\x86N\x11\xfb\xbe\xc2_=\x7f\xe0L\x03\x98gG\
;\xe0\xaa\x06D\xecOIM\xe8r\xb1\xefk\xfca\
{\xff\xfbA'\x1ahh\x95\x06\xc4\x9a\xc4\x22\xe9\xd6\
.\x17\xfb\xbe\xc8\x1f\xf6\xf2\x83w\xb7\xac\x81\xb9\xaei\
`\x96\xb2N|Jj\x22I\xfa\x0f\xba\x5c\xec\xfb*\
\x7f\xd8\x8e{6\xf3uC\xcdi\xe0\x92\x8b\x1a\xc0\x1c\
!\xc6\x0a\x0b-\x9b\xbbd\xec\xfb2\x7f\xd8S?\xbf\
\x99\xae\x5c\xbe\xdc\x82\x06\xea\xf9\xb8Ps\x1a\xc0\x18\x11\
\xc6\xecj\x12\x13H\xd2\x1d\xea\x92\xb1\xef\xeb\xfca\xbf\
Z\xbf\xd4\xe1\x9cAK\x1a@\x1c\x83ev\x9c\xab\xb1\
o\xect\xb1\xaf\xf1\x97\xed\xc1\x95\xf3\xe9\xd2\x85\xf3\xad\
\xd2\x00\xd6b\x0e\xd7\x9b\xc8\xac;\xecB\xeco\xec\x94\
\xb1\xaf\xf1o\xb4\xfb\x16\xd7\xd3\x85\xef\xbfw\xa0\x81\x8b\
\xb4zN=%1\x0d\x0cU4\x00=\xc4Gm\xea\
\xd2\xb1\xaf\xf1ojw\xcf\x9bL\xdf\x9f\xfd\xb6\x05\x0d\
\xcc\xe0s\x04\xe0o\x0d\xd13\xb6\x1fv\xe9\xd8\xd7\xf8\
_k\xb7\xd7W\xd3w\xdf\x9cn^\x03\x17\x1b5`\
\x89\xd8\xdc\xe5c_\xe3\xdf\xbcm\xaa\xab\xa23_}\
\xe9P\x03+\xe7,el?\xea\xf2\xb1\xaf\xf1oa\
M\xd9\x842\xfa\xfa\xffN8\x18#\xbaBkV\x9c\
t\x1a\xfb\xe9\xac\xbf_d\x0c\xe5\xcflv\xd4\xfc\xbe\
\xc6\xbf\x1d\xebH\xc6\x16\xd2\xc9c\x9f4\xab\x81+W\
\xae\xd2\x9d\xb7}\xe5p\xae\xdf\xcab\x1fk\x09\xf0\x1c\
I\x8d\xdd\x9a2\x8d\x7f\xd7\xe0\x0f[]5\x9cN|\
\xfc\x91\xc3gE\x1e}\xe8\x14\x99\xf5\xc7\xaf\x89\xfd\x84\
0=\xe7\x8f\xe7\x94'$h\xfc\xbb*\x7f\xd8\x8a\x8a\
,:z\xe8}\x87kHv>\x7f\x86$\x83J\x03\
\xe1\xb7R|\xe8 \xca\xe4\xeb\xc9\xe4\xfc\x8fu\xc5\x0d\
Z\xfb\xdf\xe5\xf8\x8b9\xbeE\x85)\x0e\xeb\x01\xd8\xab\
\xaf\x9c\xa5\x04\xf3q\x8ac\xb1o\x1a\x12\xc3\xd7\x11\xa4\
\x84\x07\xf2=\x0a\x90\x03\xc4\xda\xee\x06\xad\xff\xd7\xe5\xf8\
#o\xaf\xa9.u8W \xec\xefo\x9f\xa34\xcb\
F2\x05\x05\xf0u\xa5b\x1f\x01\xf4\x01\xb0\x8f\x0b4\
 \xf2\xc0lm\xfc\xef\x95\xae\x12\xfb\xe0\xf5\x97\xdf\xbe\
\xec\xd2\x9a\xf2\x83\xff\xfbO\xbaA2\xf05\xc5\xc8\x01\
b/\x81\xe1\xaa<\xd0\x994\xa0\xf1w\x1e\xfb\xabX\
?\xa05{\x0f\x1c\xf9\xf0\x10\x95\xa4X\x95qBY\
\x03x\xc6\x08m\x01\xfa\x03\x18\x0b\xaa\xb3\xd3\x80\xb6\xfe\
\xa7\x13\xc6~\x96\x1c\xfb\xfb~\xf3B\xab\x9f-;~\
\xf4\x13\xaa\xcaN\xe5\xec\xb9\x06B\x06\xd9i@~\xde\
\xa7\xbe\x835\xa0\xf1o9\xf6W\x8c\xca\xa3\x1f/]\
l\xdb^\x12\x9f\x9f\xa0\xf1\x05\xd9M4\x80\x9a\x10\xcf\
\x9aao\xa9\xb1|\x1dI\xc7j@\xe3\xdfr\xec\xbf\
\xf6\xe2\xb3N9\x7fu\xf2\x0b\x87k\x89N}\xf5%\
\xd5\x95\x17\xda40\xd4\xa6\x01y\x7f\xb1\xd6>g\xa2\
\xf1\xf7^\xec/\x1dq\x03]\xba\xe0\xfc\xd9\xf2\x95\xb3\
\xa7\xd3=\xb7\xacr\xa8\x81\xb3g\xbe\xa1\x861\x95M\
4`\xbf\x9e\xcc~_G\xed\xf9\xcf\x8e\x8f\xfd?\xee\
x\xd2)\xfb\x8f?<L\xc3X>\x07\xc7G\xb6\xac\
s\xa8\x81\xef\xcf\x9d\xa3\x05\x93\xaa\xaf\xd5\x80\xb2\xf7\x00\
\xd6\x93\xe1\xb9S\xbe\xb7\x8b\x175\xa0\xf1o>\xf6\x97\
\x94\x0f\xa3\x0b\xe7\x7fp\xca\x7f\xc3M\x0b)W\x1f\xcc\
\xf7\xa0E\x0c\xff\xfa\x8e\x0d\x0e\xf7%\xb9p\xfe<-\
k\x98j{\xceD<o6\xcc\xa6\x81HE\x03\xb1\
n\xdd\xe3W\xe3\xdf\xba\xd8\x9f\xc9b\xffwO?\xe6\
\x94\xfdg\xc7>\xa5\x9c\xd80\xce\xaeZ\xb5w\xc8\xff\
\xdc\xbd\xd1\xa1\x06\xb0\xd6p\xdd\xa2\xb9M4 \xf6\xf6\
\xc3\x5c!\xf6\x1c\x9b\xe8E\x0dh\xfc\xaf\x8d\xfd\x1bK\
2\xe8\xbc\x83\xb5`j\xbb\xe3\x96\xd5\xb6\xf9}\xc4\xad\
z\xef\x86\x1d\xf7lr\xfc\xcc\xe1\xe5\xcb\xb4e\xf5\xb2\
F\x0d\x04\x0b\x0d\x04\xf1\xbd\xe7\xb0\xe7dm\x92\xbc\xc7\
\x9f\xa75\xa0\xf1\xb7\x8b\xfd\x0c\x03\xedy\xe2!\x17j\
\xfe\x93\x94\x1b\x17\xd5d\xdf \xfb\xf9}<c\xe0H\
\x03\xa8\x13\xb6n\xfaY\xe3\xb3\xc7\xc1\xf2\x9aB\xcc\x19\
\xd94\x90\xa8\xd2@\xa6\xb6\xff\x8f7b\x7faQ*\
\xfdp\xee;\xa7\xfc\x1f\xb8}3\x1f\xcb\xc1~\xcc\x8d\
k{\xaee\xf4\xdcVh\xe0\x8a\xc3\xf9\xe3\x87\xb7\xde\
\xc9kA\xf5>\x14\xd0@\x01\xd3\xc0H\xa1\x81T\xcf\
i@\xe3\xdf4\xf6w=\xfa\x80S\xf6\xdf\xb2\xfe\x5c\
\x815\x96\xc7)\xfan\x98\xd7kim\xcfs\xdb\xb6\
\xb4\xa8\x81\xa7\x1e~\x90\xd5\x01\xd7\xf3\xbdh,L\x03\
x\xee(\x83i\x00\xfbO\xa3m\x11{\x906w\x16\
\x85\xc6\xdf}\xb1???\x99\xce}{\xc6)\xff\xc7\
\xee\xdff[\xdb3A\xd9\xb7\xc7\x19\x97\xe7\xb7\xfd\xdc\
a[\x80\xbf\x7f\xe1\xe9'Ib\x1a\x10s\x87\x5c\x03\
\x91\xb2\x06\xb0?PMB\xe3\xfc\xb1;\xc7\x08|\x9d\
\xbf8\xcf\x03\xf9{\xe7\x83[\x9d\xb2\xff\x81\xd5\x85E\
\x89f^\xf7\xe1\xec\x07\x8c\xdd\x81\x89+,\x9e\xbf\xf7\
6\x87\x1a\x80\xedyi'I\xa1\x83)N\xcc\x1f3\
\x0d`_\xaa\x5c}\x88m\xfeX\xcc\x19\xa8\xdb\x83\xf6\
\xe8\xc0W\xf9\xab\x9f\xdd\xe7g+\x0dO\xa0\xb3\xdf\x9c\
r\xca\xff\xb9'\x1f\xe7\xe3\xb78\x8f\x03}\xb5))\
\xad[\xd7\xf9\xd2\xf6;[\xd4\xc0\x9f~\xbf\x97\x86F\
\x0c\xe1\x1a0\xdb\xad!(\x8d\x0b\x97\xc7\x0a\x95si\
l{\xc1\xb6c\x7fH_\xe0o\x7f\x9e\xdb\x1c%\xe6\
\xc1\x0d\xb1\x84\xb9\xd8g\xee\xbd\xc3\xa59\x9dqE\xb9\
2\xff&gC\x18\x9c\xee\xd3\xa9\xfe\x7f\xffxuo\
\x8b\x9f\xb1\xff\xf5}\x94\x14\x13n\xd3\x80\x983\xc0x\
1\xc6\x08P\x17b\x0f\xf8:\xbe\x17t\xacm\x8f\xe2\
\xb6\xec\x15\xda\xdd\xf9\x8b5\x1c\xea\xf3\xe2\x10\xefh\xb3\
\xf1<\x06\xdfS;;\x9e\xce\x9c\xfa\xda)\xfb\xa3\xff\
\xf9\x98\xd5gr_]\xf4\xfbk\x95\xda\xac\xc9\xf9l\
vyY}n\x1d~f\xc5H\xe7\xf3\x0a\xef\xfd\xf3\
\x00e[\xe3\xc8\xc84\x80\x9a@\x8c\x11\xa0o \xce\
\x02\xc2\x981\xea\x0f\xb4\x09\xc8\x07\xf5\xaa{pU\x03\
\xdd\x99\xbf`/\xe2\x1c\x9c\x103\xc8\x9f\x13\x94\xf3\xc3\
\xc0p\xf73\xae\xed+\xff\xe2\xb3O\xcb99T\xee\
\xa3\xf1\xf1:%\x16\xc5\xf9l\xe8\xaf78\xd8#\xa6\
A\xdc\x03\xe3\xf5\xb7\xd7\xfe\xe0\xf4\xf3N\x1c?Nc\
\x8b\xf3\xc988\xa0qM\x99\xb2\x96\x04\xb9\x00}\xc4\
r\xe5\x9c\x02\xb1_=\x9e3\xb0\xd5\x07.h\xa0\xbb\
\xf3\x97\xcf\xea2p>\xf0\x11\xc6\xd8\xc1\x1c\xf1\x83s\
\xbb\xd6\xce\x9e\xe6p\xce\xc6\xde\xb6\xdd\xb6\x99\xe7d\xf4\
\xd3\xc5\xb8=\xf6\x0c\xc5{a\xfc\x1fz\x82\xae\xec\xd7\
\xfa\xaa\xcf\x8b\xc3\xffG\xdc>u\xdf\x9d.}\xe6\xf9\
\xf3\xe7i\xe3\xea\x15\xecs\x07\xda\xda\x031V\x84\xb3\
\xaf\xa0\x03\xf4\x110\xff\x84z\xb4\x9a\x9f\x0f\xd1t\xff\
R_\xe6\x8f|\x0f\xbfc\x8c\x0e54b\x06\xe36\
\x18o\x9fS=\x92\xce}\xf7\x9d\xcb\xeb9\x1e\xb8\xeb\
\x17\xb6X\x94T\x0c\xa0\x03\xb4\x07\xd0\x13\xfaj\xd0\xd9\
T\xd5\x98\x8d8/\x8c\x9f\x17\xc7\xf2\x05~\xee\xc9\xed\
\xdbZ\xb5\x96\xe4\xcd?\xbfFE\xe9I\xfc\xf3\xd5:\
@?1%Bn\x17rUg\xc4MIi<\xb3\
\xc6W\xf9\x8by\x5c\xcc\xcba<\xb5\x80\xc5\x09\xfc\x94\
\x1a5\x84\xeeX\xbf\x86\xc7Vk\x18\x1c:\xf8>\xef\
\x9f\x896\x19\xf9\x18\xf37`\x80| \xc6lF\xaa\
\x9e\xf7\x13u\x07\xf2>b\x13k>\x8a%\x1d}\xca\
j\x89\xd6\xae'\xc2\xfc\xe1\xe3\xbf\xfc/V\x17\x18\xb9\
\x06\x84\x0e\x90\x8fD\xbb \xaf5\x8epy\x5c\xa2\xbb\
\xc7?\xf8#\x1f\x8eM`\xf10\xb2\x98\xb6\xdf\xbe\x99\
\x8e~|\xa4\xcdgE\xfc}\xff[4\xa3z4\xc5\
G\x063\x0d\x0c\x94\xc7\xec\x94X\x14\xfb\xc7\x821r\
\x808\xa3\x09\xfcy}\x96\x9bL\xb7-\x9dOG\x0e\
}\xd0\xae\xf3*.\xb0\xda\xf1\xb7/\xbfH\x0b\xa6M\
\xa64C\x14\x99\x94{HP\xea\x92\xe6\xce2\xf05\
\xfe\xd8\xf3\xf1\xf0\xbbo\xd3\xb1\x0f\xffE_\x9e8\xce\
\x9f\xdbm\xa9\xdf\xddZ\xc3~\x00\x98\xff=t\xf0=\
z\xe7\xaf\xfb\xf9>\xc2\xb63\xdaT\xfe\xff\xd5\x86\xe5\
\xf4\xf9\x7f\x8e\xd0\xd9\xd3\xa7\xdcv^\x89\xfd\x5c\xe2\xb1\
\xa3\x9fPiz\xa2m\xee\xa0H\x19\x97vel\xa2\
;\xc7\xff{o\xed\xf3\xcayA\xb0)\x15\x85\x9c=\
\xda`\x9c\xdd\x8b\xf8\x07\xff\x8duUn\xd5\x9d#\xdb\
\xb2j)g?\x5c\xb5\xc6|\xaa\x8f\xf3\xc7y\x10\xde\
\xe2\xff\xd0\xed\x1by\x0d\x8e\xb6W\x8c\xd1\xf1\xf67\xcb\
D\xa7\xbf\xf8\xdc\xe3\x9f\xff\xda\x9e]\xca\xe7\xcb\xe3\x02\
\xb5I:\x97\xce\x08\xec\xce\xfc\xb7L\x1b\xed5\xfe\xef\
\xbc\xfe\x1a\x8fy\xd4]bo\xc0\x99J\xfd\xff\x97\xdd\
/x\xfc\xf3O\x7fu\x92\xc6\xf3\xfd\xe8b\x1a\xcf\xad\
\xcb\xf0\xed\xfao~\x8e\x85\xbeua\x5c\xcf\x1d\x86}\
\x83\x1a\xb2\xcc<\xe6\x1bl\xf33\xb2\xef\x1f^{\xa3\
W\xce-\x5cW[\xc9\xc7\x83\xed\xcf\xad\xf3\xe5\xf1\xdf\
=\x8fm\xa7\xf7\xff\xfa\xbal\xfb=kk\xc7\x16\xd8\
\xce\x8dS\x8f\xfd--N\xa3\xf7\xf6\xef\xf3\xf8}\xdc\
\x7f\xd3\xac\x16\xcf\xad\xd3\xe6\xff\xae\x9d\x0b\xf2\x94u\xf6\
{\xe8p\xfeY]g\xff\x87\xeelM\xf9g{\x94\
\xbf\xc1`\xd0\xf8wF\xfe\xe3e\xfe\xa3\x0b\x1a\xf9\x83\
\x95;\xf9GEEq\xfeF\xce\xdf\xa2\xf1\xeft\xfc\
+\xc0\xbf\x0cl\x8c\x0a\x7f0s\x03\x7f\x98\x7fdd\
$\xcf\xffF\xb39\xd4b\xb1\xe84\xfe\x9d\xc3\x160\
\xfe\xcb\x18\xff5\x93*\xa827\xab\x00l\xc0\x08\xac\
\xc0L\xe1\xef\xd7^\xfe\x11\x11\x11\xe0\x1f`0\x99\x82\
\xcd\x92\xa4\xebJ\xfb?uw\xfe\xcbkJ\xc1\xffR\
Zrb2\xd8\x80\x11X\x81\x99\x9b\xf8\xf7\x0c\x0d\x0d\
\xed\xa3\xd7\xeb\x03\x0cqq\xc1&I\x8af\xfc\x7f\xaf\
\xf9\xbf\x13\xf0/H\xa2\x15\x8c\xff\xaa\x89\xe5\x87\xcd\x92\
\xd5\x026`\x04V`\xa6\xb4\xdf\xed\xe6\x1f\x14\x14\xd4\
G\xa7\xd3\xf57\xc6\xc5\x05\xb1\xfa\x22\x92\xe5\xff=\x9a\
\xff;\xde\x162\xfe+k\xcbhqu\xe9\xe3\x16I\
2\x81\x0d\x18\x81\x15\x98\xb9\x8b\x7f@@@\x1fVO\
\xf6g\xda\x0a4\x99\xcd\xe1\x0d\x99\xa6\xc75\xffw\xbc\
-*NC\xed\x7f\xb5\xba(g4\xab\xfd\x8d`\x03\
F`\x05f\xed\xe5/\xfa\x00\xbdz\xf5\xf2\x8f\x89\x89\
\x91\xfb\x00\xac\xbe\x98\x96aZ\xae\xf9\xbf\xe3mIe\
6-\xad)}\xd5\x22Y\xadf\xa5\xf6\x03#\xb0\x02\
\xb3\xf6\xd4\xfe\xf6}@VO\x88\x1a hD\x8a9\
sn\x96\xe9\xaa\xc6\xa0cm\xf9\xb8\xa2\xb3\xac\xee\xaf\
`\xfcM&\x96\xfb\xc1\x06\x8c\xc0\xaa\xbd}?\xfb6\
 00\xb0\x0f\xd3\x15o\x03X;\x13>;\xcb\xf4\
\x96\xc6\xa0\x03\xdb\xfe\xbc\x84\xab\xd3+\xf3\x963\xf6\xf1\
\xca\xb8\x0f\xcf\xfd`\x04V\xee\xc8\xfdj\xfe\xec\x12m\
\x00\xef\x07NN7Mb9@c\xd1\x11\xf3 \xcc\
\xear\x12nc\xec\xd1\xe7\x93c\x9f1\x01\x1b0\x02\
+w\xf1Wk`\xc8\x90!r\x1dh4\xa2\x0e\x0c\
\x9d\x95e\xda\xab\xf1\xf0\xbe\xb1\xfa\xfbMI\xb2\xa62\
\xfe\x16\x16\xfb\xba8\xb4\xfb\x8c\x09\xd8\x80\x91;\xd9\xdb\
\xe7\x00\x8c+\x8b:\xa08\xc9l\x9d\x93e:\xaa1\
\xf1\x9e1\x7f\x7f\x9e\x9b(\x15\xc95\x9f-\xef\xf3v\
\x1fl\xdc\x1d\xfb\xf6\x1a\x180`@\x1f\xd1\x17\xc0\xe7\
\x8eN1\x0dc\xed\xc0g\x1a\x1b\xaf\xb0\xff\xa2<\xd9\
2\x9a\xc7\xbd\xc4\xd8\xcb\xfd\xbd Q\xf3\x83\x8d'\xd8\
\xab\xf9\xa3\xae\xb4\xb5\x03\x8a\x06*\x92\xcd\x89Z=\xe8\
Ycm\xed\xbbEI\x96\x223\xab\xf5\xd1\xd7\x13q\
\xaf\xcc\xf5\x89\xbc\xef\xef)\xfe\xf6\x1a\x08\x09\x09i\xa2\
\x01\xabd\x0e\x9f\x96iZ\xce4zL\xe3\xe5\xde|\
_\x97a\xda\x10o\x95x\xbeg\xb5^4o\xefU\
\xec\xc1\xc2\xd3\xec\x9b\xd3@pp0o\x0b\xf8\xdc\x10\
\xeb{\x18Y\x0d\x9ad5G\xb3\xbeA\x1d\xabQ\x9e\
`9\xe1]\xdc?k\x1f\xbefvZ3\xe7\x06\x7f\
1\xbf\x1d\xa8\xcf4=]\x9bn\x9e\x9dh\x95,\x98\
\xd7\x05w\x8c\xef\xc1\xc7\xf05|\x0e\xdf\x83\x81\xb7\xd8\
7\xa7\x81\x81\x03\x07r\x0d\xf0\xb1\x019\x17\x04\xa2/\
\x82u\x08\xb8_\xdc7\xe6\xa5\x90\xb3\xa0_\xc5\x8c0\
\x8b\xc4\xfe\xb4\x99\xd5\xc7L\xfe\xde\xdc\x07\x16\x9b)\xfe\
a\xbeb>\x13\xcc\xf9\x9a\x0e\x85\xbb\xd2\xd6\xf7\x87\xcf\
\xe1{o\xb3oF\x03=\xfd\xd9\x85\xf9&\xa1\x03\x9e\
\x0f\x8cF\xae\x05\xccG@\xb3\x18\x9b\xe4\x9a\x90-\xdc\
f\xd0\x88/\x9b\xda\x17\xcc7\xf0\x11|\xc5}\x86\x1c\
\x0f\xe6\xcc\x97J\xbcs\xee\xf05|.\xfc\xefm\xf6\
\xcdi\x00:\xec\xdd\xbb7o\x13\xd0\x0fA\xbb\x84y\
(\xf4Kp\xefX\x93\x00\xe3\xba`}U%O\xa0\
\xcd\x80F|\xd3\xd8w\x87\x0f\x14\xc6\x82\xb3\xb0\x00\xf8\
\x0e>\x84/\xe1S\xf8\x16>V\xc5|\x87\xb1oA\
\x07\x5c\x0b\xfd\xfa\xf5\xf3\xc7\x1cdXXX\x1f\xacE\
Qr\x037\xe5\xfbhfgj\x1f\xc1g\xf0\x1d|\
\x08_\xda1\xef\x14\xdc\x1d\xe8\xe0\x1a-\x08\xc3\xd8\x04\
\xe6\xa5\xfa\xf6\xed\xabY3\x06\xdf(\xe37jk\xc2\
\xbc3rw\xa2\x05{=h\xe6\xba\xf9u%\xe6\xda\
\xa5]\xda\xa5]\xda\xa5]\xda\xa5]\xda\xa5]\xda\xa5\
]\xda\xd5y/\xea~\xd7\x1bM\xbf\xdcO\x8d_V\
\x8f\xd7\x17\x1b_\xf7\xc5\xebo\x1b_\xf7\xc2\xebOU\
\x83\x18M\xdfN~\xc3\xcd\xaa\xd7\x9b\xd8k\xbf\xa6\xaf\
\x7fR\xbf.\xbc\xf6\xf5\x95V\xbe\xbe\xa8\xbd\xd6^k\
\xaf\xb5\xd7\xbe\xf0z\x93]\xfe\xb3\x7fMM_\xf7h\
\x9a\xde\xafy\xcd\xf3\xb9\x9f]\xbeW\xe5\xef\xeb\xed\xf2\
\xbb\xde\xae=@zW}`\x8fn\xd8X\xfe?\xdb\
\xfb\xa6\x0c\
\x00\x00\xb0O\
\x89\
PNG\x0d\x0a\x1a\x0a\x00\x00\x00\x0dIHDR\x00\
\x00\x01\x00\x00\x00\x01\x00\x08\x06\x00\x00\x00\x5cr\xa8f\
\x00\x00\x00\x09pHYs\x00\x00.#\x00\x00.#\
\x01x\xa5?v\x00\x00\x04\xeeiTXtXML\
:com.adobe.xmp\x00\x00\
\x00\x00\x00<?xpacket beg\
in=\x22\xef\xbb\xbf\x22 id=\x22W5M\
0MpCehiHzreSzNTc\
zkc9d\x22?> <x:xmpm\
eta xmlns:x=\x22ado\
be:ns:meta/\x22 x:x\
mptk=\x22Adobe XMP \
Core 9.0-c000 79\
.171c27f, 2022/0\
8/16-18:02:43   \
     \x22> <rdf:RDF\
 xmlns:rdf=\x22http\
://www.w3.org/19\
99/02/22-rdf-syn\
tax-ns#\x22> <rdf:D\
escription rdf:a\
bout=\x22\x22 xmlns:xm\
p=\x22http://ns.ado\
be.com/xap/1.0/\x22\
 xmlns:dc=\x22http:\
//purl.org/dc/el\
ements/1.1/\x22 xml\
ns:photoshop=\x22ht\
tp://ns.adobe.co\
m/photoshop/1.0/\
\x22 xmlns:xmpMM=\x22h\
ttp://ns.adobe.c\
om/xap/1.0/mm/\x22 \
xmlns:stEvt=\x22htt\
p://ns.adobe.com\
/xap/1.0/sType/R\
esourceEvent#\x22 x\
mp:CreatorTool=\x22\
Adobe Photoshop \
24.0 (Windows)\x22 \
xmp:CreateDate=\x22\
2024-10-16T23:34\
:54+08:00\x22 xmp:M\
odifyDate=\x222024-\
10-16T23:44:17+0\
8:00\x22 xmp:Metada\
taDate=\x222024-10-\
16T23:44:17+08:0\
0\x22 dc:format=\x22im\
age/png\x22 photosh\
op:ColorMode=\x223\x22\
 xmpMM:InstanceI\
D=\x22xmp.iid:1f243\
8fe-6457-d140-b4\
be-a891d30e4eb2\x22\
 xmpMM:DocumentI\
D=\x22xmp.did:1f243\
8fe-6457-d140-b4\
be-a891d30e4eb2\x22\
 xmpMM:OriginalD\
ocumentID=\x22xmp.d\
id:1f2438fe-6457\
-d140-b4be-a891d\
30e4eb2\x22> <xmpMM\
:History> <rdf:S\
eq> <rdf:li stEv\
t:action=\x22create\
d\x22 stEvt:instanc\
eID=\x22xmp.iid:1f2\
438fe-6457-d140-\
b4be-a891d30e4eb\
2\x22 stEvt:when=\x222\
024-10-16T23:34:\
54+08:00\x22 stEvt:\
softwareAgent=\x22A\
dobe Photoshop 2\
4.0 (Windows)\x22/>\
 </rdf:Seq> </xm\
pMM:History> </r\
df:Description> \
</rdf:RDF> </x:x\
mpmeta> <?xpacke\
t end=\x22r\x22?>\x19\xcbh0\x00\
\x00\xab\x07IDATx\x9c\xec\xfdwx\x1cgv\
\xe6\x0d\xff\xaa\xaas\xeeF\xce9\x12 @\x829H\
\x94D\x05*k49x<\x9e\xb1\xc7y\xedu\xf8\
v\xf7\xf3\xbe\xbb\xde]\xefz\x93\xed\xf5\xeb\xb0\xf6\xe7\
0\xc13cO\x1ee\x89\xa2\xc4\x9cI\x90\xc8\x19D\
\x0e\x9ds\xae\xfa\xfeh\x00$%Rb\x00@j\xa6\
\xef\xebb@\xa3\xaa\xeb\xa9\xeez\xee\xe7<\xe7\xdc\xe7\
\x1cA\x10\x04\x96\xa1(\x0a\xdb\xb7|\x9c\xcf>\xf3o\
\x99\x9c\x19'-(h$\x11A\x10\x90D\x01\x11\xf0\
E\x92\xa0\xa4r\xcd\x06\xd5\x9ep$\xb0\xddb\xc9k\
\x95\xe5t\x8e(\x88fP\x04@!\x8b,\xb2X+\
\x08 \xa0(J\x0cA\xf0\xa9%\xa1\xdf\xed\x89]L\
\xa6\x95S\x05\xf9\xda\xfeXR!\x18N\x00Q\x0a\xec\
\xc5\x8c\x8d]\xa0\xbc|\x03g:_\xe6\xad#\x7f\xc7\
\xb5\xf3\x1d@u+WT\x96\xfe\xc8\x8a\xb2\xc3\xacW\
\xff\x86 \xa8\x9fW\xa9T\x86\x1c\x87\x85d2\x86$\
J(\x8a\x92\x19[\x16Yd\xb1\xe6\x10\x04\x01\x01H\
\xa6\x95\x87\xed\x0e\x1d\x82\x02\xc9d\xfa\x98\x84\xf4\xb7\x08\
\xf2?\xa5\xd3\xe9[z\x1f\xf1\x83~\xa9(\x0a\x8a\xa2\
 \x0aB\x87(\x0a\xaf\x89\x92xJ\xad\x12?\xab\x92\
D\x83,\xa7I&c+\xc7e\x91E\x16\xeb\x8b\xe5\
%WN+\xa4\x15\x05I\x90\xf6J\xa2\xf0M\x8b^\
;j\xd4\x19?\xa7(\x0ar:\x85\xac\xc8\x087Y\
\x9coH\x00\x02 \xcb\x0a\x02\x82V\xa3\x16\xff^\xad\
\x12\xcf\x8bp\x00@V\x14\xe4\xec\x84\xcf\x22\x8b\xfb\x0b\
\x0a(((\x8a\x8cFRW\x9b\xf5\xa6\x7f\x92D\xd5\
)\x95F\xb3KBD\xb9\xc9\xce\xfc\x86\x04\x90V\x14\
T*\xa1\xce\xa0Q\xf7J\x92\xf4\x0b\x8ar\xb3\xd3\xb3\
\xc8\x22\x8b\xfb\x0d\xb2\x22\x93N\xa7I\xa6\x22;\x8a\x8b\
\xeaO\xe4\xe7U\x7f\xd9\xe3\x9f\x03\xdeo\xad\x8b\xcbf\
\xfe\xf2/\x12\x898 :\xf4z\xf59IE\x8d,\
g\xa7~\x16Y|\x14\x91N\xa7\x91$5\xc9T\xec\
\xef\x8a\x0bj\x9f\xab\xa9\xec@\xaf3_w\x8c\xa8V\
\x1bX\xfe\xa3R\xe91\x19\xcc\x95\x82H\x9f\xa2`\xcd\
Z\xfaYd\xf1\xd1\x85 \x08\xc8r\x1a\xa7{\x82\x1d\
\x9b\x9f\xff\xf1\xef\xff\xca\xb7\x7f\xd3\xa03s\xed\xa2/\
<\xf3\xdc7\x00H$\x15r\xcc\x82T[d\x18\x17\
\x04mYZ\xbe5/b\x16Ydq\xbfCA\x12\
\xd5h5\x06N\x5c\xfc\xc1#\xde\x88\xfb\x1d\x8dZ\x07\
\x80\xaa\xd0Q\x08@JV(\xb2K\x7f\xad\xd3\xa4\xca\
B\xd10\xa2(\xdd\xd2[K\xa2\x0a\xb5\xa4E\x12n\
\xed\xf8,\xb2\xc8\xe2n!\xa0(2I9A2\x9d\
\x00d>8\x04/\x90J'IE|<\xfa\xc0/\
|k&8U\x14\x0e\xb9\x01\x01\x95\xd1\xe0\x22\xad\xc8\
hDu\x85F\xd0\xffb$.\x7f\xe8\xe4W\x14\x19\
\xad\xca\x80^m\x22\x9c\xf0\xe3\x09\xcf\x11OEW.\
\x96E\x16Y\xac\x152\x0ey\x95\xa8\xc6\xa4\xb5b\xd3\
\xe7\x91\x96S\x84\x13\x01\x14\x94\x9b\x86\xfb\x04A\x00A\
 \x1e\x09\x16\xce\x8e\xf6\xfc\xf6\xc8\xec\xc0\x9fj\xd5z\
T)9\x81\xa2\x80F\xa5\xfb\x9b\x0f\xf3\xf7e. \
b3\xe4\x13\x89\x0787\xf9\x16\x93\xde~\xc2\x89\x00\
\xa9tr\xe9J\xab{\xbbYd\x91\xc55X\x9a\xa3\
\xa2(\xa2U\x19(\xb2T\xd1X\xb0\x95\x22K\x15\xe1\
D\x80x*\x8a(\xdc\x5c\xde\x13\x08{h\xad\x7f\xe0\
OL\xb9\xb9\xff\xe8\x09\xce\xf8T\x9a\x94\x01Q\x12*\
U\x82\xeaqY\x91?\xe0\xba\x0a\x92\xa0\xc2\xac\xb33\
\xee\xee\xe1\xf4\xf8k8\xc33hUz\xb4*=*\
I\xbd\xda\xb7\x9aE\x16Y\xdc\x04\x8a\xa2\x10I\x04\xe8\
\x9e=\xc1\xb0\xb3\x93\xd6\xe2=l)\xdb\x8f$\xaa\x88\
$\x827'\x01A\x04d\x92>\xef\xefxg\xc6\xff\
\xbd\xf0o~\xe9%\xd4Z\xfe\x1e\x95\xfc\x0b\x1f0\xff\
\x01\xb0\xeas\xe9\x9a9\xca\x91\xd1\x1f\xa2\x165\x98\xb5\
\xf6%B\xca\x86\x0b\xb2\xc8\xe2^@\x10D\x12\xa9(\
\xbe\xa8\x8b\xc6\x82\xad\xec\xaf\xff\x0ci%E,\x19y\
\x9f\xee\x7f\x19i9\x85Ak\x09i$S\xbe\xb4\xab\
\xfd\xe3jQ+|G\xf8\x80\xbc\x00E\x91\xb1\xeas\
\x99\xf0\xf4sp\xf0[\x18\xd4&\x8cZ\xebM\xd5E\
Yd\x91\xc5zAA%\xaa\xd1kLLz\x07H\
)Ijs\xdbI\xa4c7=C\x14DR\xa9\xb8\
&\xae\xc4.\x89*mz\xbb(\x08\xda\x0f\x8a\xf9k\
T:b\xa90g'^G\x12U\xe8\xd4&\x94\x0f\
3\x17\xb2\xc8\x22\x8bu\xc1\xb2o\xcea(\xa4{\xf6\
$c\xee\x1e\xcc:\xc7\x07\xe6\xe8\xe8\xf5\x16\x02\x81\x85\
\xc7EAR\xed\xfd\xb0\x0b\x18\xd4\x16\x06\x16\xce\xb1\x18\
\x9a\xc2\xa2ud'\x7f\x16Y\xdcwPPI\x1aD\
A\xa4w\xfe$\xc9t\x1cI\xbcy\xb2\xaf\xa2\xc8\xa8\
D\xf5FQ\xad\xd6nH\xa7S7=P\x14$b\
\xa90\x93\x9e\x01T\xa2f-F\x9eE\x16Y\xac\x02\
\x14E\xc6\xa4\xb52\x1f\x98`.0\x8e^m\xbc\xe9\
\xb1\xd1X\x10\x8b9\xcf&\xba|\xb3yF\x83\xf5\xa6\
\x07\xaa%\x0d\xc1\xb8\x97P\xc2\x8fF\xa5\xcf\xee\xfb\xb3\
\xc8\xe2>\x86(H\xa4\xe4\x04\xfe\xa8\xeb\x03-\x00Q\
\x94H\xa7\x93zQ\xa3\xd6\xe9?\xd8\x02\x10I\xa6\xe3\
\xa4\xe5\xe4\x07\xc6\x17\xb3\xc8\x22\x8b\xfb\x03\x8a\x22/9\
\x01?T\x94\xa3\x12\xcd:\x1b\xb1d\xf4C\x8e\xbb\xb9\
\xc2(\x8b,\xb2\xb8\xdf \xdc\xb2\x9d.\xa6\xe5\x94\xf2\
\xe1+{v\xf2g\x91\xc5G\x09\xb7\xba`gm\xfa\
,\xb2\xf8\x19F\x96\x00\xb2\xc8\xe2g\x18Y\x02\xc8\x22\
\x8b\x9fad\x09 \x8b,~\x86\x91%\x80,\xb2\xf8\
\x19\xc6-5\x06\xb9{\x08(\xa2pCm\xf2\xea\xc5\
\x17\xee6P\xb9\xc6\x02\xa7[z\xfb\xac\xc8*\x8b\xf5\
\xc5\xba\x10\x80 \x08\xa4c!\x12\x890\x82x\xbd\xd1\
q}C!\xe5\xea\xcf\xca5\xaf]\x7f\xc6\xd5\xbf\xaf\
!\x94\xf7\xa7%+\xd7\xbd\xf7\xfb\xe9Ax\x0f\xfb\xdc\
\xf8\xf7\xc2{_\xbb\xee\xbf78\x07\x10\xae\xfd\xddJ\
J\xe65#x\xefk\xd7\xa5m\x0a\xd7\x9f\xbf2\x88\
\xe5\xf3\x85\xeb\xae}\xa3\xf3\x97\xaf!\xbc\xef\xb5\xf7\x9c\
\xf7\xde{\x82\x9b\xa4\x90\xdeh\xec\xb7\x86;&\xe5\xa5\
\xefN\xb8-N\xfc\x80\x83\xd7\x82\x80oz\xf8G\x87\
\xc8\xd7\x9e\x00D\x91p\xc8I\xad\xae\x9c\xa6\xfa\xcf\x12\
M\x04\xc9\x14\x1eQ2S[Q\x96\x1a\x1ad\x1a\x90\
-[\x09\x8a\x22\xafLr\x05y\xe9\xb5\xa5\xff\xaf4\
APV\xdeGQn\xf0\xfa{\xff}\xcfk7\xbf\
\xfe\x0d\x8e\xbb\xc5s\xae\xfe\x9e\x1b\x9e\xff\xfe\xe3\xb9\xfe\
\xbeQ@^9c\x89\xe4\x96~\xbe\xe6>\x96\x09\xee\
\x9a#a\xe5\xf3\xba\xe6\xbd\x14\xae\xf9\xe9\xfa\xd7\xe1\xfd\
\xe7_7\x8e\xe5\xe3\x95\xf7\x9e\xbfr\xb1\xab\x7f\xbf\xa7\
3\xdc\xb5\xc7\xdch:\x5c\xf7N\xca5]%W\xfe\
}\xcfb\xf0^\xc2\xbd\x86D\xdf\xff\xda\xd2\xeb\xc2{\
\xe8\xee}\xa4}-\xc3\xbf\xff}\xae\x12\xee\xf5d,\
\x5cC\xb2\xcb\xaf\x0b\xef\xf9\xf9\xea\x8fwB\xe4\xd7\xd3\
\xa6(\xaaP!\x82\x92~\xdf\xef\xee\x16\xebb\x01$\
\x93\x11\xcc9\xf9\xd4T>H0\xec\xe4\xc6\x0cy\x93\
\xb5\xf6}\xf7\xfb\xfe\x0f\xe0&U\xd0\xae\xf9\xff\xf2\x83\
\xac|\xc0k\xd7<\x8c\xef\xb1$\xae\x7f\xedF\xc7)\
\xd7\xfc\xb3L\x02W'\xf0\xcad\xfa\x90\xd7\xdeG\x04\
\xd7Nfe\xf9\xf8\xab\xaf\xf1\x1eB\xba!1\xbd\xf7\
\x98\x1b\x10\xd9\x0aa\xdd\x84\xacnx\xecu\xbf\x93\xaf\
\xb9\xee\xb5D}-Q]C\xd07\x19\xeb\xd5{\x95\
\xaf{\xed\xda\xef\xe8}$\xbc\xfc\xff\xf7\x10\xdf\x07\x93\
\xff5\xc4w\xb3\xf7\xbb\xe6z\xef'\xe0\xf7~V\xd7\
\xbf\xdf\xca1\xf2\xca;\xde\xf0\xbbT\xde{\xfc5\xc7\
^}\x062\x9f]\xda`F\x91\xd4\x08\xab\x9c\x89\xbb\
\x0e\x04  \x8a\x99\x04\x85`x\x91P\xd4\xc3\x8d\x09\
`\xbdq\x03\xc2\xb9)\xb9\xde\x0e\xeb^\xcb\xfe\xef9\
wy\xf5\x10o\xcc\xf4\xc2\x8a\xf9\xff\xfes\x85\x9bl\
Yn\xb4\xc2]g\xde\xdfp\x0bt\x83\xd5q\xf9\xa8\
\xf7\x8d[\xb8\xe6\xb3y\xffx\xdf\x87\x9b\x8e\xff\xc3p\
k\xc7^\xb5^\xae'\xdf\xf7\x92\xbb\xf2\xdecV\xc8\
y\xf9\xa5kH\xe5=?_=\xe5\xfd\xc4ys\x22\
\x7f\xcfD\xbf\x11\x91_C,\x1f\xf4\xda\xb5\xc4m\xd4\
\xd9\x98\x9c9\xc7\xc9\x99\x83\xa8\xac\x85\x08\xab\x5c\xad\x7f\
}\x9c\x80\x0a\x08\x887-Qto\xa0\xbc\xff\xa7\x9b\
\xf2\xd2\xed\x13V\xb6\xa9\xcaz\xe1\xfe\x22r\x81[ \
\xeb[\xfa]\x86^\xcd\xc6|\x8c\xa1\x19\xe4iyM\
\x1e\xaau\x8a\x02(K\x93\xff~\x22\x80,~:\xf0\
\xd3M\xe4*\x95\x96d2\x8a\xb0F\x99\xb8\xf7@\x07\
\x90]\x1a\xb3\xc8\xe2\x96\xa1,\xdb\x02\xcb\xde\xd0\xd5\xc5\
\xba\x11\x80 \x88\xb7\x1dB\xca\x22\x8b,\xc8\x84t\xd7\
h\xee\xac\x0f\x01(\xd9z\x02Ydq\xe7X\x9a;\
k`<\xaf\xa3\x05 dI \x8b,n\x1b\xca{\
\xf4\x04\xab\x8b\xac\x05\x90E\x16\xf79\x96\xc3\xc3\xcaG\
\xd9\x07\x90\xdd\xffg\x91\xc5\xed#3\xe5\xd7.\x82\xb6\
~[\x80\xac\x05\x90E\x16w\x00eM\x17\xcf5'\
\x00EX6a\xb2\x99\xc7Ydq\xdbP\xae\x11\x17\
\xad\x01\xd6qV\xdez\xa5\xd2,\xb2\xc8\xe2Z\xac]\
\x08}}\x08@\xe0>\x93\x01g\x91\xc5G\x07\xc2\x8a\
B\xf8\xa3\xea\x04T\xb2>\x80,\xb2\xb8\x13((\xd7\
(\x01W\x1f\xd9\x8dy\x16Y\xdc\xefX*\xee\xb2\x16\
[\xe8,\x01d\x91\xc5}\x0ea\xb9(\xc9GY\x09\
\x98E\x16Y\xdc\x09\xd6\xd6u\x9e%\x80,\xb2\xb8\x9f\
\xa1\xb0\xb4\x05\xf8\x88g\x03f\x91E\x16w\x86\xac\x13\
0\x8b,~F\xa1\xc0\xb5q\xc0UG\x96\x00\xb2\xc8\
\xe2\xbeF&\x0c\xf8S\xa0\x04\xcc\x22\x8b,\xee\x0ck\
%\x03\xca\x12@\x16Y\xdc\xf7\xb8Z\x0f \xeb\x04\xcc\
\x22\x8b\x9f1(\xac\xa5\x8e6K\x00Ydq?C\
\xb9F\x08\xb4\x06X\xd7l\xc0,\xb2\xc8\xe2\xf6\x90\x89\
\x02\xac\xdd\xecY\x17\x02P\x94\x14\xc8*tZ\x07\x82\
p\xe3.\xc1Yd\x91\xc5\x8d\xa0 ,O\xd3\x8f\xa6\
\x14X\xc0\xa0\xb31\xb3p\x8aSg\xbe\x83\xa0\x981\
\x99\x1cd\xfb\x03d\x91\xc5-\xe2#\xed\x04T\x14\x5c\
\xae \x9f\xfb\x85\xe7x\xfe\xf3%\x9c:\xf77\x9c9\
u\x0c%m\xc6`\xb0\x91%\x82,\xb2\xf8`\xace\
=\xedui\x0d\xe6\xf7{),\xa8\xe2\xa9\xe7\x9e\xa3\
\xbe\xb1\x8e\xc3o\x9f\xe7\xcc\xf1\x1f\x10\x0f\x15\xb2m\xeb\
\xe3\xc8\x84\x88F\x03\xd9\xb2aYdq#\x08\x19'\
\xe0GV\x07\xa0V\xab\xf1z=\x00l\xda\xf4 \xbf\
\xfd{\xbf\xc3\x7f\xfb\xf3_\xa2\xb2i\x91\xd7\xdf\xfa\xdf\
\x0c\x0d\x0cb6\x15!I\xaa\xac\x7f \x8b,\xae\x81\
\xb2\xa2\x04\x5c\x1b\xackc\x10\x00Y\x96Q\x14\x85\xaa\
\x8av\xfe\xf4/\xfe\x82\xff\xef\x7f}\x11\xd1x\x86C\
\xef|\x9d\xf9\xd9\x00fS\x11j\xb5v\xa9G|\x16\
Y\xfc\x8cce=\xfc\xa8\xfa\x00n\x00EQ\x90\xe5\
\xcc\x04\x7f\xfc\x89O\xf1\x8f\xdf\xfa\x1a\xbf\xf2\xbb\xbb1\
8zx\xe3\xad\xbfdq\xde\x8b\xddV\x96\x8d\x18d\
\x91\x05k[O\xf3\x9en\xbaeY^\x22\x02\x81\x17\
^\xfc<\x7f\xf2\x97\x7f\xc8\xaf\xfe\xde^\xe6</\xf3\
\xfa\xeb\xff\x84\x926a6\xe5f\xad\x81,~\x86\xb1\
\xac\x04\xfc\xc8\x0b\x81n\x8e\xabD\xa0\xe2\x13\x9f\xfcE\
\xfe\xee[\xff\x83\x07\x9f\xd4r\xe6\xe2_q\xf2\xe4\xdb\
\xa8\xc4\x5c\x8c\xc6\xe5\xd0a\xd6\x22\xc8\xe2g\x0bkY\
P\xf7\xbe \x80e,\x13\x81\xddV\xca\xbf\xff\x8f\xff\
\x9d?\xfb\xdb\x7f\xcd\xd6\x07\x05\x06G\x7f\xc4\x89\xe3o\
\xa0\x92\xec\xe8u\x96\xacE\x90E\x16\xab\x84u\x09\x03\
\xde.dYF\x10\x04\x9a\x9bw\xd1\xfc\x1fw14\
t\x8e\xaf\xfd\xdd\xb79v\xeco(+z\x88\x0d-\
\x9b\x08G\x9c$\x93\xb1l\xe80\x8b\x9f~|\xd4\xa5\
\xc0w\x82eG\xa1\xa2(\xd4\xd7o\xe5\xbf\xfe\x8f?\
\xe5\xff\xf9\xef\x9f%&\xbc\xcb+\xaf\xfd%S\x13\x0b\
XL%\xd9\x88A\x16?\x03\xc8\x94\x04[\x0b\x87\xf8\
}K\x00\xcb\xb86b\xf0\xc0\x03O\xf3\x9d\x1f|\x8d\
/\xfd\xda&,\xf9\xc3\x1c>\xfaMf\xa7\x9dX-\
%\xd9\x88A\x16?\x95\xc8\xb8\x00\xf9h\x97\x04S\xc8\
\x88\x81\xee\x06W\x1d\x85\x1a\xbe\xf8\xa5\xdf\xe4O\xfe\xf2\
\x8f\xf8\xc2\xaf\xb4\xe0\x0c\xbe\xc2\xc1\x83\xdf\x00\xd9|M\
\xc4 K\x04Y\xfc\xb4\xe0j\x83\xf0\xb5\xc0\xfaX\x00\
\xb2L(\x18\xca\x5cP\x14\xef*\xaey\x95\x08\xe03\
\x9f\xfd*\xdf\xfc\xfe_\xf0\xd4'\x0b9q\xf6/9\
}\xea]\x04\xc5\x8a^g[::K\x04Yd\xf1\
A\x90\x1e\xd8\xfe\xe9/!\x0a\x157;@-i\x88\
$\x83\x8c\xbb{PP\x10\x05\xe9\xf6\xae J\xa8\x14\
\x85\xc8\xc2\x14)9\x8d\xc1`\xc6\x91s\xf7i\xc1\x8a\
\xa2\xa0(\x0a\x1a\xb5\x89\x1d;\x1f\xa0}k!\x133\
g\x99\x9a\x1ce~6@aA\x1dZ\xad\x96d2\
\x9amL\x9a\xc5G\x16\x92\xa4&\x9d\x8c1\xe6\xbcD\
\x5cPP\xdd\xc2\xfc\x8b\xa7\xa2\x94\xd8j)\xb6V\x13\
OE?\xe8\xd0\xd0\xbad\x03\xa6\xd22\xcd\x1b\xea0\
i\x13\xfc\xc9\x1f\xff!\xff\xf9?\xfe!\xf3\xf3\x8b\x88\
\xa2\x88(\xde\xdd\x10\x96\x1d\x85mm\x0f\xf0'\x7f\xfe\
\x17\xfc\xb7\xff\xf3\x0b\xd4\xb7\xb9y\xfb\xdd?\xa3\xa7\xeb\
\x12\x16S\x09*\x95&\xeb(\xcc\xe2#\x05e\xc9z\
\xd5j-\xe8\xb59\x08\x88k\xf2\x0c\xaf\xcb\x16 \x91\
H\xa0Vk\xd8\xfb\xc0^>\xf7\xf9\x17\x89\x05\xe6\xf8\
\xb7\xbf\xf3\x9b|\xe7[\xdf\xc9\x0c\xe2.\x89\xe0ZG\
aEE\x0b\xff\xe9\xbf\xfd1\xff\xf9O\xbe\x88\xb9\xa0\
\x877\xde\xfa[\x16\xe6\xfc\x18\x0d\x05\xd9\x88A\x16\xf7\
9\x14\x04A@\xab5\xa1\xd7\xe4\x10\x0e*t^<\
\xc2\x89\xb3_'\xa5\xc4P\xabu\xab~\xc5\xb5\xdf\x02\
\x08\x22\x91\x80\x9f\xad\xcd\xd5TU\x97\x13\x0e\xc7x`\
\xdf^JK\xf2x\xe3\xb5W\xb8p\xee\x02\xa1P\x94\
\xba\xfazDQ\xb8\xab\xad\xc1\xf2\xb6@\x10\x04*+\
\x1bx\xe6\xb9gI\x09\xa3\x0c\x0f_`\xe2\xca\x04r\
\xca@iI=i9\x89,\xa7\xb8\xc6\xc7\x9aE\x16\
\xf7\x0c\x8a\xa2 IjL\xc6<\xc2\xa1$==g\
\xf0\xf8F\x10\xb5W\xd8\xb4\xdd\xc0\xf6\xbd\x95\x1c>\xd7\
\x8d\x22\xea\x90n\xe1q\xbd\x9d-\xc0\xba\x0a\x81\x04A\
$\x9dN399\x8d\xcd\xee\xe07\x7f\xf3\x97\xe9\xeb\
\xeb\xe7\xec\x89\xb7x\xe3\xd5\x9f\xf0\xf8S\xcf\xf1\xcc\xb3\
O#\x8a\xe2\xca\x8a~'X>W\x14E\xbe\xfc\x8b\
\xbf\xcd\x97~1\xc4[\xaf\xbf\xce7\xff\xee5~\xfc\
\xd2\x11J\x8b7P]\xdd\x82\xc5j%\x9e\x08\x92H\
D\x80LNB\x16Y\xac\x17\x14EA\xab5\xa2Q\
[\x99\x9a\x1c\xe5\xcc\xd8A\xf4f/m;\xcay\xf8\
\xd1=l\xd9\xb6\x19\x83>\x8f\x80\xcf\xcb\x7f\xf8\xb3o\
\xa0V\xe9Qk\xee.\x9a\xf6^\xdc\x13%\xa0(\x8a\
D\xa31\x22\x91(e\xe5\xe5\xb4mj\xe3\xcc\xa93\
\xfc\xf8\xbb_\xe7\x9d\x83o\xf0\xcb\xbf\xfe\xafhh\xa8\
\x03\xae\xae\xeaw\x82\xabD`\xe2\x89\x03\x9f\xe0\x81}\
\x0f\xf3\xedo~\x93\x91\x81y\x06\x87\xbe\x87\xdf#a\
5\x95QQ\xd9\x82\xcd\x96\x8b\xac\xc4\x90\xe5$\xb2\x9c\
\xccj\x0a\xb2X3H\x92\x1a\x95\xcaH:)08\
\xd0\xc9\xa2\xeb\x12\x05%\x12O}\xa2\x8e\xe7_\xfc%\
\xca\xca\x9a\xaf;~~v\x16\xadZ\x83\xbc\x06\x0b\xd4\
=\x95\x02\x0b\x82@,\x16gjr\x86\x96\xd6\x8dt\
l\xe9\xe0\xb5W_\xe7\x7f\xfd\xd1\x7f\xa0c\xfb\x1e\x9e\
z\xf69\xca\xca2\x22\x9f\xd5\xb0\x08\x0c\xfa\x1c\xbe\xf2\
K\xbf\x05\xc0\xf8\x95n\xce\x9c<C\x7f\xcf8\xe3\xc3\
o29cB%:\x101PRR\x85\xdd\x91O\
Z\x8e\x12\x8f\x07\x97\xfc\x06Y\xeb \x8b;\x83\xa2(\
\x88\xa2\x88\xd1\xe0 \x11\x97\x19\x1f\x1f \x12\x9d'\x9e\
\x9e\xa1\xbcZ\xc7\xa7\x7f\xe9Q\x1e?\xf0\x14j\xc9\x9a\
9\x1eP\xae\xb1bU*\x15\xa2$\x92^\x83\xb0\xf6\
}\x91\x0b I\x12>\x9f\x0f\x80\xa7\x9fy\x9aM\x9b\
\xa7\xb9x\xe1\x12\x7f\xf9\xa7\xff\x0d\xb35\x9f\xaf\xfe\xda\
o\x90\x9bk\x07X\xb5\xadAUe+U\x95\xad\x00\
x\xbcS\x8c\x8e\x8c\xe2qE\xe9<\xdf\xcb\xa5\xf3/\
s\xb9GA\xa7)\xa4\xbaj\x13y\xf9E@\x92X\
<@ZN\xadivV\x16?=P\x14\x05\xb5Z\
\x87\xd1\x90\xc3\xc2\xfc<\x17\xce\xff\x84\xa42\xcb\x96\x1d\
\xb5\xec\xdb\xbf\x95\xf2\xaa\x0346l]9\xfef\xcf\
\xb6J\xa5B\x92$\x12k`\x95\xde\x17\x04\x00W\x8b\
\x1e\xcc\xce\xce\xa1\xd5\xeay\xf2\xa9\x03\x04\x03~\xdex\
\xfd \xbf\xff[\xbf\xca\x8e=\x0f\xf1K\xbf\xfcK+\
\xd1\x82\xd5 \x02\xc8\x90\x81\xc3^\x86ck\x19\x00\x8f\
\x1f8\xc0\xe2\xe2\x18\x17\xce\x9f\xe3\xf2\xc5!\xfa\xba\x0e\
20\x92B\xc4AEy\x1b\x05\xf9\xa5\x08b\x1aY\
\x89#\xcb)d9}\x17w\x9d\xc5O#DQ\x85\
Z\xa5G\x96U\x5c\xb92\xc0\xc4\xe4\x8f\xc8)L\xf2\
\xc0\x81r\xf6?\xfe\x15::\x1e\xba\xee\xf8\x0f{\x96\
%IB\x14E\x14\xf9\xa7\x98\x00\x96!\x8a\x22\xa9T\
\x8a\xc5E'\xa2(\xf2\x99\xcf}\x8a\x91\x91\x11^\xfa\
\xf1k\xfc\xfe`/O>\xfb1\xf6=\xf4\xe0\xaa\x10\
\xc1\x8d\xce\x17E\x91\xfc\xfcj\x0e<Y\xcd\x81'!\
\x14^\xe0\xe2\xf9\xf3\x5c<\xdfCw\xe7\x09\xba\x07D\
4\xaa|\x94\x94\x01\x9b\xad\x80\xa2\xa2r\xd4\x1a1c\
\x1d\xa4\x93w5\x96,>\xaa\xc8D\x932\xa9\xeaj\
&\xae\x0c\xe3\x0f,\x90Rf\xc8-J\xf2\xf9\xafn\
\xe0\xc9g\x9e\xa6 \xbfz\xe5\x8c\xdbyn%\x95\x0a\
\xe9g\x85\x00\x96\xb1\x1c\x0e\x9c\x99\x99#''\x8f\xdf\
\xfd\xfd\xdf\xe2\xdc\xd9s\x1c\x7f\xe7\x15~\xf4\xdd\xef\xb0\
\xf7\xa1G\xf9\xf8'_\xcc0\xe3]8\x0a\xdf\x8bk\
\xbf\x18A\x100\x19\x0bx\xe0\xc1\xa7x\xe0\xc1\xa7H\
\xa5\x03\x0c\x0e\xf6\x11\xf0\xc5\xe8\xbe4\xc2\xb9\xd3g8\
{\xf1\x10\xe9\xa4\x83\xa2\xc2F\xcaJ\xeb\xd0\x1b4\xc4\
\xe2\x01R\xa98\xd90\xe3O72\xe1;\x15FC\
\x0e\xa1`\x84\x0b\xe7O\x11\x8a\x0eR\xdb\xec\xe0\x13\x1f\
\xdbI}\xd3\x03l\xdc\xb8\x93\x95\xee\xbew\xf8\x9c\xaa\
%\x09I\x92P\x92\xab\xbf\xc0\xdc\xb7\x04\xb0\x0cQ\x14\
\x89\xc5bLM\xcdP\xd7\xd0@\xfb\xa66.]\xbc\
\xc4\xc1\xd7\xbe\xcf\xb93'\xf9\xfc\x17\xbfD\xeb\xc6\x96\
\xbbv\x14\xde\x08\xef\xfd\xc2T\x92\x85\x0d\xcd;\x00\xd8\
\xb9k\x1f_\xfe\x95\x10\x97.\x9e\xe7\xcc\xc9\x8b\xf4v\
\xf5p\xa9\xef\x14\xb1\x90\x91\xdc\x9c:**\x1a1\x9b\
M$\x92!R\xa9X6\xaa\xf0S\x06\x8d\xda\x80V\
kefz\x923g\xfe\x19\xad\xc1K\xe3\xc6|\x1e\
\x7f\xfac<\xfc\xf0\x93\xc0\xd5p\xdd\xdd>\x97+\x16\
\xc0G\xd5\x07\x90N\xa7\xb1X\xcc\x98\xcd&\xe4\x99\xf9\
;R\xfd\x89\xa2H8\x14&\x18\x08\xd2\xd0\xdcL\xfb\
\xe6M\xbc\xf2\xd2\xab\xfc\xaf\xff\xfa\x1f\xd8\xd0\xb6\x95/\
\xff\xd2/\x93\x93c\x03\xee\xfe\x03\xbf\x19\xdek\x1dH\
\x82\x89\x8e\x8e}tt\xec\x03\xa0\xbf\xff\x0c\xe7\xcet\
r\xf9\xc2\x18C\xe3]D\x82zL\x862,\xa6|\
\x0a\x0a\x8b1[,$\x92\xa1\xac\xee\xe0#\x88\xab1\
{\x0bN\xa7\x93\xe1\xa9Kx\xfcC\xe4\x15\xca<\xfb\
\x99&\x1e}\xe2\xe7\xa8\xab\xedX9~5\x9f\xc1\x8c\
\x0f`m\xd2\xdd\xd7\x9e\x00\x04\x01\xb3\xc9\xc4\xbb\xef\x1e\
\xa5\xb6\xae\x92\xfa\xc6F\x16\x17\x9c$\x12\x89;&\x82\
\x80?@\xc0\x0f\xcf<\xf7\x0c{\x1eps\xe8\xed\xc3\
\xfc\xdf\xff\xf7\x7f\x22\xa9\x0c|\xeas\x9f\xa7\xaa*#\
l\x5c+\x22\x80\xf7[\x07\xa2(\xd2\xd4\xb4\x9d\xa6\xa6\
\xed\xf0\xf309\xd9\xcb\xe5K\xdd\xf8=2\xb3S~\
:\xcf\xbf\x84k!\x81\xcdZEUe\x0b\xb9y\xc5\
$\x93a\xe2\x89\x10\x8a\x92&K\x06\xf7\x1f2\xcaW\
\x11\x83\xc1A*\x01\xbd\xbdgXpvS\xdbX\xc0\
\xfe\xe7\xea),}\x98\x87\x1f\xd9\x8fA\x9f\xb7r\xce\
Z<s\xcbR\xf9\xb50\x22\xd7\x9e\x00\x14\x05EP\
\xa8*\xaf\xe5\xfc\xb9>\x8e\x1e;\xc5\xf3/<Cq\
q!\xf3\xf3\x8b+\xd2\xdd\xdb\xc1\xf2\xf1\xf3\xf3\x0b\xa8\
T*>\xfe\x89\x17YX\x98\xe3\xd0\xc1w\xf9\xc3\x7f\
\xf7{<\xf0\xc8\x13\xfc\xc2W~a\xd5\x1c\x85\xb7\x82\
\xf7F\x16\xca\xcb7P^\xbea\xe5\xb5+W\xba9\
y\xfc4\xfd=\xe3\x8c\x0d\xbd\xc2\xa5n\x05\xa3\xbe\x88\
\xf2\xb2\x0d\x14\x15\x97\x93\x96c$\x12\xe1%\x89r\x16\
\xf7\x1a\x92\xa4F\xaf\xb3\xe3r:\xb9x\xe1U\xd2\xcc\
\xd2\xdc\xe6\xe0\xe3_z\x90G\x1f\x7f\x0c\x8b\xb9d\xe5\
\xd8\xb5~\xbe\xd4j5\x92(\xadI\x1e\xcb\xbal\x01\
\x16\x9dN\x1e\x7f\xe2Q\x1e\x7f\xe1\xe3\xfc\xcf\xff\xf2_\
\xf8\xab\xbf\xfcG\x9a\x1a\xabx\xec\x89\xfd\x98M\x16\x16\
\x16\x16W\xea\x00\xde\x0e\x04A \x9dN3?\xbf\x80\
(\xaa\xf8\xb9\x9f\xff\x023S\xd3|\xff\x87/\xf1\xab\
gNp\xe0\xe9\x17x\xe6\xb9\xa7\xd7\x95\x08nt\x1d\
Q\x14\xa9\xacl\xa5rIw\xe0t\x8ds\xe2\xe8q\
z\xbaF\x18\x1b:\xc2\xf0\xf1\x04ZM!\x16S1\
\xf9\xf9\xa58\x1c9 \xa4\x96\x22\x0b\xa9l:\xf3:\
@Q\x14\xd4*\x0d:\x9d\x0d\xaf'\xc0\x95\xd91\xdc\
\x9e71\xdb\x83l\xdbW\xc4\xe3O}\x9e\xed\xdb\x1f\
]9~\xad\x9f\xa5k\xadcIR\x81\x92\xfe\x88Z\
\x00\x80Z\xa5brr\x12\x80\xdf\xfb\x83?\xe0\xf2\xa9\
\xd3\x9c:w\x86\xef\xfe\xcbKh\xb5\x12\x1f{\xf1Y\
\xd4*\x0dN\xa7\xeb\x8e\xb6\x05\xcb\x11\x83\xa9\xa9\x19\xf4\
z\x03\xbf\xf9\x9b\xbf\xc2\xd1#\xc78s\xfcM.]\
8MSK;\x1f\xff\xe4\xc7W=bp\xabx\xaf\
u\x90\x97[\xc5\xf3\x1f\xab\xe2\xf9\x8fA4\xee\xe6\xd4\
\xf1c,\xce\x07\xf1y\xd2\x5c<{\x9c\x9e\x13.$\
!\x87\xca\x8av\x8aK*\x11E9\x13YH'\xb2\
\x22\xa4UE\xe69\xd0\xe9,H\xa2\x91\xb1\xd1~\xc6\
'_\xa2\xb8L\xcb\xb6\x077P\x5c\xb6\x85\x07\x1e\xda\
C^n\xd5\xca\x19\xeb9\xf1\x0f\xbf{\x84\xee\xce\x0b\
D\x82\x1e\xfc\xa10f\xb3i\xd5\xaf\xb7nQ\x00I\
\xcad\x11\xfa\xa6'i\xdb\xb4\x91\xb6\x9d;\xe8=\x7f\
\x91\x7f\xfe\xee?\xf3\xa7\xff\xeb\xafx`\xdf.\x1e\xd9\
\xbf\x0f\x97\xd3M(\x14\xbec\xff@<\x1egzz\
\x96\xcd\x1d\x9b\xd9\xfb\xc0\x1eN\x9e8\xc9[\xaf|\x8f\
\xc3\x87\x0e\xf2\xe5\xaf\xfe\x0a\x9b6\xb7_\xd7\xa6l\xbd\
\xf1^G\xa2^\x9b\xc3\xc3\x8f<\xbf\xf2\x9a\xcf?\xcd\
\xa5\xceN.]\xe8\xa3\xbb\xf3\x04'N\x1fBN\x99\
)-n\xa5\xbc\xbc\x1e\x8dVE,\xee'\x95\x8a\x91\
\xf5\x1b\xdc\x19\x14EF\x92\xd4\x18\x0d9D#I.\
_:\x81/8@I\xb9\x86\xcf~\xa5\x8d'\x9f}\
\x82\x82\xbc\xdak\x8e_\xdbE\xe3\xdag\xdd\xe3\xf1\xf1\
\xda\xcb/\xd3\xdbs\x99\x90\xdfI{[\x13BZE\
4\x91B\xa5\x95\xc88\x8fW\x0f\xeb\x1e\x06\x14D\x11\
\xbf\xc7\x83\x9cv\xb2\xa1\xa5\x91\xff\xbc\xe5\x7fp\xfc\x9d\
w\xf9\xee\xbf|\x9bs\xe7;y\xf8\xa1=\xb4\xb7\xb7\
\x11\x0c\x86\x09\x06\x83w\xee(\x0c\x04\xf1y\xfd\xb4\xb5\
\xb7\xb3k\xf7.\x0e\xbey\x90\xbf\xf9\x8b\xffMye\
\x1d\x9b\xb6lc\xdb\xf6\xed\xe4\xe4\xd8\xaf;o\xbd\xad\
\x83\xf7^O\x10\x04l\xd6R\xf6\xed+e\xdf\xbeg\
H\xa6\x03\x5c8w\x9a\xcb\x9d\xfd\x5c>\xdf\xc5\xb9\xce\
\x13\xc4czrl5\xe4\xe5U\xe2p8\xd0\xe8T\
$\x12\xa1%\xddA\x167\xc3\xf2\xa4\xd7\xebm$b\
\x0a\x93\x93\xc3L\xcd\x1cD\xd2xh\xdbR\xc4\xfe'\
\x9e\xe3\x91\xfdO\x01\xda\xa5\xe3\xd7o\xd2\x03t^\xbc\
\xc4\xd1\xc3\xef2:\xd4\x8b(\xa4\xd8\xb0\xa1\x91\xdd{\
\x9e%7\xc7\xc1\xbb\xef\x1c\x05E\xc9\xa8N\xc5\xd5%\
\xfd{\xa6\x03\x10%\x09\x9f\xdb\x0d\xb8\xd8\xf3\xf0C\xec\
\xda\xbe\x95\x7f\xf8\x87\xaf108EO\xcf --\
\x8dl\xdd\xda\xc1\xc2\x82\x93X,vgD \x89\xf8\
\xfd\x01|\xbe\x00\x0f\xef\x7f\x84M\x9b\xdb9\xf4\xf6a\
^\x7f\xe9_\xe8\xee<MEU\x0d\x89\x94BaA\
\x11\xdbw\xee\xc4b1\xadX\x07\xf7b\xab\xf0\xdek\
\xaa%\x0b;v<\xc6\x8e\x1d\x8f\x01i._>\xc9\
\xa5\x8b\xdd\xccM\x87\x88\x04\xa6\x19\x1e9\x8bk1L\
^n\x1d\x15\x15M\x19\xddA\x22D\x22\x19!+B\
\xca@Q\x14\xb4\x1a\x03z\xbd\x83\x89\x89\x11\x86\x86\xdf\
\x227_Om\x93\x83M{K\xd8\xf7\xc8\xa7\xd8\xb0\
a\xd7\xca\xf1\xebi\xe2_\xbe\xd4M\xd7\xa5\x8b$\x13\
a\xfa\xba\xbb\xd0h\x04\x9e}\xe6\x11\xaak\xaa\xf1\xfb\
\x838\x9dn\xd2\xa94\x02\x02*I$\xfdQ\xf5\x01\
\xdc\x0c\x99\xc9&\xe0\x9d\x9e@\xab\xd5\xf2\x95\xdf\xf8u\
H$\xf9\xdew\xbf\xcb\x1bo\xbc\xca\xc9\xe3\xa7y\xfe\
\xc5g(--avv\xfe\x8e#\x06\x82p5b\
\xf0\xc2\x8b\xcf\xa3\x92D\xe6\xe7\xe7\x99\x9d\x99cnf\
\x96\xce3Gy\xe3\xd5\x1f\x91\x93[Hs\xcbFv\
\xec\xdeMaA\xdeu\xd7\xba\xd7\xdb\x05Q\x94hk\
\xdbK[\xdb^\x00\x14B\x0c\xf4\xf7s\xf6\xf4\x05.\
\x9d\x1fa`\xb4\x8b\x90O\x8d\xcdRMEE\x13v\
G\x0e\xe9tt)\xcc\xf8\xb3\xa69\xc8\x90\x9f\xc1`\
'\x95\x10\x18\x1a\xecdv\xbe\x8b\xe2\x0ax\xea\x13\xb5\
<\xf2\xd8>6l\xd8q\xdd\x19k\xf9\xfdf\x9e\xc1\
\xab\x9f\xff\xab/\xbf\xca\xc9cG\xf0\xba\xe7\xc9\xcf\xb3\
\xb3\xb1\xad\x99\xcf\x7f\xe1\xe3\xe8\xf5z\xdcn\x0fSS\
\xb3+\xe7((HR&\x0c\x98RV\x9f\xd4\xef\x0b\
%\xa0(J$\x93)|3SH\xa2\xc8'>\xff\
9\x9ex\xfc1\xfe\xee\x1f\xbf\xc67\xbf\xfe=\xea\xea\
\xcay\xe4\xd1\x870\x9b\xcc8\x9d\xee;\x8a\x18,\x17\
\x19q\xbb=\x00\x08\xa2\x8a\xca\xeaj6\xb6oD\x94\
D\xae\x8c]\xa1\xb7\xb7\x8fc\xef\xbc\xc2\x91w\xde\xc0\
n\xcf\xa3\xa6\xae\x81\x1d\xbbvSS[\xf5>\x0bd\
\xbd\x09\xe1z\xdf\x81\x88 \x98hj\xdaJS\xd3V\
\xbe\xf8%\x18\xbf\xd2\xc5\xb9\xd3\xe7\xe9<?\xcc\xc4\xe8\
\xcbt\xf5*\xe84%\xe4\xe5V\x91\x93\x93\x8f\xd5f\
!\x9d\x8e\x11O\x84\x7fJu\x07Kz|\xbd\x95t\
Rba~\x96\xcbSo\x91\x16\xa7\xa9\xae7\xf1\xc4\
'\xb7\xf0\xfc\xc7^\xc4hX\xdb\x98\xfd\xb5\xb8\xf6\x99\
\x19\x1f\x9f\xe0\xcd\xd7^c\xb0\xbf\x9bt2B}]\
%/\xbe\xf09Lf3.\x97\x07\xbf?H \x90\
\xa9\x9c}\xdd\xb3\xad\xb0R)k-p_\x10\xc02\
\x04A@V\x14\xbcS\x13\x18M&~\xfb\xf7\x7f\x8f\
\xfe\x0b\x17\xf9\xee\x0f\x7f\xc0k\xaf\xbe\x83V+q\xe0\
\xc9GQ\xab4,.\xba\x10\x84\xbbk\x9d\x9cL&\
q\xbb\xbd(\x8a\x82\xc5j\xe3\xf1'\x1eG\xab\xd50\
33Cow\x1f\x9d\xe7\x0e\xd3\xdfs\x9e\xba\x86&\
t:#*\x8d\x8e\xb6\xf6M\xd4\xd6\xd5\x5c\xf7\xe5\xae\
7\x19(\x8a|]H(\x93\xde\xbc\x91\xaa\xca\x8d|\
\xf2\xd3\x990\xe3\xe9\x13\xa7\xe8\xef\x99 \x95\xf01?\
3\xcd\xa5c\xd3h\xd5\xb9TVl\xa4\xb0\xa8\x14Y\
\x89\x13\x8f\x07\x97t\x07\x1f]2P\x14\x19\x95J\x8b\
A\x9f\x83\xd7\xe3\xe5\xf4\xa5\xb7\xd1\x9bb\xd45\x16P\
\xde\xa4\xe3\xa1\xc7\xbe\xc0\xd6\xad\x8f\xac\x1c\xbf\x9e\x93~\
bb\x8a#\xef\xbe\x03r\x92\xf1\xd1!\xfc^';\
vl\xa1\xad\xbd\x8dD2\x85\xcf\xeb#\x18\x8a\xbc\xcf\
B\xb8\xfe\xfe\x14$QZ\x89`\xad6\xee+\x02X\
\x86(ID\xa3Q\xc2\xa1+457\xf0\x1f:\xfe\
\x88\xd1\xfe\x01\xbe\xfb/\xdf\xe1\x7f\xff\xcf\xbf`\xe7\xae\
-<\xfc\xf0>B\xa10\xc1`\xe8\xae+\x0b/\xeb\
\x09\xbc^\xdfR\x0e\xb7\x96=\x0f\xec\xe1Q\x83\x1e\x9f\
\xd7\xcb\xc2\xfc<33W\x18\x1f\x9b\xe4\xf8\xe1\xb7\xb0\
Xs\xa8\xaa\xad\xa7\xad}\x13\x9b6\xb7\xdfS2x\
\xef5\x97\xc3\x8c\xcf<W\xc53\xcfe^s\xb9\xaf\
p\xe2\xe8I.]\xec\xe7\xca\xc8\xbb\x0c\x1c\x8d\xa3\x96\
\xf2(+\xdb@ii\x0d\xa2\x98^\xd2\x1c$\xf8h\
\x90\xc1\xd5\xf0\x9dZ23>>\xc0\xc8\xd8K\x98\xed\
Q6\xed*\xe1\x99\x8f=\xc5\x96-\xbbXv\xe8\xc1\
\xfaN\xfc\xa3\x87\x8fq\xe2\xd8\x11f\xa7\xc71\x19\xd5\
475\xf0\xf8\xe3{\xc9\xc9\xc9\xc3\xeb\xf5\xb2\xb0\xe0\
\x5c\x99\xf0\x1f\xb6\x80)\x8a\x82(\x89\x88k\xd4\xf9\xea\
\xbe$\x80e\x88\x92\x0a\xbf\xd7\x8b\xe2vSS^\xc2\
\xbf\xfd\x8f\x7f\xc8;\xaf\xbf\xc1\x8f~\xfcC\xba\xba\xfe\
\x8a\x03\x07\x1e\xa1\xb1\xb1\x91`0\xb4*D\x00\xac$\
\x15\x05\x02A\x02\x81 \x00\x8e\x9c<J\xcb\xca\xd9\xff\
\xe8#x\xdcnz{\xfb\x18\xe8>C\xe7\xd9c|\
\xcfb\xa7\xaa\xba\x9e\xe6\x96V:\xb6nA\xa7\xd5\x5c\
\xf7~\xf7v\xab\x90YYrs*y\xee\x85J\x9e\
{\x01\x22Q\x17\xc7\x8f\x1e\xe6\xd2\xc5\x01F\x06Ns\
\xe2\xf4a\x94\x94\x95\x82\x82:\x0a\xf2+0\x18uH\
*\x81d2r\x9f\x11B\xc6\xc4\xd7j\x8c\x08\x82\x96\
\x80?D\x7f\xdf)|\x81a\xca\xaa\xb5|\xfe\xab\xad\
<\xf2\xd8~JK\x1a\xaf\x9e\xb1\x8e\x9e|\xbf?\xc8\
\x9b\xaf\xbfN\xe7\xf93\xf8=\x0b\x14\x15\xe7\xf1\x89O\
<Eii).\x97\x9bX,\xce\xdc\xdc<p{\
V\xabB\xa6\x9a\x90(\x08k\xd2\xe7f\xdd\x08\xe0n\
LuA\x14\xf1\xf9|\x08>\x1f\x0f\x1fx\x82\x87\x0f\
<\xc1w\xfe\xe1\x1fy\xf7\xdd\xb3tu\xf5S[W\
\xc5\xd6-\x9bq:3\x1f\xf4j\x10\xc1\xb5\x90ey\
\xc5\xda\x10\x04\x81\x8dmm\xec\xd9\xbb\x87H8L\x7f\
\xff\x00\xbd\xbd]\x5c\xbex\x92W\x7f\xf2=6ul\
#\xaf\xa0\x08\x83\xc1H\xc7\x96-H\xd2\xbd\xdc*\xbc\
?\xcch\xd0\xe7\xf2\xd8\xe3\x1f\xe7\xb1\xc7AV\xc2\x9c\
:y\x94K\x17\xfa\x18\x19\x1c!\x10YdnQ\xc2\
\xeb\x09S\x98_CYy=\x1a\x8d\xb4\x94\xde|o\
t\x07\x99rZ\x12&c.\xa1P\x84K\x97\xce \
\xa9\xe2XsR4\xb4\xa7\xd8\xf5\xc0c\x1cx\xfa9\
D\x8cK\xc7\xb3\xa6\xa5\xdf\xaf5\xd7\x83\xa1\x08\x17\xcf\
\x9fgvj\x82\x0b\xe7N\x13\x8b\x04\xd8\xb4\xb9\x95]\
_x\x1eA\x10p\xb9<LN\xce \xdeE\xe8N\
Q@\x12\xc5L2\xd0\x1a\xd4\x9eY\x17\x02H&\x93\
\xe4X\xcd\x99\x1f\x94\x0c\xab\xdd\xa9\xfe\xdf7=\x89Z\
\xad\xe63\xbf\xf0%\x9ey\xf6\x19\x0e\x1f=\xca\xc1\xb7\
\xde\xe0\xec\xe9\xf3\xbc\xf0\xb1g(-+fnv\xe1\
\x8e\x1c\x85\xb7:\x86H$J$\x92)\xb7\x5c]S\
\xcb\xe6\x8e\xcd$\x12\x09\xae\x8c\x8f\xe3tN331\
\xc0\xec\xdc\x22?\xfc\xee\xb7(.\xab\xa4\xbe\xa1\x89\x9d\
\xbbva]\xfe\x0c\xb8\xf7aFA\x10\x10\x05#\xbb\
w\x1f`\xf7\xee\x03\x00\xb8=\x93L^\x99\xe1\xc2\xb9\
N\xce\x9f\xbe\xc4\xd9\x8b'H\xc4\x0c\x14\xe65RU\
\xb5\x01\xbdAO\x22\x11 \x91\xfc\xc0R\xd3\xab6V\
\x8dF\x8fNccvv\x8asg\x7f\x80J\xe7\xa4\
mK1\x0f=\xba\x9b\xcd[\xda\xb1\xdbJW\x8e_\
O\x13\x7fpp\x98\xd7^~\x89\xb1\x91~l\x16\x03\
\x15\xe5\xc5<\xba\x7f\x17\xd55U\x84B\x11\x16\x16\x5c\
+\x93\xfen&?\x5c\xb3\x05\x10\x85\x95f!\xab\x09\
\xe1\x0f~\xe3GG\x90\xc4\x07n&4\xd6\xab\x8d\xb8\
\xc2\xb3\x1c\x1a\xfc\x0ei%\x8dJ\xbc\xbd\xb2\xc4\x8a\xa4\
\xc27?\xcb\x8e\xf2<\xfe\xe07~\x99\xd6\xc7\x9e\x04\
E \xb8\xb0@:\x95B\xb8\xc3\xd5:\x13\xdf\xd5\xa0\
\xcf+ \xe6\xf3\xf1W\xff\xf7\xff\xd2u\xf9\x02U\xd5\
\xa5<\xf5\xf4\xe3\x18\x8d&\xdc.\x0f\xe9tz\xdd\xb4\
\xf4*\x95\x84Z\xadF\xa7\xd3\x22\x08\x02\x83\x03\x83\xf4\
\xf4\xf4\xe3\xf5\x05Q\xa9\xf5\x14\x14\x96P\xd7\xd8\xcc\x8e\
\x9d;),\xcc\x7f\xdf\xfd\xdc\xcb\x9a\x01\xef\xb7\x9a\x92\
tv\x9e\xe4rg\x0f]\x17\xc7\x19\x1b\xf2\x10\x0dk\
\xb0[k()\xae\xc7h4\xa1\xd5I\xa4\xe5\x04\xc9\
d\x8c\xd5HoVP\xd0\xa8tH\x92\x81H(\xce\
\xd4\xcc0\xf3\x0b\x97\xc9/I\xd3\xba\xa9\x94\xa7_x\
b\xa5\x1e\xc32\xd6r\xe2_\xfb\x99(\xc0\xab/\xbd\
\xc2\xb93'q-\xcc\x92\xe30\xb3c\xd7V\xaa\xaa\
\xaa\x88FcD\xa31R\xa9\xd5\xcf\xdb0\x1a\x0cx\
].\xfe\x9f?\xff\x06\x8b1\x19\x93\xee\xc3\xe7_ \
\xe6a[\xc5\x13t\x94=B \xe6\xfe\xa0C\xe7\xd6\
\x9e\x00D\x09\xb5o\x1eg\xd96\x0cy\x85\xfcr\x8d\
\x96g\xb7o\xa0j\xd7>PTx\xe7\xe7\x10\xa5\xdb\
l6r\x0d\xe4t\x1a\x83\xd1\x88\xd6\x91\xcbpw7\
\xff\xf4\xado\x91NG\xc9\xcd\xb3\xb1}\xfb\x16\xacV\
\xebR\xc4@d=sj2\xf9\xe3\x1a\xacV\x0b\x92\
$26:\xce\xa5\xce.\x16\x9cnT*\x1d\xb5\xf5\
\x8d\xd4\xd45\xa0\xd3\x19\xa8ol$??\xf7\xfa\xfb\
\xba\x07\xce\xc4k\xf1^B\x18\x1c<O\xe7\x85N\xba\
/]\xc1\xe3T\x90Sf\x5c\x0baT\x92\x85\xaa\xca\
\x0d\xd8\xec9\xa4\xd2a\x12\x89\xf0m\xea\x0e2\xcf\x9d\
AoG\x91\xd5\x0c\x0e]\x22\x12\x99\xc3\x91/\xa2\xd2\
y\xd9\xfbP+\xcf\xbc\xf0\x1cF\xfdU\xc2\x5c\xcf\x98\
\xfd\x89\xe3'q9\x17\xe8\xea<\xcf\xdc\xcc\x04u\xb5\
\x95\xec\xda\xbd\x03\xbb#\x07\xb7\xdbC\x22\x91X\xb3\x05\
FQ\x14\xacV\x0br\x22\xceo\xff\x97\xbfd2\x10\
\xc3j\xf8\xf0\xee@\xf7\x1d\x01(\x93\xfd8>\xf1\xbb\
\xa4\x9e\xfd*So\xbd\x82e\xf0(O\x98\xfc\xfc\xdb\
\xaf~\x11G\xdb.\x92\x01\x1f!\xbf\xff\xae\x89\xc0\x9e\
\x9b\x0bz#\x03\x97/\xf3\xea\xab\xaf\xd0\xd5u\x91]\
{\xb6\xb2\x7f\xffC\xf8}A\x02\x81\xc0\xaa\xfb\x07n\
\x05\x8a\xa2\xa0R\xa9\xb0Z-h5j\xa6\xa7g\x98\
\x9c\x98$\x16O0?\xe7$\x10\x8ab\xb3\xe7QS\
\xdf\xc0\xee\xbd{\xa9\xa8(\xbf\xfe\xde\xee32\x08G\
\x16p.\xba\xb8t\xb1\x87S\xc7/11\xea\xc2\xe7\
\x161\xe9\xcb(\xaf\xd8@^^!\x8a\x12'\x16\x0f\
\xa1(7\x0e3^\x0d\xdf9\x08\x06\xc2t\xf7\x1c!\
\x96\x1c\xa7\xbc\xda\xc83\x1f{\x84\xed\xbb6\x93\x9fW\
s\xcd\xf1\xeb\xe7\xd0\x9b\x9a\x9a\xe1\xcd\xd7_c\xa8\xbf\
\x1b\x91\x14\xe5\xe5E\x14\x15\x16\xd0\xb4\xa1\x99d*\x85\
\xcf\xeb_\x93-\xe62\x14E\xc1`0`\xb7[\x99\
\x9d\x9d\xe5\xc4\x91\x13\xfc\xf0H'\x01Q\x8b^\xf5\xe1\
\xcf\xef\xfdG\x003\xc3X\xf6\x7f\x11\xc33\xbf\x8a\x1c\
\x0b\x11\x96\x0c\x8c\x1d}\x8d\xba\xe1\x83\xfcbG)?\
\xf7s?\x87PRG\xd4\xb5H<\x1e\xbf\xe3\x0fV\
Q\x14\x04\xc0\xea\xb0\x83\xde\xc4\x85\x93\xa7\xf8\xc67\xfe\
\x91H\xd4\xcf\xe3\x8f?L\xeb\xc6\x16\xfc\xbe\x00\xf1x\
\xe2\x9e\x99\xdb\x99:r\x99\xad\x82F\xa3F\xabU3\
?\xb7@OO/\xd3S\xb3\xa4d\x11\x8b5\x87\xd2\
\xf2J\xb6\xef\xdaMk\xeb\x86\xf7\xbd\xc7\xbd$\x84\x1b\
\x11\xe8\xc2\xe2(\xa7O\x9c\xe2\xfc\x99~&\xc6<\xb8\
\xe6\x93\xa8\xa5\x22\xca\xcb\x9a\xc9\xcd+F\x14\xd3\xc8J\
\x82t:\x89 \x08\xa8T:DA\xcf\xc4\xc40\xe3\
W\xce\xa13\x05\xd8\xb6\xbb\x92G\x1e\xdf\xc5\xae]\x07\
\xae{\xef\xf52\xf1\x01N\x9f:\xc3\x91w\x0e19\
>\x8cN'\xb2y\xf3F6wl\x22\x91H\x11\x89\
DH$RkjE\xaaT*L&#*\x95D\
OO/g\xce\x5cD\xaf3\x91\x8c\xc4y\xe5B\x0f\
\xa2\xd9\x8at\x0b\x0e\xce\xfb\x93\x00\x1e\xfdy\xf4O\xff\
\x0a\xe9\xc5I\x04@\x95W\xc2\x9c\xd3\xc3\xfc\x9b\xdfb\
[b\x9c\xdf}f\x0f\xfb\x0e\x1c\x00{1Q\xb7\x93\
X$r\xc7\x16\x81\x92q\x05c+)\x81d\x8ao\
}\xf3[\x1c9v\x98\xd2\xd2<\x9a\x9a\xeb)+-\
\xc1\xe1p\x10\x0eG\x08\x85\xc2k\xca\xe6\xb72VI\
\x920\x99\x8c\x18\x8d\x06\x16\x17\x17\xe9\xed\xe9c||\
\x92h4\x89\xc9\xea\xa0\xbe\xa1\x89\xb6M\x1d\xe4\xe5\xe7\
S\x5c\x5cx\xdd\xf9\xf7\x9bu\x10\x08\xceq\xfe\xec\x19\
N\x9f\xb8\xcc\xc8\xc0<\xe1\x80\x1a\x95X\x88\x9c\xd6\x91\
\x9fWB*\x95\xc6\xed\x99\x22\x99^\xc0Q\x10c\xeb\
\xaeZ\x1ey\xf4!jj6\xad\xbc\xc7z:\xf4\xa6\
\xa6f\xe8\xed\xee\xe2\xd8\xe1C\xb8\x9d\xf3\x94\x95\x16\xf0\
\xe0\xbe=\x14\x15\x17\xe3\xf5\xfa\x08\x85\x22w\xed\xc8\xbb\
\x19\x96\x1b\x868\x1cvDQ`hh\x98\xe9\xa9Y\
&\xa6fI\xc6e\xda6\xb6\xf3\xc2\xa7>Mha\
\x96\x87>\xff\x15D\x93\x05\x9d\xea\xc3\xe7\xc4\xfdM\x00\
\xce\xa9\xcc/d\x19Q\xa3E\xc8-\xe5\xcaP?\xd2\
\xe0)\xda\xa3\xa3|\xbc\xce\xc1\xc7\xbf\xfak`t\xe0\
\x9f\x99\xcaD\x7f\xef\xd4\x22\x90e\xd4j5\xc6\x82\x22\
\x82N'\xef\x1cz\x9b\x81\xc1~\xe6\x16\xe6\xd0\xe9T\
TT\x94\xd1\xbc\xa1\x91\xa2\xc2Bb\xb18\xc1`h\
M\x1c9\xb7<\xde\xa5\x07\xc2`\xd0c\xb1\x98\xf1\xfb\
\xfd\xf4\xf4\xf4\xe2Zt\xa17\x98\xf1\x07#D\xa2\x09\
**k\xd8\xd0\xba\x91m;\xb6\xa3\xba&\xccx\xbf\
9\x12\x13I\x1f#\xc3\x03,\xce\x07\xe9\xeb\x1e\xe7\xec\
\xe9.4*\x15\x8f<\xb1\x83\xaa\xba\x02\xb6m\xbb*\
\xd6Y\xeb\xb1_\xbb\xb7\x8f'\x92\xfc\xe4\x87?\xe4\xe2\
\xb93\x18\x8d\x1aL\x06-f\x93\x9em\xdb\xb7\xa2\xd1\
jq\xb9\xdc\xa4\xd3kk\xe2k\xb5Z\xf2\xf2r\xf0\
z\xbd\xbc\xf3\xceQ\xc6\xc6&)**es\xdbf\
,V+[;6c\xc8\xcd\xc8\x96/\x1cy\x87\xcf\
\xfd\xde\x1f\xa0\xe8-\xe8\xd5?-\x04\xb0\x0cYF\xd2\
\x1bH\x98r\x99\x1e\x1d!x\xec\xfb|\xcc\xe0\xe4\xb7\
?q\x80\x86\xc7_\x80d\x12\xff\xe2\xe2]\x11\x81,\
\xcb\xe8\xf5:t9y\x10\x0a\xd3\xd3\xdf\xcf\xf9\x0b\x17\
\xb821N0\x18@\x94dJ\x8a\x0bi\xde\xd0H\
qI\x11\xe9\x94L<\x1e'\x99L\x91J\xa5\xd7\xd5\
y\xb8\x8c\xe5\xc4'\x9dN\x87N\xa7E\x96\xd3D\xc2\
a\xc6\xc7'\x18\x18\x18\xc2\x1f\x08\xa3\xd3\x99)\xaf\xac\
\xa1iC\x0b[\xb7o\xc7b\xb9\xbe`\xc4\xbd\xb4\x0e\
n$o\x8dD\xdd\xa85j\xd4\x92e\xe5\xb5\xf5t\
\xe8\x0d\xf4\x0f\xf2\xe6\xeb\xaf262\x88\xa8$hn\
\xaegc[+F\x93\x89x<A8\x1c\xb9\xa3\x84\
\xb3[\x81\xa2\x80Z-\xa1\xd7\xeb\xd1\xea4\x0c\x0d\x8d\
p\xee\xec\x05|\xbe0\x85\xf9%l\xde\xdc\xc1\x83\x0f\
\xec\xc5\x94\x97\x07\x89(a\x9f\x9fd\x22\x81\xad\xa0\x80\
\xae\xb3g\xf9\xcc\xef\xfc;RZ\x03z\xf5\x87G\xee\
o\x87\x00\xee\xbd\x12P\x14I\xc7cH\xd1I\xaa\xf3\
m\xc8_\xfdC^=\xf16G\xff\xea{|\xe6\xc8\
Y\xbe\xfc\xdc\x13\x14o\xdf\x07\xe9\x14\xbe\xb99\xf8\x00\
\xdd\xf4\xcd/!\x12\x8f'\x88\xcdL#\x8a\x22\xcd\x8d\
\xf5\xb4l\xdd\x0ar\x9a\xf1\xfe\x01\xce]\xb8\xc0\xd0\xf0\
\x10o\xbeq\x14\x83QKii\x11:\x9d\x9a\xc2\xc2\
B*++H\xa7\xd3\xf8\xfd\xc15\xf5\xf8\xbe\x17\xcb\
\xd7\x89\xc5b\xc4b\xb1\x95\xd7k\xeb\xea\xd8\xb2\xb5\x83\
d2\xc1\xf0\xd0\x08=\xdd}\xbc\xf4\x83\xcb\xbc\xf2\xe3\
\xefQQU\xcb\xd6\x1d;),*\xa6\xac\xac\x0c\x8d\
\xe6\xea\xd7{?\xd4:0\xe8s\x80\xf55\xf1\x17\x16\
\x5c\x0c\x0f\x0ep\xe2\xd8\x11&\xc6\x87\xb0Y\xf4<\xbc\
o\x1b\xcd\x1b\x9a\x08\x87\xa3\xf8\xfd\x01bq\xef-K\
so\x07\xcb\xf7o\xb5Z\xd0\xe9u\x8c\x8e\x8c\xd2\xd7\
7\xc0\xd4\xd4\x1c>_\x88\x8a\xf2*>\xfe\xb1}l\
\xda\xb9\x13P\x08/\xcc\xe3\x9b\x9e\x5c\x09\x8d\x0b\xa2\x08\
K[\xc4\x9f\xfe\x5c\x00Q$\x9d\x88\xc1\xf4\x00\xcd\xed\
\x1d\xf8[\xb7\xf0\xd7\xe7\x8e\xf0\xea7\x8e\xf3\xf8?\xff\
\x90_|\xf1)J\xf7<A\x22\xe0'\xec\xf7\xdd\x91\
\x7f`\xb9tX0\x18\x84@\x00\x04\x81\x92\xe2B\xaa\
6\xfc\x1c\x003\xc3\xc3\x0c\x0f\x0f\x13K\xc4\x98\x99\x9b\
\xe3\xf0\xbb\xa7\x89%\xde!7\xc7\xce\x86\x0d\x8d46\
6\x00\x02\x81@\x80X4~G\x82\xa6\xbbE<\x1e\
ga\xc1\x89\xa2(\x14\x16\x15\xd3\xd0\xd4\x88(\xc0\xd8\
\xe88C\x83\xc3\x5c8\xfd\x0e\x8a\x22\xe0\xf6\xf8\xb1\xd8\
r\xa9olf\xdb\xf6m\x14\x16\x16\xdc\xd3\xf4\xe6\xf5\
4\xf1\x01\xdez\xe3 gN\x1dGNF\xb0\xd9L\
hU)>\xff\xb9\x17)(*\xc0\xb9\xe8bvv\
\xe1\x03\x93p\xee\x06\xcb~\x9d\xdc\xdc\x1c\x92\xc9\x04g\
\xce\x9c\xa3\xab\xab\x1f\x83\xc1B{[;\x0f\xee\xdd\xc0\
\xa6\xf66\xec\xc5%\x10\x0d\xe3\x9b\x9e\x5cY\xd8\xde\xa7\
\x8bQ\x14T\x92\x88$}T\xab\x02\xdf.D\x89\xa4\
\xcf\x89Q\x10h\xd9\xf9 \xde\xe4\x83\xfc\xf5\xd1W\xf9\
\xc9\xff\xfa\x0e\xbfv\xf88\xbf\xf8+_ESVA\
\xd8\xb9@2\x1e\xbfc!\xd1\xb2]\x1f\x8dF\x89F\
\xa6\x01\x85\x5c\x87\x8d\x92\xfd\x0f\x81Z\x03i\x85\xf9\x89\
\x09\xce\x9c=\xcb\xf0\xd8(\xa7N]\xe6\xe8\xd1\xd3\x98\
-F\xea\xebjh\xdd\xb8\x01\x9dV\x87\xdf\x1f$\x16\
[\xff\xc6\x1f\x82 \x90L&q9\xdd(\x8a\x82\xcd\
ng\xdf\xc3\xfb\x10E\x81T2\xc9\xcc\xcc,\xdd\xdd\
\xbd\x1c>\xf8\x13\x8e\xbc\xfd\x1a\xb9\xf9ETU\xd7\xb1\
u\xc7\x0ejj\xaeOo\xbe\xd7\xbe\x83\xbb\xc1\xb5\xf7\
\xe1t\xbay\xe3\xd5W\xb9|\xf1\x1c\xd1\x88\x8f\x8a\xf2\
bv\xee\xdd\x89#7\x87T2M0\x18b\xfa\x9a\
\x5c\xfb\xd5F&|\xa7\xc7\xe1\xb0377\xcf\xf7\xbf\
\xff#fg\x161\x99m\xec\xda\xf1 \x8f=\xfe8\
\x8e\xa2\x22H%\x88z\xbd+\xab\xfd\x07>\xc3K\xdd\
\x87~fz\x03\x02 \x08(@\xca\xbb\x88\x19\xd8\xf4\
\xf8\xf38\xf7<\xc9\xff\xf3\xfa\xd7y\xf3\xd7\xff\x1d\xbf\
\xfc\xe86\xf6\x7f\xecE\xc8+'\xe2Z$~\x87\x15\
\x83\xae^/\xf3W,\x1e'\x16\xcf\x94\xd6R\x14\x05\
\x9b\xd5\xccs\x9f\xf94 \xe0\x9f\x9f\xe3\xd4\xa9\xd3\x8c\
\x0c\x0f\xd1\xd7;\xce\xb9\xf3]\xd8\xac&\xca\xcaK(\
--\xa6\xa8\xb0\x10\x9dNG \x10$\x12\x89\xa2(\
\xac\x9b\xef@\x10\x04R\xa9\xf4J\xf2\x92\xa2(\xe4\xe4\
\xe6\xf2\xecs\xcf\xa0\xd5j\x98\x9d\x99\xe1\xe2\x85K\x9c\
?}\x88\xb3\xa7\x0ec\xb3\xe7QY]\xcb\xe6\xad\xdb\
hnn~_\xbe\xf9\xbd\x8e,|\x18nTN\xeb\
\xad\xd7_ezr\x1c\xb5$\xb3u\xdbf:\xb6l\
\x22\x99L\xe3\xf1xq9=kb\xe2\x03\xc8\xb2\x82\
\xc9d\xc0j\xb5\xe0\xf3\xf9\x96rC\x06\x09\x05\xa3\x94\
\x97W\xf1\xd9\xcf>\xc9\x9e\x07\xf6\x82ZM\xd4\xb9\xf0\
~\x13\xff\xc3\xa0,\x15\x04\x11~\xda\xb7\x007\xc2\xd2\
\x97\x95tN\xe3\x90\xd48>\xf9+t\xf6\x5c\xe2\x17\
O\x1fc\xdf\xe0\xdf\xf3\x89j\x03O~\xee\x8b\x18r\
\xcb\xf1\xcfL\xaf\xaaI.\x08\x02\xf1D\x82\xf8\xecL\
F\x97\xaeV\xf3\xc4\xb3O\x83\xa4&\x15\xf0s\xfc\xc4\
I\xae\x5c\xb9\x82^\xa7etd\x86\x83o\x1dC\x92\
\x14\x9a\x9a\xea\xd9\xb8\xb1\x05\xb3\xc5L(\x98I Z\
+\xc7\xd2\x07\x8d=\x95\xca<\xfc\x8a\xa2 \xa94<\
\xbc\xffa\x8cF\x03N\xa7\x93\x8b\xe7/\xd2\xdf}\x86\
\xc5\xb9qN\x1f\xcf\xc3\xef\x0faw\xe4\xb2c\xd7n\
\x9a74\xdd\xf3\xf4\xe6\x9b\xe1\xdaquv^\xe6\xd0\
\x9b\xaf\xa3\xd5JDB>\x12\xb1\x08\xcf?\xb7\x9f\xca\
\xaa*<^\x1f\xb3\xb3\x0b+\xc7\xaf\xf6g\xbf\x1c\xad\
\xb1\xdbmh\xb5\x1a\xce\x9e=\xcf\xb9s\x9dX-v\
\xaa*\xab\xd9\xd0\xdc\xc1\x8e\xad[\xa8oo\x87T\x82\
\xc0\xe2\x02\xf2\xd23p\xdb\x16\xab\xa2\x5c\xd3\x1al\xf5\
{F\xac\x1f\x01H*\x10D\xee\xa8V\x9d f\x0a\
\x22\xce\x8fS]^J\xaa\xf5\xb79<\xd4\xcf\xc1#\
\xff\xc2#'~\x87\xdf|\xe1Q:^\xf8<$\xe2\
\xf8\x163{\xbb\xd5\x5c~\x05A \x99J\xe1_X\
X*\xd0 \xb2\xef\xe1}\xa0\xd5\x83\x22\xe3\x9d\x9d\xa3\
\xa7\xb7\x8f\x81\xc1\x01\xc6G'\xb9|\xb9\x1f\xb5Z\xa2\
\xba\xba\x82\x8dm-\xe4\xe5\xe6\x12\x89D\x09\x06C\xeb\
>\xa1\x96\xd3\x9b3\xb5\x11\xfd\x88\xa2\xc8\xce\xdd\xbb1\
\x1a\xf5D#\x11\xe6\xe6\xe6H\xc6|\x0c\xf7\x9d\xa7\xbb\
\xf3\x0cf[\x0e\xc5\xc5etl\xdb\xce\xd6m[\xee\
y%\xa4k\xaf\x9fL\xa6\xf9\xc1\xf7\xbeGOW'\
>\xcf\x02\x05yv\xeakZ\xa8\xac\xea@\xa5R\xe3\
\xf5\xfa\x98\x9e\xce\x98\xf8k\xa5\xf8T\xab\xd5\xe4\xe4\xd8\
\xf1\xfa|\xbc\xf5\xd6!\xc6\xc7&\xd1\xeb\xcd\xb4l\xe8\
`\xd7\xce\x9d4\xb7m\x04IE\xda\xbfd\xe2/=\
\x8bwLB\x8a\x8cJ\x92\x96|\x00\x1fE\x0b@\x10\
\x10Q\x88\x05\xfd\xa8\xf4&\xd4\xe6\x1c\xd2~'\x88w\
 \xf2\x11%\xd2\xb1\x08Bd\x98\xda<+\xe9\xaf\xfc\
G\x0e\x9d?\xc1\xc9\x7f\xfa\x01\xbfx\xb6\x93\xaf\xbc\xf8\
\x0c\x8e-\x0fB\x22\x81wqm\x9c<\xcbU\x8b\xfc\
\xeeLx%\xd3PB\xc5\xde\x07w\xb3\xf7\xb1G!\
\x12\xe6\xc2\xc5Nzz\xfb\x98\x9c\x1c\xe7\xfb\xdf}\x19\
I%RV^Lyy)\x05\xf9\xf98\x1cvb\
\xb18\xa1Ph)\xcc\xb8~\x91\x05EQ\x08\x85B\
\x84B\x19\xcb\xc4d\xb6\xb2}\xc7v\xf6?\xfa\x08>\
\x9f\x8f\xde\x9e>FG\xfa\x18\xe8\xed\xe4\x87\xffb\xa6\
\xa8\xac\x82\xcd\x1d[\xd9\xd0\xd2\x8a\xddnY\x17\xdf\xc1\
{\xbf\xb7\xbe\xbe\x01\x8e\x1d>\xcc`_\x17\xa9d\x98\
\x86\x86\x1a^|\xfe\xb3\x18\x8c&\x5c.7^\xaf\x7f\
\xcdL\xfcLV\xa2\x1a\xbb\xddN8\x12flt\x9c\
\xb7\x0f\xbd\xcb\xc2\xbc\x1b\x87#\x9f\x87\x1ez\x82\xe7\x9e\
~\x12\xc9l!\x1d\xf0\xe1\x9b\x9b\xbd:\xe9W\x83\x84\
\x14V\xea\x01\xac\x85\x9bf]\xb2\x01e\xf7\x1c\xa5\x95\
u\xc4\x8a\x1a\xf0Wl\xc1\xbeu?\x82w\x0e9\xec\
\xbf3\x22X\x86\x9cFm\xcb#(h\x18{\xeb\xfb\
4\xe3\xe6As\x94/?\xbe\x87\xd2=\x8f#\x87\x83\
\xf8=\x9e\xbb\xca1\xb8\x1d,\x9b\x86\x16\x8b\x05\x8cf\
H%\x19\xb8t\x99\xcb==$SI\x14R\x8c\x8e\
\x8f\x11\x0a\xf8)-+b\xc3\x86&\xca\xcaJW\xc2\
\x8c\xc9d\xf2\x9e\x8a\x90\x04A@\xaf\xd7a\xb1Z\x88\
E\xa3\x0c\xf6\x0f\xd2\xd7?\x88\xa4\xd2PXXB4\
\x96@\xa51\xd0\xd8\xbc\x81m\xdb\xb7c2\x19\xae;\
\xffn\xc9\xe0\xba\x94\xdb\x81!\x0e\x1d<H<\x16D\
N\xc5p9\xe7\xd9\xb2e\x13\x9b6o\x22\x10\x0c\x11\
\xf0\x07\xd60f\x9f\xb9\x0f\xb3\xd9\x84\xc5bfxx\
\x84\xe3\xc7O\xa3\xc8\x22\xf5u\x0d\xa4e\x81\x8e\xb6v\
\xdawg\xaa\x09\x87\x16\xe6H%\x93\xab3\xe1\xdf\x03\
\x8b\xd9\x8cs~\x8e\x8f\xff\xfa\xef0\x19\x88`3\x1a\
>\xf4\x9c\xfbK\x07\xa0(D\xe2\x09*\xea\x1a\xa9\xaa\
\xab\xe7\xc8k\xff\xc4t\xf7a\xf4\xfb>\x8d\xa5\xbc\x1e\
\xd95\x8d\x92N.m\x0fn\x13\xa2D\xd2\xefF/\
\x08l<\xf0\x09\xdc\x09\x85\xff\xf7\xe4A^\xfb?\xdf\
\xe3K\x07\xdf\xe1K?\xff\x05\xecU-\x84\x17\xe7I\
&\x12k\xf2\x05]\x8b\xe5\x15\xd6\xef\xf7\xa3\xf8|\x08\
\x82@m]\x0d\x8d[\xb6\x00\x90\xf2\xfb\x18\xbb2A\
\xe7\xa5K\x19\xdd\xc1\x9bG\x91\xe5$\x05\x05\xb947\
7P]]\x85(I\x04\xfc\x99|\x85\xf5\xc4\xf2D\
ZNm\x05(\xaf\xac\xa4ec\x0b\x8a\x22\xe3q{\
\x98\x99\x99epp\x84\xc1\xde\x0b\xbc\xf6\x93\xefSX\
R\xc6\x86\xd6v:::\xc8\xbf\x8b*\xca\xd7u\xc3\
y\xe7\x08\xc7\x8e\xbc\xc3\xec\xf48f\xa3\x96M\x9b[\
i\xde\xb0\x05\x9dN\x8f\xcf\x17`rrz\xcd\xf6\xf6\
\xb2,\xa3R\xa9\xc8\xcd\xcdAV\xd2\x9c={\x9e\xce\
\x0b\xdd(HTT\xd4\xb0\xff\xa1\x87ik\xdf\x08:\
=\x84\x83\xf8\xa6\xa7`\xa9.\xe5j?[\xcby-\
\x82\xd9J\xbeV\x8dZ\xa5\x22\x95Z\xfd\x8a \xeb\xa2\
\x04\x0cO\x8f\xb1\xf3\xb1g\xd9\xf5\xc5\xdf&4\xd1\xcf\
\xd8\xbb?apb\x06W\xcdn\x8c\xbb\x9e\xc3h\xcb\
A\xf1\xcc\xa2$\xa2wa\x11d\xf4\xff\xea\x9c\x22\x16\
\x03\x11\xa6\xde\xfc\x0e\x9b\x03}\xfc\x9b'\xb7\xf1\xf0'\
>\x09\xc6<b\x1e\x17\xd1px\xdd,\x82\xebF\xb7\
\xb4Z\x19\x0c\x06\xd46\x07\x00\xb3##\x5c\xb8x\x91\
\xbe\x81>\x5c\x1e\x17\xe9T\x02\x87\xc3BUu\x05\xa5\
%\xc5\xe4\xe6\xe5!\x0a\x02\x81@\x88X,\xbe\x1c\xac\
\xb8'P\x14\xd0h\xd4\xd8l\x16@\xe1\xca\xf8\x04]\
]=\xcc/\xb8\x11\x04\x15y\xf9E44\xb7\xb2\xa9\
\xa3c\xa5;\xf3\xd5s\xdfo\x1d\x5c;\xe9\x17\x9dn\
\xdez\xedU:/\x9c%\x1a\xf6SS]\xc6\x03\x0f\
\xee\xc1\x9e\x93\x83\xdb\xe5!\x1a\x8d\xae\xd9\x9e^\x96\x15\
T*\x09\x87\xc3\x86(\x8a\x8c\x8f\x8fs\xfe\xfc%\x16\
\xe6]\x18\x8d66\xb5o\xe6\xd1G\x1e&\xa7\xac\x0c\
\x22!|^/\xb0\xfa\xe4\x03\xd7$\xb3\xd9\xed`0\
A\xcc\x87\xb3\xe72/\xbdu\x88?\x7f\xf5\x181\xb5\
\xee\xa3\x99\x0d\x18\x9e\x19g\xd7c\xcf\xb2\xf1\xc9O\x13\
\xf2\xb9\xb1\xe4\x17\x11\x9b\x1c`\xe0\xe8\x9b\xccisq\
\xa9\xed\x18v<\x8d1\xb7\x88\xd4\xe2\x95%?\xe1\x9d\
;M\x04I\x8d\x94_\xce\xc4\xd8\x08\xc9w\xbf\xc3\xb3\
5\x16\xf6\x97\x99x\xfa\xd9\xe7 \xbf\x9c\x84\xd7M4\
\x12\xc9\x1c\x7fot\xbe\x00\xe8t:\xb499\x80\x88\
wv\x96\x0b\xe7\xcf\xd3\xdd\xdd\x8d\xa0\x120\x9a\x0c,\
.\xce\x91H\xc4il\xac\xa5\xa5e\x03Z\x9d\x8e\x80\
?\xb0\x14f\x5c\x7f\x11\xd2\xd5\xe1_MoV\xabU\
\xcc\xce\xcer\xf9R\x17\x13Wf0\xdb\x1d\xd4\xd6\xd6\
\xa3\xd1\x1aPk\xf4l\xde\xb2\xe5}\x84\x00\x99\x1az\
o\xbc\xf6\x1a\x89X\x88\xa9\x891\x5c\x8bsl\xda\xdc\
\xca\x96\xad\x1d\xc82\xb8\xdd\x9e5\xbdGEQ\xd0\xeb\
\xf5\xe4\xe5\xe5055\xcd\xe1w\x8f\x22\xa94\x98\xcd\
vb\xd1$\x1d\xed\xed<\xf2\xc8#`0\x10s;\
\x89E\xa3kfA*\xb2\x8cJ\xad\xc6TP\x08\xc8\
\xcc\x9e|\x87s\xbd\x03\x5c\x8eh84\x15dxx\
\x14\xdb|7:\x9b\x039\xfd\xe1V\xc0}K\x00m\
O\x7f\x96\x80s.\x93\xa4\xa37b\xb4X\x89M\x0f\
1~\xe60}\xf3>\x82-\x8f\xe2\xd8\xf3,\xead\
\x94\xb4o\xf1\xae\xfd\x03\x92\xdeD\xd2\x94\xcb\xc4\xd80\
\xe1S\xaf\xf0\xacf\x8e/?\xbc\x99M\x1d\xdb\xd0\xd5\
\xb7\x02\x12\xe9\x80o\xc5!v\xcf\xba\xf0*\x0aj\xb5\
\x1a\x83\xc3\x01*\x0dD\xc2\xcc/,\xd2\xdb\xd3Co\
\x7f\x1f\xf3\x0b\xf3Dc!\x8c&\x1dUU\x15\xb4m\
l\xc1f\xb3\x11\x0c\x86\xee\x8flFQ\xc4l1\xa3\
\xd7\xeb\xf0z<\xcc\xcd\xcd399\xcd\xd4\xd4,i\
Y\xc4\x9e\x93Oeu-\xbb\xf6\xec%\x12\x0e\xf3\xd6\
\x1b\xaf3ye\x18\x9dZ\xa0\xa9\xa9\x8e\x9a\xdaj\xf2\
\x0b\x0a\x08\x06\xc3\x84\xc3\xe15\x9d\xf4\x82 `\xb7\xdb\
P\xabU\x5c\xbe\xdc\xc5\x85\x0b\x97\x89FR\x94\x94V\
\xb0c\xcbV:\xb6t`\xce\xcf\x87T\x82\xa0\xcb\x99\
\xe9\xcc\xb3f\xd6\x87\x8c\xc9dFm\xb3C\xd8\xcd\xa5\
\xb7\xdf\xe4\x87\xc7/\xf0\xee\x5c\x9c\x09S\x05B\xc3\x0e\
\x0a;\xf6b\x1c9\x83\xf7o~\x0b\xd9hE\xb8\x85\
9q\xdf\x13\xc0\xca\xef\x14\x05\x95V\x87%\xb7\x10O\
\xd7\x09z\x8f\xbe\xc9\x84`%\xbd\xfd\x05l\xed\x0f\xa0\
\x8a\xfa3\x11\x03\xee\x22\xac\xa7\xc8\x88\x1a\x1d\xe4\x96q\
\xe5\xfcq\xc4\x0b\xaf\xd1h\x86\xed\x85\x06v\xd6\x96\xd2\
\xb6\xa1\x99\x9c\xfa\x060\xe7\x03B\x86\x10\x82\xc1\xbbJ\
>\xba[\x08dr\xc3\x97\x09!\xe1\xf7q\xf2\xd4\x19\
\xfa\xfaz\x99_\x98#\x14\xf6\xa3\xd5\xaa))-\xa2\
\xae\xae\x9a\xc2\x82\x02\xb4:\x1d\xd1\xa5P\xe3=%3\
2\xe6\xbd\xc9d\xc4d2\xb2\xb8\xb8H\xe7\x85KL\
N\xcd\x90J\x0b\xa4S)l6\x03;vl\xa5\xb6\
\xae\x16\x9f/\xb0R_q-\xb0\xfcYX\xad\x16\xb4\
Z\x0d\xf3\xf3stw\xf7122\x81$\xe9\xa8\xa9\
\xaa\xe6\xd1\xfd\x8fQ\xdf\xb6\x11\xd2IBN'\xa95\
,#'\xcb2&\xb3\x19\xb5\xd5\x0e$\x89\x0et\xf1\
\xda\xc1C\xbc\xd1?\xc5\xe9\x80\x1aWY\x07%[\xf7\
a\xb3\x98Q\xbc\x0b\x08\x063\xa9\xa1\xf3\xf8\xbe\xfb\xc7\
(z\xd3\xaa\x13\xc0=o\x0d\x96N\xc4qO\x8fa\
\xa8neO\xe3f\xaa\x8e\xbe\xc4\xd8\xc0\x1b\xcc^\xb9\
H\xbc\xb0\x0e\xfb\xd6G\x11\xc3\xbe;\x8f\x18\x08\x22r\
2\x013CT\xd5\xd5\x93l\xdf\xc1\xf8\xfc\x0c\x17\xba\
O\xf3\xb5C\x83T\x9f[dG\xfd\x08u\x06\x99|\
!\xc6\xe6\xf66r7\xef\x00\xd4\x10\x09\x13\xf0\xfb\xd6\
}\x85U \xa3;X\x5c\xcc\x90\xa4$\xb1\xef\xe1\x07\
\xd8\xf7\xc4\xe3\x10\x8fq\xe1\xdcy\xce_\xb8@ \xe0\
c\xf2\xca\x02\xfd}#,..P\x5cR\xc4\x96\x8e\
vrrs\x88F\xa2\x04\x02\xc15Mk\xbd\x19\x96\
\xcb\xaa\xfb\xfd\x99\x0aL\xbb\xf6\xec\xe2Q\xa3\x01\x97\xd3\
\x85\xa4\x92\xb0Z\xadx<>ff\xe6\xd7t\xb5W\
\xab\xd5\xe4\xe5\xe5\x10\x0c\x069|\xf8(>_\x80\xdc\
\xdcB\x82\xfe\x14\xfb\xf6\xee\xe7\xa9\xa7\x9fBc\xb1\x22\
\x07\xfd\xf8\xa6'\x10\x04\xf1\xeeb\xf67\x1d\x8b\x8c(\
JX\xf2\xf3AR\x13\xec?\xcf[\xffr\x9c1\xc5\
\xcc\x91\x91\x05N.\xc4\xd0\xb4>G\xd9\xc6\xad\x14\xa5\
c\xa4\xfc.\xe4Eof,\x00\xa2\x84 \x8akQ\
\x15\xfc\xfeP\x02\x8a\xa2D\xd4\xef!&@\xde\x9eg\
)NE\x99\xbfp\x84\xc1\x8b?`r\xf0,\x9a\xfd\
_\xc4RV\x87\xbc8\x89\x92L\xc0\x9d\x98d\xa2D\
:\x12D\x0c\x07\xc8S\x89\x14\xec}\x0cY\xfb\x02\xae\
\x80\x9fo\xccN#\x8f\x8d\xa2^\x98\xa5\xe6\xe4\x8f\xd9\
\x9e\xf7\x1a\xede\xb9l\xd9\xd8B\xf9\xd6\x9d\xa0\xb5@\
\x22F\xc8\xe3Y\xd3\xd5\xe1F\x10\x04\x81\xb4,\xe3w\
e4\xff\xa2 \xd0\xb1\xa9\x8d\x8e={@\x91\xf1\xcf\
\xcd3:6NO\x7f\x1fW\xc6G\xf9\xeew_F\
\x10\x15\xcaJ\x8bh\xdf\xb4\x91\xe2\xa2\x22\x92\xc9\x14~\
\xbf\x9fdr}k\x1d\x5cM\xbe\xca\xf4m\x10D\x81\
t\x22\xc5\xe2\xa2k\xe5\xf7\xab\x89\x95\xf0\x9d\xc5\x8c\xcd\
jall\x9co|\xe3M\xdc\xee\x00v[\x0e;\
\xb6\xefb\xe7\xce\x9d\xe4\x96\x96\x002\xe1\x85\x05\x22\x01\
\xff\x92\x1e\x7f\xf5\x1d\xc3\x8a,\xa3\xd5\xe9\xd0\xe7\xe6C\
:\xca\xf0\xa1\x97y\xeb\xccE^\x1f\xf3\xd1\xa5*F\
\xa9\xaa\xc7\xde\xf10\xcd\xb99\x10t#\xbb\xa7H-\
{z\x97?\x1bE\x01I\x02A\xe2fV\xfa\xdd\xe0\
\xbe \x00\xb8\xa6\xe4\xb6{\x01\x04\x81\x9c\xed\x8f\xb3o\
\xeb\xc3\x8c\x1e\xfa1\xdd\xdf\xffO,\x94w`\xdc\xfb\
\x22\xc6\x82\x22\x14\xef<J2~g\xa1CA\xc8\xb4\
Z\x0ez \xe8\xc1\x0aX\xf3\xed\x08\x95\x0f\x83\xe1\x05\
\x9c\xae\x05\xfe\xa1\xfb,\xe2\xc5\x11*\xce\x1fd\xdb\x8f\
\xdf\xa1\xa3\xc4NGK#\x0d[\xb6\x81\xbd\x00d\x01\
bq\xc2\xc1 \xc9u, \x22,\xe5H\xf8\xfd~\
\xf0\xfb\x81L\xcd\xf8\xcd\xed\xadl\xde\xb3\x1b\xd2I\xfa\
;/s\xa9\xbb\x87\xf1+\xa3\xbc\xfc\x93\x83(\xa4\xc9\
\xcf\xcf\xa1\xa5\xb5\x99\xc2\x82|4\x1a\x0d\xb2\xac\x10\x8d\
FI$\xd6Ww\xb0\x16\xc9,\xcb&\xbe\xd1h@\
\xa7\xd7\x11\x8b\xc5\xe8\xbc\xd8Iww?rZ\xa4\xaa\
\xaa\x96\xe7\x9e\xfd\x0c[v\xef\x04 \xb20\x8f\x7ff\
je\x82\xadz\xf8N\x96\xd1\xea\xf4\xe8\xed6\x90D\
\x98\x1e\xe5\xf8\xb7\x7f\xcc\xcb\x17\x06ys.\xc5\xbc\xad\
\x8a\xdc}\x9f\xa5\xbe\xbc\x12\xc5\xbb\x80\x12\x8f ;?\
\xc0!\xad(+\x96\xc9Zt\x06\xb9o\x08`\x05K\
\x1fB\xd8\xbdHD\x94\xa8<\xf0Y\x8a[\x87\x188\
\xf4\x13\xa6\xde\xfck\xdc\xa5m\xe8\x9b\xb6c\xcc\xaf\xc8\
\x14\x17Y\x8d\xac\x1b9\x8d\x12\xf2B\xd0\x83M\x14q\
l\xdb\x03\xc6\xa7\x09\x06\x83|\xbf\xf7<\xff\xdc\xdfG\
\xf1\xe5\xe3l9\xd4\xc9\xce\xa6:\xea\x1d:\x8a\xac\x06\
*6\xb4AA\x19\xa4\x93D<\x1e\x92\x89\xc4\xbaG\
\x15\xd2\xb2\x8c?\x10@\xf1g\xd4p\xf5\xf5\xb54-\
\xe9\x0e&\xfa\xfa\xb8\xd4\xd5\xc5\xe0\xd0 \xa7Ov\x92\
\x9b\x97\x83J%\x90J%\xa8\xae\xae\xa4\xb6\xb6\x06A\
\x10Vj\x1d|\x94\xb0\x9cr\x9b\x93\xe3@\x96\xd3\x9c\
:u\x86@ D*\xa9\xe0\xf7\x85i\xdb\xb8\x9d\xc7\
\x1f\xddOqM\x0d\xc4\x22K\xb9\x22\xac\xbaL|y\
,\x00V\xab\x0d\xc1dF\x99\x1a\xa2\xef\xc21.\xcc\
\xfax\xe5\x5c\x1f\x17<i\xe2\x0d\xbb)\xfb\xc2~6\
\xaa \xed]@\x9e\x1b\xbd\xa5\x05LA\xc9l}\x05\
\xf1\xa3\xdd\x19\xe8v!\x08\x02(2\x81\xf9i\xd4\x96\
|\xda\x7f\xfe\xf7\xa8\xbf\xd2\xcf\xd8\x85\x93\x0c\xfd\xf3\x1b\
8\x1b\x1f\xc4\xf6\xc8gP'#\xa4\xbd\x8b \x0a\xdc\
u\x90|\xd9:\x08\xfb!\xe4\xc3(\x08\xd45\xb7\x22\
l\x7f\x90p4\xc6[c\x83\xbc6\xe9\xc52\xe4\xc6\
\xee\xbaH\xbd\xfam\xb6\x96\xd8\xd9\xdb\xd6@\xf3\xa6-\
PR\x0d(\xc4\xdc.\xe2\xcbE<\xd6\xb9\x80H(\
\x14\x82`&+\xb0\xa80\x9f\x8a\xe6O\x01\x02\xee\xa9\
I\x16\x17],,\xces\xf1R'G\x8e\x9c\xe3\xf0\
\xe1\x938\x1c6\x1a\x1aki\xa8\xafC\xab\xd5\x12\x08\
\x04\x89Fc\xf7\xdc\x91x3(\x8a\x82N\xa7#'\
'\x93r\xfb\x93\x9f\xbc\xc2\xd4\xd4,6[\x1e[;\
\xb6R_WG\xf3\x86&\xd0\x19Hx\x5cW\xb3\xef\
\x96\xf7\xd3\xab9\x16YFR\xa90\x17\x16\x03\xe0\xeb\
:\xc9Ko\xbd\xc3\xcb}\xb3\x8c\xea\x8a\xf1\x164\xa2\
\xd9\xf4y\xca\xaajP\xc5\x02\xa4\xbdS\xa4\x96\xcd\xfb\
[\xb5^\x95%\x02\x10\x85\x15\x9d\xc0j\xe2\xbe%\x80\
e\x08\xa2H*\x16\xc1\x17\x0d\xa3\xb6\x15\xd2\xfa\xe2\x97\
\xa9\x1c\xea\xa4\xef\xd8A\x86\xfe\xfe\x12\xca\xb6g\xb1\xb6\
\xecD\x15\x0f!\x07\xbd\xac\x9aZf\xe9\xe1\x97ca\
\x88\x85\xd0!PY\x5c\x08\xe5e\xa4\xb5F\xa2\xc94\
\xef\x8e\x0f\xf2\xdah\x17EC\x17hz\xf5\x0cmy\
\x06\xf6n\xa8\xa1\xa3c\x0b\xd6\xf2JP\xe9 \x91\x22\
\x11\x0e\x13\x8dFW\xc7Z\xb9\x8d\xb1Gc1\xa2\xb3\
3\x00\xe8uZ\xeaj*ijoe\xdf\x81'q\
OO\xd3y\xe1\x02]\xbd=\x5c8\xdf\xc7\xc9\x13\xe7\
1[\x8c\xd4\xd5VQUU\x81\xd9bE\x14Db\
\xb18\xd1\xe8\xbd\xd7\x1d\xe8tZ\x8cF\x03\xa9T\x8a\
\x91\xd11~\xf2\x93W\x08\x04\xa2\xe4\xe7\x15\xf2\xdc3\
\x1f\xe7\xb1'\x1e\x07\x8d\x96t\xc0K\xd0\xeb%-\xbb\
\xd7L\xa1'I\x12f\xbb=\x93\x0c\x16rr\xfeG\
\xff\xc4\xebg.sx6\xc2\x80\xae\x1c\xe3\xf6/S\
PY\x83=\x1e\x86X\x10eq\x82\xf4\xedL\xfa\xeb\
/\x98q\x02\x0a\x22k\xd1\x1bl]\x08@N\xa7\xd1\
\x1a\xcdh\x0c&\x14Y\xbe\xa3/E\x10\x04R\xf1(\
\xde\xb90\xda\xd2z\xb6\xff\xfcF\x8a\x0f\xff\x98\xe1\xd3\
\xdf\xc2u\xa5\x93P\xddv,M[\x11#\xbe\x0c\x11\
\xac\xaaS'\xf3\xe0+\xa9\x04\xa4\x12\x88\xb1\x10F\x04\
L\xa5%\x88M\xadDe8\x7fe\x84C\xc3\x97\xf9\
\xda\xab\x834\xbd\xd3\xcd\xe6\xbaJ\xb6U\x17Q\xaa\x97\
(+/\xc7\xda\xd4\x06\xa8H\x05|\x84\xef\x81\xee \
\x99L\x92L&!\x12\x01E\xc1\xa0\xd5\xb0\xff\xe9'\
\xd9\xff\xdcsD\x5c.:/]\xe2\xd2\xa5K\x0c\xf4\
_arj\x01\xbb\xcdL4\x1a\xc1n\xb7\xd2\xd6\xd6\
\x8a\xd5j%\x10\x08\x12\x0eG\xd6%*\xb2lV\xdb\
l6\x0c\x06-\x97\xbbz\x98\x9a\x9c&\x9d\x16X\x5c\
\xf4PZ\x5c\xce\x97\x7f\xfe)jZZ@I\x13\x98\
\x9fC\x96\xaf~\xa6\xab:\xbe%%\xa3\xc9lFe\
\xb5C\xd8\xc3\xf0\xf1\x83\x0c8\x83\x1c\xea\x1e\xe1\xadq\
/\xee\xe26\x8a\x9f~\x88f\x87\x03\xc5\xb7\x80\xec\x9e\
BY\x9e\xf0w3\x16EY\xb2`D`\xf5\xd3\x81\
\xd7%\x19(\xe9\x9c\xa10\xbf\x88\xad\x9f\xff\x0d\xf2K\
J\x099\x17H\xa7\xef\xdcy\xa6,\xad\xa4\xa6\x9c\x02\
\xa4x\x08g\xcfY\xfa\xba.1)XQ?\xf0)\
\xacu\x1bQ\x5c\xd3\x99\x09{'\xac{\xfb\x03BP\
k\x10M6\x12\xa2\x06\xf7\xcc\x14\x81\xc5\x19\x8cQ\x0f\
\x16\xf7\x04\x05\xf1E\xb6\x15\x1a\xd9\xd3PF[K+\
\xf6\xd6M e\xf4\xe4\xc1@\x90\xb4\xbc\xbe\x91\x85\xeb\
\x87\x9eQ\xf5\x99lV\xd0\x1a\x90\x03~\xaeLM\xb3\
\xb0\xb8\xc0\xf0\xd0\x10#c\xa3\x04C~t:\x15\xe5\
\xe5%\xb4\xb7o$??\x7f\xa5Y\xeaj\xb7^\x93\
e\x19\x8dFCnn\x0e\xf1x\x8c\xe3\xc7O\xd1\xdb\
3\x88\xa4\xd2\xb2\xa5c\x0b\x9b\xda6SSU\x81>\
7\x0f9\xe0#\x10\x08\xac\xc9\xbe\x1eX\x89\xbaX\xf2\
\xf2A\xad!<\xd8\xc9\xbb\xef\xbe\xcb\x1b=W8\x93\
r\xe0\xcak\x80\x9cRJ\x1b6\xa0\x17\xd2\xa4|N\
\x90\xe5\xd5ME\xd7\x9bP<\xf3\xf8\xbe\xf5\x87\xa4\x92\
\xf1\x8c\xa6\xe5Cp\xdf\x09\x81\xe2^\x17[\xab\x8a\xd0\
9\xf2\xf1\xe9\xf2i\xdc\xfb\x18f\x8b\x85\xa8\xcfM:\
y\xe7I:\xca\x12;\x1al9H\xf10\x13G_\
a`d\x8c\xc5\xca\xed\x18\xf6|\x0c\x83\xd5\x0e\xbe\x05\
\x94D\xfc\xceB\x87w\x0aQBP\xa9Ik\x0c$\
UZ\x02\xaeE\xbc\xbd\xe70\xcc\x0fR\xa5\x8a\xb15\
W\xcd\xce\xda\x22\xda74S\xb2\xa1\x15,9\x90V\
P\xa2Q\x82\xc1\xe0=S\xf6-\x9b\xb7\x1a\xb5\x1a\xad\
\xd1\x08:\x03\xc4\xa2\x9c;{\x9e\xceK\x9d\xcc\xcf\xcf\
\xe1\x0fx\x90T\x02\xc5\xc5\x05457R\x90\x9f\x87\
$I$Si\x22\xe1\xc8\x1d\x11\x82,\xcbh\xb5\x1a\
L&\x13\xa2(p\xe5\xca\x04g\xce\x9c\xc7\xe5\xf2\xe1\
\xb0\xe7\xd3\xb1y\x0b\x8f>\xf20\xa6\xfc|\x08\x05\x08\
\x85\xc3kV\xbe\xfdjF\xa7\x15\x8cF\x88\xf9\x998\
w\x927\x8e\x9d\xe1\xc7Cnzd;b\xd3N\x8a\
\xdb\xb6cPR\x10\x09d\x16\x9a;\xa9sq\x0b\x10\
\xf4&\x08\xf9\xf0~\xfd\x0fH\xc5B\x88\xda\xd5\xcd\x06\
\x5c\x17\x02X\x1c\x1f\xe6w~\xfdWy\xe4\xf1\xc7\xf8\
\x87\xff\xf3\xa7\xb8S*T\x05\x95\x94\xb7m\xc3\x9e\x93\
C`q\xee\xaeLbE\x91\x11%\x15\xe6\xfcbR\
\x8bS\xf4\xbc\xf6/L\x0bf\x82\xa5\xadhZ\x1e\xc0\
\x94[H\xca9\xb9\xea\xec|\x8b\x83\x03QB4\xd9\
\x90uf\xbcn'\xae\xbe\xf3\xa8\xa6z)\x93\xfdt\
\x94\xe5\xb0oc=%z\x81\xe2\x1c;\xc5\x9b\xb7\xdd\
S\xdd\xc1\xf5C_Z\x01m\xb6Lr\x8a\x92\xa6\xef\
B'\xe7.\x5cdb\xf2\x0ar:A~a.\xc9\
D\x1cI%\xb2\xa1\xa5\x99\x92\xe2\x22\x12\x89$~\x7f\
\xe0\x03'\xe9\xb2\x89o2\x19q8\xec\x0c\x0c\x0c\xd2\
\xdb\xdb\x8fJ\xad\xc5\xe9\xf4a1Z\xd9\xbbg/\xbb\
\xf6=\x00\x92\x8a\xc8\xe2|\xa6*\xf3\x1a\xea\xf15\x1a\
-\x86\xfc\x02H\x86\x99=\x7f\x92\xa197ov\x8f\
shp\x8a)k-\xb9\xbb\x9f\xa6\xa0\xa4\x14\xfc.\
\xe4\x88\x7f\xe9YZ\x83\xeff\xc9\xc2\x15\xady\xa4\x8d\
v\xe2='\x88}\xf7\x8fH\xa1 \xaa\xb5\x1fz\xfa\
}G\x00\xee\xc91>\xff\xb1\xe7\xf8\xd4W\xbeJ4\
\x14b\xe1\xca\x08\x97/\x9c\xe7B\xef\x08\xa6\xba66\
\xee{\x02AN\x11\xf1\xba\xeeJ\x90\xa1\xc82*\xbd\
\x01\xa3\xd9Blj\x98\xa9\xde\x8b\xf4\x8cO\xe3\xaf\xdb\
\x8d\xe3\xc1\x17\xd1(i\xd2\xde\xf9U\xf6\x0f\xdc\xce\x00\
\x97\xbeX\xa3\x05\xc5`#\xe0\xf7\xe3\x9a\x1cA\x0c\xba\
1\x87\x16p\xf8&\xd8lQ\xd8R\x9e\xcb\xa6\xa6:\
\x1a\xb6\xef\x06K>\xc8)\x22.\x17\x89{]/\x00\
0\x9b\xcd\x88\x16\x1b\xa0\xb086\xce\xdc\xc2\x02\xd3s\
s\xf4\xf4t\xb10?\x8b )\xe4\xe7\xe7\xd0\xde\xbe\
\x91\x8a\xcar\x14\x19|>\xffJI\xf5k\xbb\xe1\x80\
\xc2\x85\x0b\x17\xb9t\xa9\x97T\x0a\x1a\x1b7\xb0\xb9\xad\
\x9d\x86\xfaz\xec%%\x90\x88\x12p\xb9W\xcai\xad\
\xc1M\xa1(\x0aV\x9b\x1d\xc1d\x06\xef,\xc7\xdfx\
\x8d\x1f\x9c\xea\xe2BX\xc3Bn#\xf1\xfcj\x0aj\
\x9b\xb1\x1at\xa4=\xf3w\x9e\xba~K\xe3\x91\x114\
:D{!\x89x\x9c\xc0\x85\xb7\xd1M\xf7b\x5c\x1c\
\xc1\xb30M\xcahG\xbc\x05G\xe0}I\x00?\xf7\
\xf1\x17x\xf63\x9fc~v\x0e\x9d\xc1\x80\xc3\x91\xc3\
P\xe7\x19\x0e\xbfu\x90\x99P\x92\xca\xbd\x07\xa8i\xdb\
B\xcc\xe7&\x19\x8b\xdcUF\xa0\xa2(\xa8tzL\
6\x07\x81\xfes\xf4\x1d\x7f\x9b\xf1\xb8\x1ay\xcf'\xb1\
\xb4\xefC\x8c\xf8!\x16\xca\x98n\xf7\xac\xe6\x9d\x02\x82\
\x88 \xa9Q\xd4:\xd2:#\x91H\x84\x85\xbe\x8b\xc8\
\x93}\x14'=t\xd8\x14\xb6\x15\xdb\xd9\x5c_I\xdb\
\x8e\xddPP\x01r\x82T0L<\x1e'\x95Z}\
\xa7\xd0\xad\x0d=Cd\x1a\xb5\x1a\x9dN\x87`\xb6\x80\
\x22s\xa5\xb7\x9f\xce\xaen\x86\xc7Fp:\xe7I\xa5\
\xe28\xecVZ\xdb6P]U\x89 \x8aH\xa2\x84\
\xcf\xe7\xe3\xd4\xa9\xb3\x8c\x8fO\xa1\xd7\x9b\xa9\xaf\xad\xe7\
\xa9'\x9f\xcc\xc4\xec\xe3Q\x22~\xff\xda\x91\xdd\xd2s\
\xae\xd5\xe9\xd0\xd9m \xaa\xf1v\x9d\xe6\xa57\xdf\xe2\
\xd0\xc8\x22\xa7#F\xc25;(n\xdf\x89I\xabF\
\x0a{\x91\x93q\xd6\xca\xc4GQ@\xa5F\xd0\x19Q\
\xf4f\x223cD\xbb\x8eat\x8eP\x22\xc6h\xdc\
\xd8N,%\xf3\xc6K\xdf\x03\x9d\x09\xe9\x16\x86p\x1f\
\xe7\x02dt\xd6\xf1h\x94\x99\xa9\x09J\xea[\xf8\xc5\
\xb6-\x5c<\xfc\x16G\x8f\xbf\xc6\xe9\xa1\x1e\x0a7t\
PZSO:\x16&\x1e\x0e\xddq\xc4 \x1d\x8f\xe1\
\x9b\x9bBW\xd1\xcc\xae\xc6-\xd4\x9cy\x8b\xae\x93\xff\
\x84s\xf8\x1c\x947#\x9b\x1ch\xf3J\xd0\xe5\x95 \
$c\x19e`*\xb5\x8e[\x84\x8c\xe6`9\xb2 \
E\xfc\x98\x05\x01kK\x1b\xec\xd8G4\x9e\xe4\xad\x81\
K\xfcd\xb4\x8b\xbc\xde.\xda\xdf:\xcf\xd6\xaa\x02\xb6\
55\xd0PZ\x80\xb5\xb0\x18\x8a+\x00\x99\x98\xdb\xbd\
\xbe\xba\x83\xa5k$\x92I\x12\xc9d\xa6\xc7\x02\x02\xc5\
%ET\xb6\xb4\x000?>\xce\xa5\xceK\x0c\x0c\x0f\
r\xf2\xf8EN\x9d\xbc@yy1\xb1X\x9c\x89\x89\
Y\xec6\x07\xcf?\xfb\x09\xf6\xef\x7f\x18tz\x92^\
7\xde\xe9\xc9\xb5+\xe4\xb9T\xec\xc3TX\x08\x88\xa4\
\xc6{\xb9|\xfe$o\x9f\xbf\xcc\x1b\x83\x0btiJ\
1o\xfc\x0c\xa5M\x1b\xd1\xc4\x83\xa4\x82.\x88\x80\xbc\
2\x8e\xd5\x8d*\x00\x88F+\x18m\x84\xe6&HN\
u\xa1\x9e\x19\xc0<\xd7O\xbdIEI\xeb\x06\xf2\xda\
w\xa3\xb1\xe73v\xf2m\x94TjM\xc2\xc8\xf7L\
\x07 \x8a\x12~\xaf\x07\xbf\x176>\xf8\x18\xd5\x1b\xda\
\xe8\xbft\x81\xe1\x81\x13\x1c?u\x88\x86G\x9e\xa5\xa4\
\xaa\x86\x90s\x8e\xd4\x1d\xee\xfd\x04Q\x22\x1e\xf0\x11\x0b\
\xf8\xb0o\xd9\xcf\x9e\xba6\x5c=g\x89\xa7\xa6p\x8e\
\xf7\xb2x\xceE@m!UT\x87\xae\xa1\x03}A\
9\xa2\x9cB\x09\xb8QRq\xd6\xb5\xfa\xc6\xb2\xee \
\x1a\x82h\x10\xad\x02\x95\x95\x95\x88\xad\x9b\x89)\x22\xa7\
\x86\xbay{b\x90\xdc@\x90\xca3\xb3\xe4\x06~L\
\x93U\xc5\x83\x1b\x1b\xd8\xb4e+\xba\x8a\x06@$\xe9\
\xf3\x10\x89\xac]\x8b\xab\x0f\x1a{4\x1a%\x1a\x9d\x06\
E\xc1f6\xf2\xc4\x0b\xcf\xf0\x84\xf0\x02\xbe\x99\x19z\
z{\x09\x06\x03\xa4\xd32\x07\xf6?K\xf3\xd6- \
\xa7\x08.,\x90^rz\xaeE\xd1\x0fE\x961\x18\
\x8dh\xec9\x10\xf1r\xf9\xa5\xef\xf0\xe6\x99\xcb\x9c\x8d\
\x99\x18\xd3\x970\x9f('\xff\xf1O\xd3V\x5c\x82\xec\
\x99Gv^!%\x88d\xf4\xf8\xab=\x18\x05D\x11\
\xd1^HJ\x10\xf1\xf7\x9fC\xee=N^\xd2GI\
I\x11v\x9b\x0aG\xfbS\x18\xcb\x1b\x88\x86B\xf8\xdd\
.\xf4\xa94\x02 J\x12\xf2\x1aX!\xf7<\x1b\x10\
`qv\x06\xb5F\xcb\xd6G\x0e\xd0\xb1;\xcc\xb17\
^\xe5\xccK\xff\xc0h~5-\x0f?\x855\xaf\x88\
\xb0\xd7\x89|'\x0e\xb1%\x05X\xc89\x87\xa4\xd6\x90\
\xbbm?*Q\xa4\x22\x1e!<7\x81wr\x98\xc5\
\xf9s8'\xcf\x11T\x99H\xe4U\xa1\xa9\xeb@W\
\x5c\x89\x04\x08\xb1\x10\xa4\x12(\xa9\xe4\xaa\xdf\xff\x07\x0c\
:c $b\xa4\xdd\xb3\xa8\x15\x85\xb2\xa2\x02\x84\xaa\
\x1a\x92\x82\xc4T4N\xdf\xfc\x14\xaf\x8d\xf5\xf0\xf5W\
\x06hz\xfb2\xad9Zv\xd5\x97\xb3c\xebV\xac\
\x0d\x1b@\xd4B(@4\x9e \x99H\xa0\xac\xa7\x03\
TX*\xa9>7\xbfTTS\xc3\x9e\xbd\xbbA\xa3\
\x01 \x1d\x0e_\xd7\xf8u-\x88J\xadRc\xb0\x98\
Ag 9\xde\xcb\xc1\x1f\x7f\x9b\x1fw\x8e\xf2\xaeK\
\xc0[\xd0\x80c\xd3>r\xf2\x0b\xd8\x90\x8a\x22\x87\x03\
\xa4\xe6\xc62{\xfb\xd5\xde\xdf/MzAk@1\
\xd9\x89\x07\xfdDN\xbc\x82f\xfc\x22EJ\x88\xd2\xfc\
\x5c\xca\xda\x1fF_XNR\x86X8\x88wn\xfa\
\xba\xd0\xa6 \x8aK\xca\xd8\x9f\xd2\x5c\x00Q\x14I\xa7\
\x928\xe7\xe7\x10E\x89\x87?\xfe\x196n\xdb\xc1;\
\xaf\xfc\x84\xfe\x97\xbe\x81\xa9\xae\x9d\xf2\x0d\xedX\xec\xb9\
\x84\xdc\x8bwd\x0a\x09\xa2\x88\x9cN\x11\x0b\xf8X\xde\
\xcfI\xf9\xe5\x94\xd4\xb4R\x8eBtf\x14\xcf\xf8\x00\
\xce\xf9^\x16\x0f_\x22\xac\xb7\x91(\xaa'i/A\
2\xdb\xd1\x17V\xa2\xd2\xa8Q\x82^\x94x\x845\xdb\
\x13\xdep\xf0\x02J2\x81\x92\xf4 \x016E\xc1^\
\x90\x8bX\xf3\x02\x09QC\xef\xf4\x15\x8e\x0f]\xe6\x1b\
\x87Gi<\xf6mZs\xb5\xec\xd9\xd8\xc8\xe6\xfaJ\
r,V\xf4\x955\xa06\xa1\x84\x83\x04\x03\x81u\x0d\
3.w0\xf2/\x95\xd2\xba\xf6\x9eVs\x04+\xe5\
\xb4rr35\xfb\xe6F\x99\xba\xd4\xc3+'.\xf0\
z\xf7\x15\xbaR\x16hy\x82\xb2g\xf6P*\xc7I\
{\x17Q<\xd3\xa4W\xc4:\xab<\xf1e\x19Ao\
B\xb0\xe6\x11\xf3\xbb\x89M\x0d#M\x0f\xa0\x9d\xe9\xa3\
A\x93\xa2\xa2\xa9\x81\xdc\xd6\x9d\x08&\x1ba\x8f\x13\x9f\
\xc7\x95Q\xfbq\xfd\xf6GYJ\x06\x12\x84\x9f\xe2t\
\xe0ed\xbc\xc42sSS\xe8MV>\xfdk\xff\
\x9a+\xbd\x97\xe8\xbe\xdcE\xef\xf7\xff\x16MY#\x9b\
\x1e\x7f\x1e\x921\xc2^7\xc2\x1d\xeb\xff3\xe7\xa4\x13\
q\xc2K\x84\x22\x9ar\xc8\xdfy\x80R\xb5\x9a\xe8\xfc\
\x04\x81\xc9!bI\x0f>\x97\x0bg\xef\x1c\xbe\xa4\x80\
?\xaf\x0a\xa9\xbc\x19Ce3\x1a\xbd\x11%\xecE\x89\
\x86\xd6?\xbc(\x08(\xa9$i\xdf\x22\x92\xa2P`\
\xd2R\xfc\xc0\xa3\xa44/0\xb90\xcb\xc5\xc1\xcb|\
\xffr\x98\xaa\x91Q\xec\xbei\xaa\xa5\x10{\xebK\xd8\
\xd4\xdaB\xe1\xc6\xcd\xa0\xb7A<J\xc8\xe7\xbb\xa7\xed\
\xd0W\x03\xcb\xc2!c~!\x90f\xfe\xcca\xbe\xff\
\xc6!N\xbaef,\x95\x8c%\x0b0\xefy\x8c\x9a\
\xeaz\xc4\xa0\x8b\xf4\xe28\xa9\xe5\xe7f-V{A\
@\xb4\xe4\xa0\x18\xac\x04\x87:I\x1c\xfc\x16\xe6\xe0\x1c\
\x0d\x85\xf9\xe4\x9b\xf5\x98wl\xc5\xda\xb8\x89dZ!\
\xe4\xf7\xa0,U@\x12n6\x16EA\x94\xa4\x95F\
\xa1\xab\x8d\xfb\x8a\x00\x96!\x8ab\xc6Q89\x81\xbd\
\xb8\x82\xa7\x9bZi\xeb\xef\xe6\x9d\xb7\xde\xe4\x9d\xbf\xf9\
c*\xb6?L\xdd\xe6\xed\xc4\xfd\x1e\x12\xb1\xc8\xcd?\
\xbc[\x85  \xa7\x92D}n\xa2\x8a\x82\xa81`\
i\xd9\x85C\xa5\xa2\x5cN\x91\x08x\xf0\x8e\x0f\xb00\
5\x8c\xe7|\x1f\xbe\x0b:<\xb6\x12\x84\xb2F\xf4U\
-\xe8,\x0e\x94H\x00%\x1a\x04y\xf5\xf5\xda\x1f6\
v\xe44\xe9\x80\x07Aq\x93\xa3\x96\xc8\xdb\xb2\x83\xb4\
J\x8b7)3\x1d\xf0sb\xac\x97\x7f>\xd5C\xc5\
\xa9\xd7\xd8d\x7f\x93=\xd5\xf9\xb45\xd5S\xb3ik\
&\x9b1\x19'\xea\xf3\x91L&\xd7d\x95Ymd\
V{\x01\x8b\xd5\x82`\xb2\x80o\x9e#\xff\xf47\x1c\
\xbc4\xc4\x91\xf9\x04\xa3\xb6:\x8c\x1b\xf7\x92STJ\
\x83\x98F\x09\xfbQ\xe6\xc72z\xfc5\xd1\x11(\x08\
*\x0d\xa2\xad\x80x,J\xb0\xf3(\xc2\xd8%\x0a\xe2\
NJm&\x8a\xb6o\xc1R\xdd\x84\xac\xd2\x11\x8f\x86\
\x09\xb8\x9c+9+\x1fF\xbe\x0a\x0a\x82\xb86\xdb$\
\xb8O\x09`\x19\xa2(\x12\x09\x87\x08\x05\x03\xd8\xcb\xab\
\xf9\xc2\xaf\xff\x16\xe7\x0e\xbd\xc9\xe9\xd3or\xac\xf7\x02\
\xd5\xbb\x1f\xa3\xb4\xa6\x8eD\xd0O,\xe4_\x9d\xa2\x0e\
\x82\x80\x9cN\x93\x08\x07I@F\xe6+i\xb1\xb7\xed\
\xa1p\xc7c\xa4\xfc.\xfcc},\x5c\x19\xc1\xd5=\
\x82\xaf\xebM|\xd6\x12\x94\x92\x06\xc4\xdc2ty\xc5\
h\x8d&\x88\x063Y\x85\xe9\xf4\xba\xee\xbd\x91e\xe4\
H\x10\x81 &E\xc1\xa4\x11)\xda\xb4\x0de\xcfc\
\x04\x02\x01~0p\x89\xefw^\xa6\xf8\xdc\x116\xfe\
\xf8\x08\x0fT\xe5\xb1\xb9\xb9\x81\x86\xba\x1a\xf4%\x15\xa0\
\xb1@:I\xd8\xed\xbe\xa7}\x0a\xde\x8be\xe1\x90\xc5\
jE4Y \x19\xc4\xd5\xd5\xc9\xe1\xd3gy\xbdg\
\x92\xc3A=\x91\xf2-\x94\xbe\xf8 \x1bL\x06d\xef\
\x02Jp\x1ey5\xf4\xf87\x1c\x90\xbc4\xe9\xf3\x89\
'SD\xe7\xc6Iv\x1e\xc58\xd5E\xb5\x10\xa1\xb8\
\xb0\x80\x92-\x9fD[PN\xd8\xe7&\x18\x08\x02\xc1\
\xa5L\xc0\xdb\x18\x8b\x02\x82 \xadh(V\x1b\xebH\
\x00w\xfe\x05\x88\xa2H\xd0\xe7#$\x08t\xec\x7f\x92\
\xd6\x1d\xbb9\x7f\xe4\x1d\xc6{\x8fs\xe4\xd8\xebTn\
{\x88\xaa\x0dm\x04\x9ds\xa4S\x89\xbb\xb7\x08\xae\x1b\
\xb6\x80\x22\xcb\xc4\x82\xfe\x8c\xff@\x141\xd4m\xa2i\
\xd3\x03(\x91 \xfe\xf1>\x5cW\x86\x89zz\x88\x84\
'X\xbc\xe0\xc6\xa3\xa8P\x8a\xeb1\xd4w\xa0+,\
G\x88\x85QB\xbe\xa5\xdc\x84u\x8e,(\x0ar$\
\x00\x11?f\x04\xacM\x1b`\xdb^\xc2\xb1\x04\x87\x06\
/\xf3j\xffEJ&\xc7h\xbe\xec\xa3<\xf9:U\
\xaa\x04\x1dM5l\xdc\xb1\x1bJ\xcaYNo\x8e\xc5\
b\xf7T\x9el.(\x00A\xc2\xddy\x9cC\x87\x8f\
p9\xa4\xe2b\xdcH\xd7|\x02m\xd3\xf3Tl\xda\
\x91\xa9!\x19\xf0\x90\x8ezn/\xe5\xf6\xd6G\x03\x0a\
\x88\x063Xr\x09\xcfM\x10y\xeb[X\x82sT\
;l\x98\xa2.\xf2Z\xea\xc8\xdf\xb4\x97\xb4\xa8\x22\xec\
u\x12\x99\xbdZj\xec\xce\xee_F\x94\xa4L\x84$\
\xbd\xfa\x9a\x95u!\x80t*\x85\xc1d\xc2\x96\x93\xcb\
\xc2\xec\xec\x1d\x15\xdc\x5c>\xde9;\x83\xa4V\xb3\xfb\
\xa9\x17\xe8\xf0{8\xfb\xeeA\xce\x1f\xf9!\xd3}\x97\
\xd8\xb8\xff\x19,\x8e\x5c\x82\xce\xf9\xb5I\xbd]\x9aP\
\x89H\x88D$\x08\x08h\xca\x1a\xa8n\xdc\x82\x98N\
\x22\x87|\xf8\xa7GqM\x8c\xe2\xber\x0c\xf7\xe8I\
\xfc\xba\x1cRy\x15\xe8j7a(\xadAL\xc6Q\
B\xdeLE\xa3u\xc5\xb5\xe9\xcda\xf4\x8aBee\
%B\xcb&bi\x85s^\x1f\xefL\x0e\x91\xbe2\
@~\xffe\xda\x0f^dk\x91\x99\x8e\xea2:\xb6\
o\xc7V\xd9\x0c@\xd2\xeb\xce\xa4\x07\xaf\xf5p\x15%\
#\xd6\xc9\xc9\x83\x98\x9f\xa1\x83?\xe1\x95\x13\xe7yi\
,\xc0\x88\xba\x00\xea\xdb)\xdc\xd8N\x93A\x97)\xa7\
5?z\x8dCo\xb5W\xfbLY.\xd1\x9aOZ\
R\xe3\x1b\xbc\x88\xdc\xfd\x0f\xd8\x03\xb3\xd4\x18U\x947\
\xb4\xe0\xa8kA4\xe7\x10\x8dD\xf0\xb9\x9dK\x16\xfe\
\x07\xec\xedo\xf9\xda\xcbU\x8b\x84\x8fhA\x10A\xc0\
b\xb1r\xfa\xddC\xe8\xed9l\xda\xb6\x03\xadJ\xc4\
\xb5\xd4h\xf3\xb6\x89@\x14\x91\xd3i\x16gg\x10U\
*\x1e\xfe\xf8\xe7\xd8\xb4{\x9a7~\xf0].|\xeb\
\xcf1\xd7\xb6\xd1\xb4\xfb\x11\x0c\x06=!\xd7\xc2\x1az\
\xbc3\xef\x99\x8aE\x09\xc5\xa2,\x7f;\xba\xca\x16j\
[wS\x97N\x12\x1c\xeb\xc59\xda\x87w\xfe<\xae\
\xc9\xf3\xf846\xd2\xf9U\x88\xa5\x0d\xa8\xf3J\xd1Y\
l\x88J\x1a%\xe0Y*q\xb6\xce\x8e\xc4D\x0c\xc5\
3\x87\x06\x85\x02\x01\x0a\x1b\x1a\x10;v\x10\x93\x05\x8e\
\x0f\xf7\xf2\xe6\xf0%\xacC\xa3l<\xd2\xc3\x96|\x03\
\x9b\xeb*\xd8\xde\xbe\x11KY\x05X\xf2\x001\xd3c\
a\x95j\x1d(\xb2\x8cV\xafG\x9f\x93\x07J\x0c\xf9\
\xca\x08\x87^\xfb\x11\xdf?\xd3\xc3i\x0f\xcc\x17l\xa0\
\xf0\xd9\x034\xe5\xe4dRn\xc3\x8b\xc8\x915\xf2\xe2\
+r&\x87\xc3\x96OZ\xd2\x10Y\x98&q\xf2\x15\
\xd4\x13]\x14$}T\x14\xe6R\xbc\xf3\x00\xc6\x8aF\
\xa2\xe1\x10\x81\xa0\x1f!:\xb74\xe9\xd7 )hm\
\xe6\xff:\x10\x80\xa2\x90\x14%\xaa\x1d\x16\x1c\xaei~\
\xf4\xf7\xff\x17ky\x15\x8f>~\x009\x19\xc7\xe7v\
\xdfQ\xa7\x1eA\x14Qd\x99\x99\xc9+\xe8\x0d&>\
\xfb\xeb\xff\x9a\xfes'\x18\x18\x18`\xe0\xe5o\x900\
\xe6\xd0\xbe\xff\x19\xd4\xa2@\xd8\xebZ\xf3\xb6`\xcb\x84\
\x90\x8cE\x96\xa4\xcc\x0a\xaa\xfcr*k6R#B\
dj\x84\xc5\xc1KDbcDg\x03\xb8\x86\x8e\xe2\
\x0b\x86H8\xca\xd04l\xc5PZ\x8b$\x92!\x83\
\xc42\xa1\xac\xa3*Q\x00%\x1e%\x1d\x8f\xa2V\x14\
\xca\x8b\xf2\x11\xeb>ER\xa5\xa3{b\x84c=g\
0\x1es\xd1v\xa5\x8bZ\xedy\x1c\xe1\x05:*\x0b\
\xd9\xb5cGFw\x80\x86t\xd0O8\x14\xba-\xd2\
U\x94LG'[n^&|7;\xcak\x7f\xf3\
O\x9c\x98\x0d2\xa1\xce\xe7\xf4\x8c\x9fx\xc9~\xca\x9f\
\xdaK\x8b(#{\x17H\xcf\x07\xd6\xc8\xc4'\xb3\xb7\
\xd7\x1a\x11\x1d\x85\xc4\xfc\x1e\x82G~\x84fa\x84\xa2\
\x1c;9r\x08{\x85\x83\x82\xf6g\x10m\xf9D\xbc\
.\xbc\xf33k\xa6eP\x14\x05A\x12\xd1[lH\
*\x15\xca\x1a\xb4\x8b[\x97\x5c\x80\x99\x89q\xfe\xf03\
\xcf\xf3k\x9f\xff\x0c?~\xe5\x15\x0e\x9e>\x8f_\xa3\
\xe7\xc1g^`S{;\xae\x85y\xa2\x91\xc8](\
\xc1\x14dY\xc1b\xb3c\xb5Z\x18\xbax\x86c\xef\
\xbc\xc3\x847B\xf9\xae'\xa8\xdf\xb2\x83\xa8\xd7u\xc7\
\xd2\xe2\xbb\x85\xa2(Hj\x0d:\x93\x05\x95JB\x09\
\xfb\x89,L\xe3\x9b\x1e\xc3\xb9\xb8\xc0b4M@2\
\x12\xb3\x97\xa2\xaa\xd9\x84\xa1\xa2\x11\xb5N\x87\x12\xf4d\
\xc2\x8c\xebUI\xe8\xc6\x83GP\xa9\x11\x8dV\xd2j\
\x1d\x1e\x7f\x80\xc0\xfc4\xb1\xa9a\xcc\xaeQ\x9a\xd4\x11\
Z\xecjv\xd4\x14\xb1s\xcbfr6\xb4\x81\xc6\x0c\
\xd10A\xbf\xff\xa6\xe9\xc1\x8a,\xa3\xd1j1\xe4\x15\
\x000s\xf2 /\xbfs\x94w\xafx9\x97\xb2\x13\
\xad\xdeJN\xfdF\xf2\x1cvT\x11\x1f\xe9Hp\xf5\
\xaa=\xdd\xe0\x1e\x11\x04D\xb3\x03Eo&0\xdaM\
\xa2\xe7\x04\x16\xcf8%\xea\x14%\xe5\x15\xe45\xb4\xa3\
)('\x91H\x10\x0b\xf8\x90\xd7\xb0\x86\x83\xa2\xc8\xa8\
\xb5z\x0c\xf6\x5c\xfc>/\x13g\x8f\xd0{\xe2-\xa2\
\x92\x16\xf5-,\x96\xf7]2\xd0\xc2\xf4$\xbf\xf5\xe4\
C|\xf6\xd9\xa7\x89'S\x184j\x0e\x1d>\xc2;\
\x97{\xd0\x95U\xb1\xeb\x91G\xa9\xab\xa9!\xe0q\x13\
\x09\x87\xefJ\x12*\xa7\xd3X\xec\x0e,f3\x97\x8f\
\xbf\xc3;\xef\xbcK@m\xa3r\xc7\xc3\x947l \
\x15\x09\x10\x0f\xad\xe1\xc3t+P\x14D\xb5\x06\x9d\xd9\
\x8aZ\xa5\x22\xb60\x81w\xb4\x0f\xd7\xdc,\x8b\xe18\
~QO\xc4\x5c\x80P\xd9\x8a\xba\xb8\x06\xad\xc5\x8eZ\
\xa5B\x89\x04Qb\xf7@w\xf0\x9e\xb1\x0b*\x15\xa2\
\xd1FJc\xc0\xbd0\x8b{\xf02\xda\xb9!j\xf1\
\xb3\xd1\xa6bkE\x0e\xbb6m\xa4\xac\xa1\x11r\x0b\
@\xd0A4B\xc0\xebE\x92D\x8c\x05\x05\x80\x08\xb3\
\xc3\x9c>~\x9c\xb7;\xfby}&\xce\xb0\xbe\x1c\xfb\
\xe6}\x94\xd46 \x85<\xa4\xc3\x81\xcc5\xd7*)\
H\x10\x10M6\x14\x9d\x99\x88\xcfMl\xf42\xd2\xc8\
y\xf2\x22\xf3\x14Zt\x946o\xc2\xd1\xb2\x9dD2\
E\xd4\xe7Y\xdbI/\xcb\xa8uzt\x16;\xd1X\
\x8c\xc5\xc91\xe6z/`JG \xe0\xa2s|\x1a\
\xccv\xc4[\x083\xdf\xb7\x04\xf0\x85\xe7\x9feza\
\x11\x04\x81\xa2\xfc<\xbcN'?y\xeb a\x95\x16\
\x1cy\xb4l\xddNc]=\x8bs\xb3$\x12\x89;\
&\x82\xe5pIN~!\xc9\xb0\x9f#\xaf\xfe\x84\x85\
@\x8c\x80\xca\x8c\xb1\xa4\x8a\x8a\xa6\x8d\xe8t:\xe2\xa1\
\x00\x89X\xe4\xbe\x98PZ\xa3\x05\xadNG\xc23\x8f\
\x7f\xac\x0f\xe7\xe48\xfe\xb4H<\xa7\x9c@Z\xc4\x1f\
O!\x16\xd7a\xa8nEk\xb5C$\x90\xf1\xee\xaf\
g\x98\xf1\x06cG\x94\x90\x0cfd\x83\x15\x9f\xc7\xc3\
\xe2P\x17LtS%\x85\xd9\x5cSAK\x8e\x96b\
%HSu%U;\xf6@,\xca\xd9\x83o0\xe0\
\x8bsl.\xc2\x91\xe19\x82\x85M\x94\xee~\x1c\xbb\
\xc5B\xda3w\xe7%\xdfoi\xcc\x99\xde\x91\xa2\xa3\
\x90D2I\xe0\xf21\xd4\x8bW\xc8\xd3\x81\xc19N\
\x81\xddB\xd9\xb6\x87P\xe7\x95\x12\x09\xf8H\x84\x83K\
\x1f\xef\x1a\x99\xf8\x82\x80\xdebG\xa5725\xd8\xc3\
l\xcfEr\xac&\xd4\x89\x10\x161\xc5\xbe\x03O\xe2\
\xf1\xf8\xf9\xc3\xff\xf1\xbf@oB#\xadns\xd0u\
\xd7\x01,3\xe8\xec\xfc\x02Z\xad\x96\xaf|\xe1\xf3\xf8\
=n\xde8|\x84\xd7\xff\xf1o9W\xdf\xcc\x81\xe7\
^\xa0 7\x97\xc5\xb9\xb9\xeb\xce\xb9\xddk\xb8\x16\xe6\
Pk4<\xf1\xd9/\x91\x8a\x049\xf9\xf6\x9bt]\
>\xc2\xe5\xde3`r`\xaf\xa8\xa5\xa8\xba\x01\xb3\xd5\
F2\x1a&\x1e\x09\xa1\xac\xf7\x84\x12\x04\x94t\x9aX\
\xc0K\xcc\xaf \x88\x12\xa6\xa6m\xe4t<\x04\x91 \
\x09\xef\x02!\xd7<\x0b\x13\x93\xb8z\x06\xf1u\xbf\x85\
\xd7\x5c\x88\x5c\xda\x88\xa1\xaa\x05]~)B\x22\x82\x1c\
\xf2A*y\x0f\xc2\x8c2\xe9\xa5*\xcaVA\xc4\xde\
\xd2\x0a\xdb\xf7\x12\x8c\xc4xea\x9e\x1f\xceM\xa1\x9e\
\x9e\xa7\xf8\xc4\x11v\xbcq\x82h<\xc9\xbb^\x09_\
Q\x0b\xe6\xc6\x07(\xdaUJE2B\xda\xef&\x15\
\xf5\xae\xdd\xde^\x963\xd9w\xd6<\x22\xce\x19\x22\x07\
\xbf\x83a\xa6\x87r!FyY\x19\xc5\x8d\x1b\xd1>\
\xf8 )IM\xc4\xeb&<7\xb5\xa6{{\x95Z\
\x8d\xd1\x91G4\x1a\xa3\xff\xec\x09|W\x060)1\
\x9a\xcb\x8bih\xae\xa2\xa8\xb2\x1a\x9d\xd9\x86(I\x8c\
\x8fO (\xcaG\xd4\x09x\x13\x88\xa2H2\x99d\
jn\x1eI\x92\xf8\xe4\x0b\x1fc\xd7\xe4\x04?9\xf8\
6\xdf\xfe\x8b?\xa5a\xc7^v\xee\xde\x83V\x14p\
;\x17\xef(b\x90\xc91H\xb10;\x83 \x8a\xec\
z\xf2y\xb6\xee\x0bq\xa5\xbf\x87\xb1\x91a\xe6\x87\xce\
1\xd0{\x86\x94\xce\x82\xa5\xb4\x0aGq\x05\xd6\xdc<\
\xf4z\x03\xa9X\x94x$xg\x09Hw\x8a%)\
t\x22\x1c$\x11\xce\x94\xf6\x16t\x16\x8c\xb5\x054\xb7\
\xedE\x8e\xf8\x09^\x19dql\x90\xc5\xc1\x83\xf8\xfa\
\xde\xc1o\xc8%]\x5c\x8f\xaa\xa4\x16mNF\x84$\
$c\xebO\x08\x82\x00(\xc8\xd10D\xc3\x18\x01\xa3\
E\x83\x90\xd7\x0a\xdb\x1e$\x1c\x89\xf0\x83\xde\xf3\xa8\xb4\
:\x8a\x9e\xdcFQ2\x92I\xc1vNf\x14z+\
\xef\xb1Z\xc88\x17E\x83\x15L6b\xb1\x18\x91\xe1\
N\x94\x81\x7f\xc4\x1a\x9c\xa5\xc6 Q\xde\xde\x8cc\xc3\
vd\xb5\x8e\xb0\xcfE\xcc\xeb\xb9\x9a\x80\xb3\xda\xe9\xc8\
\x8a\x82\xa4Vc\xb0:H\xa6e\x16&\xc6\xe99u\
\x84\x94s\x9a<\xbd\xc8\xee\x86\x0aZ\xb7\xef\xc4Q\x5c\
\x86\xcf\xed!\x10\x8e\x10\x08G\xb1\xda\xec+:\x80\xb5\
\xd0\x98\xdes%\xa0 \x08\xc8\xb2\xcc\xd4\xdc\x1cF\xab\
\x8d\xdf\xfe\xe5\xafr\xe4\xd81N]<\xc9[\x93\xa3\
\x98\x8a\xcbx\xf0\x91GQ\x12\x09<n\x17\xe2\x1d\x14\
\x80\x5c\xce\xa4r/. \x8a\x22e\xcdm4m\xdf\
C<\x1cdft\x88\xe1\xfe>\x5c\x0bC\x90\xf01\
7.\xe1\xf2\xfa\xd1;\xf2)ml\xc5QPJ:\
\x1e%\x16\x0a\x90N\xad\xbf2N\x91e\x12\x910\x89\
p\x08\x04\x01uY=\xb5\xcd[\xa9K\xc4\x08M\x0d\
\xb38\xd4\x83k\xf2\x04\xc9\xe0\x18!\x9d\x03o(B\
\xd2hG\xdf\xb0\x15Cq\x15\xc2\xb2\xee \x11[\xff\
\xad\x82\xa2\xa0,\x95U7 P\xd5\xb8\x01PP\x5c\
\x93W\xf3\xec\xd7\x22f/J\x88\xb6<d\xb5\x0e\xef\
\xe5\xe3(W\xba\xc81\xe9)\xf4M\x91\xa3NP\xf2\
\xd0C\x98jZ\x89E\xa3\x04\x02>P|\xb7\xaf\xd0\
\xbb\xb5\xc1\xa0(\xa05\x9a\xd0\x9a\xac,L]\xa1\xe7\
\xc4a\xccj\x01\xb3\x98\xa68\xe9\xa5y\xcf\x16Zv\
\xecE\x11D\xbcn\x17s\x93\x93\xd79\xaa\x152B\
(A\x14?\xeaJ\xc0\x0f\x86(\x8aDc1F&\
\xa7hk\xdf\xc4\xce\xad[\xe9\xee\xe9\xe1\xe0\xd9\xb3\xfc\
\xcd\xc5\x0bl\xdf\xff8[\xb7l\xc1\xefq\xdfq\xc4\
`YN\x19\x09\x05\x09\x073\xd5ds\xcbk\xa8l\
\xd9\x84\x92J\x10\xf6zX\x9c\x9bal8\xca\xc2\xe2\
0W\xa6\xfa\x19T\x1b\xd1\xe5\x16Q\x5c\xb7\x81\xfc\xb2\
\x0a\x94t\x8aX\xd0O:\xb1\xfeq{\xc8\xe8\x0e\x82\
\xb1L7])\xb7\x94\x8a\xca\x0dT\x93&\xedw\x13\
q\xce\xe2\x9c\x5c\xc03?\x86k\xaa\x13\x9f\xd6F\xd2\
Q\x86\xb6f#\x86\x8a&$A\xc9d3\xc6\xc2\xeb\
\xec\x04\xcd\x5c'\x93E\xc9\xda|n\x8a\x8c\xa0\xd1#\
\xda\x0b\x89\xfa=\x84N\xbd\x8ej\xa2\x9b\xe2\xa4\x87\x92\
\x82<\x0aK\x0a0\xef\xfa\x18\x8a\xc1B\xd4\xe7\xc1\xb7\
0{\x95\xcc\xd7`\xb5\x17D\x11\xa3-\x17Y\x90\x98\
\xe8\xefb\xbe\xf7\x02\xda\xa8\x87R\x87\x95\x0d\xf5\xadT\
7m\xc0`\xcf!\x12\x0e\xb3\xb8\xb0\xb04\x8c\x1b\xf4\
1P\x14D1c\x01\xac\xc5&\xe0\xbe!\x80eH\
\xa2\x88\xd7\xef\xc7\xad(T\xd5\xd5\xf3\xaf\x9a\x9b9x\
\xf80\xc7~\xfc/\xf4_<\xc7\xbe\xa7\x9f\xa3\xbc\xb4\
\x8c\x80\xd7sW\x11\x83\xe5/?\x16\x8d\x10\x8b^}\
0\xf3+k\xa9m\xdb\x82\x9cN1;6\xc4pO\
7\xf3\x8bS\xcc\x1d\x1baT\xd4\xa1\xb5\xe7\x93WU\
ONq9\x1a\x8d\x1a\x14\x99d4L\xfa^\xb4\x05\
K\xc4\x09{\x16W~\x96\x0a\xab\xa8\xack\xa7F\x14\
\x08O\x0e\xe3\x1a\xea\xc2\xed\xee\xc6=w\x19\xcf\x19\x0b\
\x09[1\xaa\xca\x16\xb4e\x0d\xa8\xd5\x1aD%\x05\xb1\
p\xc6:XW\xdd\xc1*AQ\x104:0XH\
!\x12\x9d\x1b'q\xf2U,\x0b\x83\xd4\xab\x92\x94\x94\
\x95S\xbc\xf5\x19DK.\x11\xaf\x9b@0\x08\xa1\x10\
\xb06&\xbe(\x8ah\x8dfPk\x09\x05\xfct\x1d\
}\x9b\xe0\xe4 V)M{y\x09\x9bw=NA\
e\x0d\xc1@\x90`\xc0O0:\xfb\xa1c\xc9\xbc\xaf\
\x90\xb1|?\x92J\xc0;\x84(\x08\xf8\x02\x01\xfc\x82\
\xc0c\xfb\xf7\xf3\xe0\xce\x9d|\xef\x95W9\xfc\xed\xaf\
\x91[\xdbHMs\x0b\x8d\x0d\x0d\xb8\x17\xe6I\xaeV\
\xb5XE!\x16\x8d\x12[\xea\x84c\xca-\xe4\xc1\xe7\
\x9b\x90\x04X\x98\x1cg\xb8\xa7\x8b\xe9\x99Y|\x17\xa7\
\x89O\x16gV\x93D\x8a\xdc\xb2*\x0a*k\x91D\
\x91X\xd0G*\x16\xbd'\x9e\xf9t\x22N\xc8\x9d\xf1\
\x97H\xe6\x1c\x8a\xf7=O\x85ZM|q\x0a\xd7\xc0\
%\x5c\xf3\xc3\xb8\xcf\x0f\x10\x1b/'n-\x22\x22\x8b\
\x88\xf9\xe5\x18+\x9bPit(\xa1\xfb@w\xf0a\
X.\xa7e\xb2\xa3\x18m\x84\xae\xf4\x91\xea=\x839\
\xea\xc617H\xbeZ\xa6r\xe76\xecM[H\xa6\
eB^\x17J\xe4\xfa\x02\x1b\xab;\x1c\x19\xb5\xce\x80\
\xc1\x96C\xc0\xeba\xa8\xf3\x1cb\x22B\xca3\x87%\
\x1da\xe7\xf6V\x9a:v\xa0\xb7\xda\xf0\xba\x5c\xccN\
M\xdd\x16\xf9d\xea\x89H\x08\xa2\xb0&\xcdU\xef[\
\x02\x80\xab\xcc8\xb3\xb0\x88F\xa5\xe2s\x9f\xf8\x04\x0b\
s\xb3\x5c\xe8\xee\xe6\xd8\xbf|\x93K\xd5\x0d<\xf1\xcc\
\xb3\xd8s\xf3X\x9c\xfbp6\xbd\xddk'\xe2q\x5c\
\x0b\x99\xaa6j\x83\x85\xed\x8f=\xcdn\xb5\x0a\xdf\xe2\
\x1c\x9e\xf99|~?S\x93\x8b\xcc\x9c\x1ed\xf2\xb4\
\x1a\xd1d'\xbfn\x03\xc5\xb5\x8dh\xb5\x1a\xe2\xc1\x00\
\x89hx\xdd'\x94\xb0\x94\xde\x1c\xf1\xba2+\x88\xa4\
%o\xfb\xa3\x94h\xf5$<\xf3D\xe7'\x89FC\
\xb8\xe6\xe7\x99\x1f;\x89\xff\x9c\x1e\xbf\xb9\x10\xa9\xba\x0d\
Cu\x0b\x1a\xa3\x05\xc2\xbeL\x98\xf1^\x86H\xaf\xc5\
r\xf6\x9d\xbd\x90\xa4,\xe3\xeb9\x85\xd0{\x0cG\xd4\
IYa>\xc5\x15U\x18\xdb\x9eFSPN4\x14\
\xc0\xbb8\xbf\xf2,\xac\xba\xdff\xe9\xfb\xd4\x9b\xad\xa8\
\x8df&\x07z\x98:\xf82\x8ao\x81\x8a\xc2\x5c\x9a\
\x1a\xeb\xc9\xed\xa8\xa7\xb0\xb2\x96\x94\xa2\xe0\xf7\xb8\x09\x84\
\x96\xf3\xfeoo,\x8a\x22#I\x12\xe2\x1a\x85E\xd7\
\x85\x00\x14EA\xab\xd1\xa0\x92\xa4;\xf3\xe6\x0b\x02\xa9\
t\x9a9\xa7\x13\x8d\xde\xc03O>\xc9\xb6\xd9\x19\xbe\
\xf7\xda\x1b|\xfdO\xfe;\x0d;\xf7\xb0\xef\xe1G\x11\
\xe54>\xaf\x1b9\xbd\xba\xfa\x7fA\x10H\xa5\x92x\
\x5c\xce\xccxD\x91\x9c\xb2*J\xea\xf4l\xde\xb3\x0f\
\xf7\xdc\x0c\xe3\xfd=\xccN\xcf0\xdfu\x84\xce\x8bG\
\xc1`\xc5Q\xd5@Ae\x1dZ\xbd\x1eI\xc8\xac\xd0\
\xc9xt]'\x95 \x08(r\x9a\xa8\xdfKT\xf1\
 H\x12Rq\x0dv\x8d\x96\x82v-\xf5^'\xbe\
\xb1^\xdc\xb3S,^\xfa1\x9eK\xaf\xe35\xe6B\
E+\xda\x8afTV\x0bj\x01\x84d<\x93H\x94\
^\xc7\xc2\xa9K\x93^XR!F\x16g\x89\x1d\xfc\
\x16\xba\xb9A\xca\x940\x15%E\x14n|\x01mA\
\x19\xb1H\x84x,Jlavm\xf4\xf8J\xa6\x8a\
\xb3\xd6`D\xd2\xe9\x09\x05\x83\x0c]:\x8fg\xb4\x0f\
\x93\x1c\xa1!\xdfN\xf3\xeeG\xa9ni#\x95\x96\x09\
\x05\x83\xb8\x5c\xce\x15\xb2\xb8\xf3\x9e\x17\x99\xe7M\x5c\x8a\
\x10\xad6\xd6%\x19H%I\x8c\xcf\xce\xa2\x88\x129\
6+.\xaf\xef\x8e\x9dx\xc9T\x8a\xc9\xd99\x8cz\
#\xff\xea\x17\xbf\xc2\xb9\xf3\xe7y\xfb\xcc)^\x9d\x9f\
#\xaf\xaa\x86\xb6M\x1d\xe8TR&b\xb0F\xb2_\
Y\x96\x89\xc7b\xc4c\xb1\xa5\xd6Z\x1aZv\xefc\
\xbb\xc1\x88\xdf\xb5\xc0X_\x0f\xd3\x13\x13\xcc\x0d\x9de\
fj\x00mN!\xd1\x94\x82\xc6l\xa3\xa8&\xa3;\
\xc8d\x14\x86Q\xe4\xf5\xad\x17\xa0\xc82\xe9D\x9ct\
\x22N,\xa8 H\x12\x96\x96\x9d\xe4m{\x94\xba\xa0\
\x87\xc0X/\xae\xa9q\x16\xfa^#4z\x92tA\
\x0dAIOJgB_\xb9\x01]~\x09B<\x9c\
\xa9u\xb0&a\xc6L\xca\xad\xa07!\xda\x0b\x08\xcf\
^!z\xee\x10F9\x86en\x80\x9a\x94\x8f\xd2\xc6\
&\xf26\xeeD1X\x88x\x9d\xc4\x9c\x0bk\xea\xd0\
\x93T*\x0c\xf6\x5c\xa2\x91(\xa3\xbd\x9d\xc8\xd1\x10B\
\xc0\x89\x10t\xb2\xad\xaa\x82\x8e\xbd\xfbp\x14\x95\xe2\xf3\
xp.:\x97\x86\xb1Z\xe3\xb9Z\x10d-t\x00\
\xeb\xd2\x1b0\xeas\xb3\xc3a\xa0\xba\xb4\x8c\x96-\x9b\
\xd9\xdb\xde\xce\xa2\xdbE8\x12\xbd;\xd9\xaf,\x93c\
\xb7\xa3\x16\x05\xba\xba\xbb9\xd5\xd3\xcbD(\xce\xee'\
\x9fe\xdb\xf6\xedx\x9d\x8b\x84C\xa15#\x82\xf7B\
Y*\xdfd4\x9a0\x9a\xcdD\xfc^\x9c3\x93D\
\xc2\x11fff\x18\x9f\x98$\x18\x97\x91\xf5\x16,e\
5\x14\xd54b\xcb\xcd#\x1d\x8f\x11\x0f\x07\x90\xd7\xb5\
,\xf9\xfb\x06\x0f\xa2\x88Zg@g\xb2\xa0D\x83\x19\
\xa7Z$\x8c\xdb\xe5bav\x1a_\x12\x02\xc6|\xd2\
E\xf5\xe8\xaa[\xd0\x17\x94!\xa6\x93\x99\xc8\xc2\xddf\
3.]_\xb2\xe6\x92\x92\xb4\x04\x87.\x92\xec;\x85\
\xdd7A\xb9\xc3Bai9\xd6\xa2R\xf4e\xf5\xc4\
c1b\x01\xef\x9aV>V\x14\x19\xad\xc1\x84\xce\xe2\
\xc05?\xc3\xf8\xc5S\xc4g\xc7\xc87\xeb\xa8\xaf\xaf\
\xa5\xbc\xb2\x92\x82\x8ajTZ=\x1e\xa7\x93\xd4]\xb4\
\xb8\xfb \xe8\x0dF\x02\xeeE\xfe\xe4\xff\xfc\x05\xceX\
\x12\xa3nu;\x03\xadK6\xa03\x10\xe4\x13/<\
NuC=\x7f\xf5\xcf\xdf\xe7\xf8\xb9\x0b<\xfb\xc8\xc3\
\xd4\x95\x96\xe0\xf2z\xef\xb8\x09\x84(\x8ax|>\x04\
A\xa0\xa1\xa9\x99\xcd\x9b\xda9y\xfa4o\xfc\xe4\xbb\
\x5c<u\x9c\x87\x9e|\x86\xea\xcaJ|.\xe7Jg\
\x9a\xb5\x84\xb0\xb4\xc2\x86\x82\x01\x82\x01?\xa2(b\xce\
/&G\xa3\xa1~\xd3\x16vG\xc3\xcc\x8c\x0e16\
8\xc4\xf4d\x17c\xc3\x9d$\xd4z\x8cE\x95\x14\xd5\
6a\xcb/\xcc\xd4\xfaK\xc4\x90SI\xe4\xf4:\x96\
\x17[\xd2J$\xa3a\x92\xd1pF'o/F\x97\
\xaf\xa6\xbaQOM*Ixz\x84\xc5\x91>\x16\xaf\
\x1c\xc57z\x1c\xbf\xd6N\x22\xbf\x1amU+\xfa\xe2\
*DEF\x88\x87!\x99\xc8t\xd0\xf90,W\xcc\
U\xeb\xc0d'\x1e\x8d\x10\xbap\x04\xf5\xe8Y\x0a\xe2\
\x1e\x8al&\xca\xf6\xed\xc3R\x9b\x89\xd9'\x22a\xfc\
K&~f\xc8\xabo}H*\x0d\x1a\xa3\x09T\x1a\
\xa6\x07{\x99\xbe\xf4]41?\xc5v\x13\x1b\xf7\xef\
\xa5\xbem3Hj\x82\x01?^\xaf\x0fE\xf1\xde8\
|w\xb7#Yj\xdaj0\x19\x91\x84<T*\x09\
Y^\xfd\x1a\x12\xeb\xd3\x1e\x5c\x96q\x05\x82<\xb3k\
\x07\x7fn\xb7\xf3\xff{\xf5u\xbe\xfb\x93\x97\xa8\xaf\xab\
c{{\x1b\x95\x85\x85,\xba\xdd\xc4\xef@\xff\xbf\xfc\
\x10\xf8\x02\x01|\x01\xd8\xb6}\x07-\xcd\xcd\xbc\xf4\xc6\
[\x1c\xfc\xc6\xdfQ\xbei+\x1b\xb7n\xa7\xb4\xa4\x14\
\x9f\xcbI,\x16[\x17\x8b`Ys\x90Ld\xcar\
\x87\x82A\x04A$\xaf\xb2\x8e\xea\x8d[H'b\xcc\
\x8d\x8f0>4\xc8\xe4\xcc\x08S\x93\xbdL\x19l\x18\
K\xaa\x90\xf4&\xcc\x8e<r\x8bK\x11\xe4tF\x84\
\xb4\xde\xba\x03E\xc9\x90P*Ir)L*\xe5\x95\
QY\xddJ\xb5\x92&:;\x86k\xa4\x97\x85\xf9\xf3\
x&\xce\x102\xe6\x93.m&e\xb4#\xd9\xf20\
\x14W!\x09B&\xb2\x10\x8b\x5c\xaf;Pd\x04\xb5\
\x0e\xd1^@,\x14 :3\x868\xfb\x0e\xba\xc9K\
T+\x11*\xabk(\xda\xfc\x0c\x92-\x9f\xb0\xd7\x8d\
w~\xf6\xea\x04[\xa3\xf0\x9d\xc1\x96\x83\x22J\xcc]\
\x19%\xd0\xd7Ehf\x0cm\xcc\xc7\xe6\x8aRZ\xb6\
<LIm#\xa1p\x18\xb7\xe7z\xcbc5Ih\
Y\xe8c4\x990[mL\xcf\xce\xd2\xd5\xdd\xcd\xec\
@\x0f\xe1P\x08\xad\xee\xc3\x1b\x83\xde.\xd6\x85\x00V\
\xbc\x9fKu\xe2\x7f\xf9K?\x87kl\x9cC\x97\xba\
\xf8\xe1\xcb\xaf \xe9\xf5|\xe6\xe9\xa7(-t0s\
\x8d(\xe2v\xaf\x010\xbf\xe8D\xa3V\xf3\xc5\xcf~\
\x96\xc9\x89+\x9c\xeb\xe9\xe1\xddo}\x8d\xb4\xc5\xceS\
/~\x82\x92\xf2\x0a\x5c\x0b\xf3\xebb\x11\xbc\x7f|\x0a\
\xb1H\x84X$3\xa1\xcc\xf9\xc5\xec\xaekf/2\
sW\xc6\x98\x9f\x9a \x96N\xe3\xf2N1\xd3w\x9a\
QYB\x9b[LAu\x03\x85U\xb5H\xa2@,\
\xe8'\x15\x8f\xdd\x93P]&\xcc\xb8\x00d\xaa(\x17\
\xed}\x86r\x95Dtn\x02\xff\xc4\x10\xd1\xf4,\x01\
\xf7\x14\x8b\xbd\xf3xd\x15qG\x19\xea\xaaV\x8c5\
\xad\xa8T*\x94\x80\x1bA\xa5\x02s\x0e\xa1\xe91b\
/\xff-&\xe7\x18\xd5\xf9\xb9\x14\xd8L\xd8\xb6\xb4a\
k\xec \x85D\xc8\xe7BY\xd6\xe3\xafE\xc3\x10E\
A\xad\xd1b\xcc\xc9\xc7\xef\xf5p\xf9\xc8[\x04&\x87\
)v\x98i\xaa*\xc7\xd4VKu\xf3F\xac\x05E\
x]N\xe6ff\xd6,\xaa\xb0LB\xf6\x9c\x5c\x90\
T\xf4\xf4t\xd1{\xf1\x02B\xc0\xcb\xf6\xfa\x1aL~\
7\xa1x\x02\x8d\xc1\xb2\xeaEg\xd7%\x1bpb\xf2\
\x0a\x7f\xf6\xe2\x01~\xfeS\x1f'<\xbf\x80\x22\xcb\x98\
\x0cz\xb0\xdbqNL\xf2\x8d\x83\x87\x18\x98[\xa0\xbd\
\xbd\x8d\x03\xbbw\x91J$\xf0\x062\xa9\xa0w\xfaa\
\xcb\xb2\x8c^\xa7#\xc7fevj\x8a\xd7\x0f\x1fa\
4\x1c\xa7\xb4\xa5\x9d\xa6\x0d-\x94\x95\x95!(\x99\x09\
\x99J&\xee]\x9f=\x80\xa5\x87Qg0\xa0VI\
(\xe9$\x9e\x85yF\xfaz\x98\x99\x99\xc5\x13\x8a\x12\
R4\xa8\xac\xb9\xe4T\xd4RTS\x8fF\xad!\x19\
\x8b '\x13\xa4\xd7\xb5i\xc9\xfb\xc7.\xaaT\xa8\xf5\
FT\x92\x84\xa4\xa4\x89{\x16q\x8dt\xe3^\x98\xc7\
\x1dI\xe2\x91LD\xadE\xa8j7#'c(\xbd\
'\xb0\x87\xe7)\xb7\xe8(ml\xc5Z\xb3\x01Ec\
 \x1e\x8bd\xac\x8d5$7QR\xa1\xd6\x1b\x105\
:\x16&\xc6\x98\xec:\x8f\xe0\x9b\xa7\xc0\xa4\xa6\xb6\xb6\
\x86\xe6\x8em\x98s\xf2\x88\xc5\xe2\x84CA\xd2k\xdc\
\x86\x5c\xab\xd3a\xb4X\x09\x86\xc2\x5c8w\x86\x89\xde\
.\xd4\xd1\x10e6\x0b\xbb;6\xb3\xa5\xad\x8d\x93\x97\
.\xf1k\x7f\xfduD\xa3\x05\xad\xf8\xe1c\xb9\xbf|\
\x007\x80 \x8a\x84cq\xe4\x99Y\xf2,\x16~\xe7\
W\xbf\xca\xe5Sg\xf8\xc77\xdfftt\x8cm\x9b\
\xda\xd9\xd6\xda\x82\x92N\xe1\xf4x\xc94F\xb8\xbdk\
\x88\xa2H<\x91`z~\x01\xbd\xd9\xc2\xaf~\xf9\x17\
8s\xee\x1c\x87\xcf]\xe0\xf4P\x0f\x9d\xf6\x5c\x0a\xab\
j\xd0[l8rr(/+C\x14\x04\x82~\x1f\
\xb1ht}5\xff\x82@2\x99 \xe9\xcfT|Q\
\x14\x05\xb5\xd1\xca\xf6G\x9fB\xa3Q\xe3\x99\x9fa\xb8\
\xfb2S\x93S\xb8\xba\x8f\xd2\xdb{\x06Ca9*\
\x93\x1d\xbd\xd5N~Y\x05Z\x9d\xee\xde\xe8\x0e\x84L\
\x15\xe5x(@|i\xec\xa2\xd6H\xfe\xf6\xc7)\xd5\
\xe9Hz\xe6q\x0f\x5c\xc257\xc5\xc2\xb9\x11\x049\
ME\x9e\x9d\xa2\xbdOb(k \x1a\x0a\x10\x0c\x05\
\x80\xf0\xd51\xaf\xe6\xd8\x97\x166\x9d\xd9\x8a\xa4\xd5\xb3\
0=I`|\x94\xd0\xd40\xf8\xe6\xa9\xca\xb5\xd1\xf6\
\xc4>\x1a6m#\x9eL\xe2s\xbbY\x9c\x9f\xe3F\
M:V\x03\xb2,\xa3\xd3\xeb\xb1\xe7\xe4\xe2\xf1\xfb\x19\
\xbfr\x85\xd9\xf1\xc3\xcc\x8f\x0eaL'\xd9[[\xc5\
\xb6\xcd\x07\xb0\xd8l,z\xbc\xcc\xb8\x5c\x84\xc2\x11T\
\xa2\xc8Z\xb4\xb1\xbd\xa7B Q\x14\x09\xc7b(c\
\xe3\xb4\xb54\xf3g\x1b\x9a8\xd9y\x993\x03C\xfc\
\xb7\x13'\xd9\xb3m\x1b\x0fo\xed\xc0\x17\xf0\xdfq\xc4\
`\x99\x08F&\xa7\xa8\xa9\xabgs{;\xd3\xd3\xd3\
\x0c\x8d\x8e\x91\xf0/\x12\xf1\xccs\xf1\x8c\x93\xe3\x82\x84\
%\xbf\x88\xda\xc6&\xea\x1b\x1a\xd0\xa8T\x84\x02~\x22\
\xe1\xf0\xfa\xf6\xd9\xe3z\xddA\xa6*\xae\x8a\x8d{\x1e\
f\xbb^O\xc0\xeddb\xb0\x8f`8L4\x15\xe4\
JO\x0f\x17N\xbd\x85`\xb4\x91SYOic+\
\x06\xa3\x91D$D<\x1c\x5cw!\x8f\xb0\x94\xde\x1c\
\xf5{\x88\xf82\xab\x9c\xad}/\x05;\x0c\xd4{\x17\
\x10$\x15\xa2\xd9A\xc4\xef\xc17?\xc5\xddT\xcc\xfd\
 \xacDd\x1cy$\x93)\xc6\xba/\xb2\xd8w\x01\
\x9b\x1aj\xaa+\xc9i,\xa3\xb2n?y\xe5U\xf8\
}>f\xa6\xa7\xafiL\xba\xfa\x0e=A\x10\xb0X\
m\x18-V\x06\x87\x06y\xe3\xd5W\x888\xe7\xa9\xca\
uPi\xd4\xb3mS\x0b\xad--\xa4\x15p\xfb|\
\xf8\xe72B&\x93N\x87\xb4\xa4\x03H\xff\xb4J\x81\
\x05I\x22\xe4\xf6 \x89\x22\xbb:6\xb1kS\x1bo\
\x1c;\xc1\xcb\xa7Os\xb9\xb7\x97\x17\x0f<AuI\
1\xb3\x0b\x8b$\xd3\xe9\x8c.\xfa6!\x89\x22\xc1P\
\x88@0\x88J\xa7g\xcb\x96-\xa8U\x12\x82,\xb3\
\xe8t\xd274\xc4\xe4\xfc\x04=\x93\xa3t\x1e9\x84\
\xde\x91KEm\x1dM\xcd-\x98\x8c\x06\xc2\xc1\x00\x91\
PhM2\xb2>\x08\x99l\xc94~\xaf\x07\x9f'\
\xf3PW\xb4\xb4\xa3\xd1hP\x09\x02\x9b\xbdn\xae\x0c\
\x0f031\xc1\xfc\xc8yz\xfa\xce\x92\xd2\x9a\xb0\x96\
US\xd6\xb8\x11\xb3\xddA*\x16!\x1e\x0af4\x07\
\xeb<vEQ\x88\x07\xfd\xc4\x83\xfe\xcc^^N\xa1\
\xb8\xe6\x80U\xa8\x98{#(\x0aj\x83\x11\xbd\xc5\x81\
\xc7\xb9\xc0\xf9\xd7\x7fDbq\x12\x9bZag}5\
\x1b\xb7n\xc7\x96_H\x22\x95&\x14\x0c2;5\xc9\
\x9a5&]\xca\xfbw\xe4\xe4\x12K\xa68w\xee\x0c\
c}=\xe0\xf7Pb\xd4\xd1\xbe\xa9\x85\xc6\xba:\xd4\
Z\x1d\xc1H\x84\x85k\x1c\x8c\xcb\x0b\x8eB\x86D\xaf\
&\x03\xad.Y\xde\x17\x04\x00K\x0f\xba\xa2\x10r\xb9\
\x11\x05\x81'\x1ey\x88'\xf6\xee\xe6\xeb/\xbd\xca\xdf\
}\xeb\xdbTVU\xf1\xc4\x03{(/*b\xde\xe9\
$\x91L\xde\xb1\x98(\x9dN\x13XJ\x0aQ\x96\x1e\
\x98\x07\xf6\xee\xc5\xa8\xd3\xe3\x5c\x5c\xa0\xbb\xbf\x9f+\xb3\
\xf3\x5c96I\xff\xa9\xe3\x18\x1c\xb9\x94T\xd7P\x5c\
VN\x8e\xc3\x81\xd1` \x12\x0c\x12\x09\xdf^\x01\xcc\
\xbb\xc5r\x981\x12\x0a\x11\xe1j\xcd\xfc\xbaM\xdb\xd9\
\xf4\xc0~\x22\x01\x1fW\xfa\xbb\x99\x1a\x1fgv\xa6\x97\
\xc1\x91\xcb\xa45FLE\x15\xd8J+\xb1:\xf20\
Z,K\xba\x83 \xcaz\xaa\xfa\xc8\xa46/\xdd\xc9\
j\xbek&\xe5\xd6`Dk\xb6\x11\x0a\x06\x98\x1a\x19\
\xc45\xda\x8b\x10pR\x96c\xa6y\xefV\x1a6o\
C\xd2\x19\xf0\xba\x9c,.:\xd7\xd4\xa1\xa7R\xa9\xb0\
\xe5\xe4\x90L+LMOq\xee\xfc9\xe6\x86\x07\xd1\
\xc7B4\xe6\xe7\xb2\xfb\xc9G)/\xaf\xc4\xe5\xf3\xe1\
\x09\x85aI&|\xa3\xf1,+\x01\x85\x9f\x95d\xa0\
e\xc5Shn\x01\x8dZ\xc5\x17?\xf5q\x1e\xea\x1f\
\xe0\xad\xcb]\xbc}\xe8\x1d\xc2\x08|\xfc\xb1\xfd\x94\xe6\
8\x98YX\x5c9\xe7n\xae\x97N\xa7\xf1\xf8\xfc\xb8\
\x15\x1f\x92$\xb1e\xcbV\x1e2\x1a\x08\x06\x02t\xf7\
\xf6ref\x16qb\x88\xe9\xf9)\xce\xba\xbd\xa4T\
j*\x1b\x9a\xa9ol$\xcf\xe1 \x16\x09\x13\x0a\x04\
nZ\x00s\xad\xb0\x5cK!\x14\xf0\x13\xf4\xfb\x10D\
\x91\xd2\x86V\x1a\xb7\xed!\x15\x8b01\xd8\xc7\xe4\xe8\
0q9Hbq\x98\x89\xae\x13\x04\xa2qL\xc5U\
\x14\xd55\x93SX\x8c\x92J\x12\x0b\x05\x90\x93\xeb\x9f\
\xcdx7Xv\xa2\xe9\xad9\x08*\x0d\xe3=\x17\x99\
\xed\xb9\x80\xcd\xa0\xa64\xd7Ni\xbe\x8e\xda\x87\x9e\xa4\
\xba\xa5\x9dH8\x82\xd7\xe7EQ|w\xa4\xc7\xbf\xd5\
\xf1\x18\x0cF,\x0e;3s\xf3\xbc\xfa\xf2\xcbD\x9c\
\x0b\x94\xd9\xcc\xe8\xfc^\x1e\xa8,f\xef\x8e\x1d\x88j\
5N\x8f\x97\xf1\xa5-\xc7\x87\xb6\x06S\x94\xcc\x16@\
\x14~6\xd2\x81\x97!\x88\x02\xc9t\x9a\xc4\xf4\x0c\xe5\
E\x85|\xa5\xb5\x85\x85\xa1a\xfe\xf1\xcd\x83\xfc\xc5\xd7\
\xbeNkK\x0b/\xee\x7f\x84X4\x8a7\x10X\x95\
/uyB\xf9\x83A|K\xef\xd9\xbc\xa1\x85m\xdb\
\xb6\x91N&\xf0\xb8=L\xce\xcc065\xcd\xcc\x99\
#\x8c\x9c=\x81d\xb6R\x5c]K}c\x13\x85\xc5\
%\xa4\xe2q\x82\x01?\xe9u\x8e*,\x17=\x89\x84\
C\x84C\xc1L\xad\x83\xb2j*\x9a\xdb\x90\x042\xaa\
\xc4\xd9i&FG\x98\x9a\x19az\xaa\x9f\x11I\x8b\
.\xaf\x94\x82\xeaF\xf2\xcb*\x10\x052\xb5\x0eRI\
n\x16\x15\xba\xf7\xc8TX\xd6\xdbr\x08\x05\x02\xf4\x9e\
:B`b\x08\xab\x10\xa7\xad\xb8\x80\xa6\xd6\x8d\x945\
4!\xaau\x04|>\xe6\xa6\xa7\xd74)H\x10E\
l\x0e\x07\x92FK\x7f\x7f?]?\xf9!\xd1\xf9Y\
\x1cj\x91\x9d\xf5u\xb457a\xb1\xdb\x09Ec\xcc\
{\xbc+\xe3\xb8U\xeb5c\xe5\x89\x19M\xc5\xcf\x82\
\x05\xf0^\x08\xa2H8\x12E\x1e\xbfB\x81\xcd\xc6\xbf\
\xf9\xf5_a\xe0\xe2%\xbe\xf1\xf6;\xfc\xf1\xdf\xfe\x1d\
\xbb\xb7na{k\x0bJ*\x89\xdb\xe7_\xb5\xbd\xdc\
\xf2\xc3\x12\x8aD\x08E\x22\x99\x15G\xa5\xa6\xbe\xb1\x91\
\xad[\xb6\x12\x8bF\x18\x19\x1deh\xfc\x0a\xd3\x97\xcf\
r\xe8\xd29D\x83\x99\xc2\xaa\x1aJ+\xabq\xe48\
p\xd8l\xc8\xa9\x14\xc1\x80?\x93\xb2\xbc\x8e[\x05\x80\
x,J<v\xb5i\x87\xad\xa4\x82\xf2\xe6\x8d \xcb\
,N\x8e36\xd8\xcf\xe4\xe4\x14\xceS\xa3L\x9eR\
\xa1\xcb+\xc5ZR\x899'\x0f[N\xdeU\xddA\
\x22\xce\xbd\xac\x17\x90\xd9Kk\xd0[\x1dDc1\x9c\
3\x938O\x1d!\xb9p\x85\x5c\xbd\x8a\xf6\x0d\xb5l\
\xda\xb3\x0f\x83=\x07\xaf\xdb\x85\xcb\xe5YS\x13_\x10\
\x04l\x8e\x1c$\x8d\x86\xf9\xc5E\x8e\x1d;\xca\xe4@\
\x1fB\xd0OU\x8e\x8d\x9d\x8f<@m]-\xa1H\
\x0c\xaf\xdfO`a\xf1\x8e-\x0f\x85\xab\xc9@|T\
\xd3\x81\xd3\xe94\x0e\xb3\x19\x0c\x06dY\xbe3o\xbe\
$e\x22\x06\x13\x934\xd6\xd7\xf2_\x9b\x1ax\xe5\xed\
w\x18\x9f\x9a\xe2\xefzz\xd9\xd0\xdc\xc4\xfe\xed\xdb\xf0\
\xf8\xbc\x04CwWZ\xfcFXvh\x85#QB\
\xe1(\x82\x00\xc5e\xe54o\xd8\x80\x9cJq\xe5\xca\
\x15\xfa\x86G\x88\xcc\x8e\x13\x8c\xf8\x19\x0b\x86\xf0\xc6\x92\
8JJ\xa9\xado\xa0\xa2\xb2\x12\x09\x08\xf8}$\xe2\
\xf1u\x0f\xd5\x01$b1\x5c\xb1\x18(\xa0\xb1\xd8\xd9\
\xba\xffIv\xa9$\xdc\xb3\xd3\x8c\xf5\xf7\xe0\xf6x!\
<\x8b{n\x98\x11\xa7\x0b\xd1\xec \xaf\xaa\x81\xe2\x9a\
\x06\xb4:-\xb1\xa0\x7f\xcd\xe3\xf4+X*\x82\xa93\
Y\xd0\x98\xac\xccO\x8e\xd3u\xf8M\xb4\xe9\x08eE\
\x058\x8cij\x1e\xdbG]\xfbVR\xb2\x82\xd7\xe5\
\xc4\x1f\x9a\x5c;\x13\x7f\xa9k\x91='\x97`8\xc2\
\xe1\xc3\xef27:L\x99\xc3\x8a&\x1e\xa5#\xc7\xcc\
\xce\xc7\x1f\xc2\x91\x9b\x87\xcb\xebejnaU\xc6\xa2\
(\xf2R\x14\xe0\xa3Z\x11H\x100k\xd4\xbc\xd17\
\xc8\x9ep\x1cGq\x11\xb1\xf9\x05Rw\x18Z\x13D\
\x91\x90\xc7\x8b$\x08<\xfd\xe8#\x00\x1c9q\x8a\xef\
\x9d8\xc5\x99\xce\xcb<\xfd\xc8>Zk\xaa\x99_t\
\x92Z\xa3=\xf9\xf2[\xc6\xe2q\xe6\x9dq\x14\xc0\x96\
\x9b\xc7\x13\x95U\xa8D\x81P0\xc0\xc2\xa2\x93\x81\xb1\
1&\x87\xba9\xd3\xdf\xcdi\x83\x09[q\x09\x955\
u\xd4\xd4\xd6\xa2\xd7j\x09\xfa}D#Q\x14e\xfd\
\x1c\x89\x99\x1b\x80T2\x89w)\xcc\xa8Rki\xdd\
\xfd\x10Z\xad\x86T4\x82\xcf\xb5\xc8\xf8\xd0\x00SS\
\xd3x\xba\x8ep\xe9\xd2q0:\xb0\x97UQ\xd2\xb0\
\x01\x93\xd9\x92)\xa9\x1eY}'\xa8\xa2\xc8H*5\
\x06[.i`\xec\xd29\x16\xfa.\xa0OE\xa8.\
p\xb0\xb1\xbd\x83\xd2\xbaF\xb4F\x0b\xc1`\x80\x85\xf9\
\xf9\xcc-\xad\xc1\xc4_^\xed\xcd\x16+\x06\xb3\x99\xa1\
\xe1a\xde>\xf8\x16\x81\x99)\xacJ\x92-e%l\
l\xaa\xa7\xa8\xb8\x84DZ\xc6\xeb\xf73=?\xbf\xaa\
cQ\x94L:\xfc\x1a\xf9\x00\xd7'\x1b0\x12\x8d\xb2\
g\xba\x8b\x9a\xaajj?\xf7\x15>\xb9s+b*\
Aba\x81D*u\xc7R\xcfL\x9fx0\xe6\xe7\
A$\xc2\xd7_\x7f\x8b\x13\x03C\x94VUr`\xef\
^\x8as\x1cw\x9ccp7P\x14\x05\x8dZ\x8d\xcd\
bA-\x89\xcc\xcf\xcf\xd1\xd3?\xc8\xe8\xec\x1c\xfed\
\x9a\xb4\xce\x80)\xbf\x90\x92\xcajJ\xcb\xcbq\xd8\x1d\
\x99\x16f\xa1\x10\xd1\xc8\xfa\xeb\x0e\xde;vI\xa5\xc2\
l\xb5\xa1\xd7\xe9\x08z\x5c\x8c\xf6^f|t\x0c\xb7\
?\x88?\x09\xb2\xde\x8a\xb9\xa8\x9c\xdc\xf2j\xac\xb9\xf9\
h5j\x92\xd1HFwp\x07\xd6\xc1\xf2\xa4\xd7[\
\xec(\x92\x8a\xc5\xa9\x09fz;\x89-N\xe2P+\
\xd4W\x97\xb3\xa1c;\xf9\x15U\x04\xfc~\xc2\xc1\xa5\
\x8a\xc9k\xe4\xcc\x13\x040\x99-\xe8Mf\xdc^\x1f\
C\x83\x03\x8c\xf5v\x91v-R`\xd0\xd0\xde\xd8\xc0\
\x96\xcd\x9bI+\xe0\xf2z\xd7\xd4\xf9k\xd4\xeb\x09\x07\
\x03\xfc\xee\xdf\xfd\x13\xd3\x91\x14\x16\x9d\xe6C\xcf\xb9\xbf\
\x1a\x83H*&\x22q\xbe\x91\xbe\xc2\xae\xd0\x1c\x7f\x9d\
4a\xde\xfd\x08\xf6\xcd\xdb\xf9\xe2\xae\xed\xa0\xa4\x88,\
:\x91\xb9\xf3/T\x91e4j5\x9a\xa2B|\x13\
\x93\xfc\xfd\x1b\x07\x89\x0b\x22\xb2J\xc5c{\xf7P\x92\
\x9b\xc3\xcc\x1d6#\xbd[(\x8a\x82J\x92\xb0\x9a\xcd\
\x18tZ\xdc.\x17=\x03\x03\x0c\x5c\x99 \xad\xd2`\
-,&\xac\x08\x84\x93)\xca\xaajhni\xc1d\
0\x10\x0e\x06\x09\x87\x82\xeb\x1af\xbc\xd1\xd8EQ\xc4\
h\xb6`2\x9b\x88\x85\x02\x8c\xf5v32\xd0O0\
\x9a@e\xcb'\x9c\x16\xf0\xf8\xfc\x98\x0aK)on\
\xc7l\xb3\x93\x8aE\x88\x85\x02\x1f\xdacAQ\x144\
:\x03\x06G.\xae\xd9iF\xce\x9f@/\xc8X5\
 \x85<\xd4\xd4\xd5\xd0\xb2}\x0fZ\x93\x05\x8fsq\
M\xfd(\xcb!U{n\x1e\xc9\xb4\xcc\xc5\xf3\xe7X\
\x9c\x9a\xc4\xaa\x82\xc0\xec49z-\x8f\xec\xdeEq\
I)\xde@`%\x8c\xbcV$\x04`\xb7Z\xb1Y\
-\x5c\xee\xe9\xe1\xdf\x7f\xed_p)*L\x9a\x0f7\
\xda\xef;\x02\x98\x0eG\xf9O\xc9)~\xcd\x01D\xe3\
\xf4\xcc-\xf2RB\xc3\xc2\xae\xc7x\xe2c\x1f\xe7@\
K\x03\xb8]\x84\xfc\x01\x84;h\x14\xba\x0cY\x961\
\x19\x0c\x08v\x1b\xee\x89I\xbew\xf48\xe7\xc6'\xd8\
\xd0\xdc\xcc\xf3\x0f\xefCNe\xa4\xc5\xd2-tWY\
\x0b,O(\xb3\xc9\x88Yo \x1c\x0e\xe1v9\xb9\
23\xcb\xf8\xcc,\xceP\x94\xb8F\x87\xd6\xee\xa0\xb8\
\xa2\x8a\xe6\x96Vr\x1c\x0e\xa2\xe10\xa1\xc0\xcd\xfb\xec\
\xad\xd7\xd8\x05A\xc0`4a\xb2\x98I'\x12\x04\x5c\
\x0b,\xccL3=1\xc1\xcc\xfc\x22\xdeX\x9a\x94\xc6\
\x80\xb1\xa0\x94\xd2\xa66\xec\xf9E\xc8\xa98\xb1\x80\x1f\
y\xa9x\xc8J7\x1c\xab\x1dA\xa5ej\xb0\x87\x99\
\xdeN\xd4!'\xc5v\x13\xf5\x8d\x0d\xd44\xb5`+\
(\x22\x12\x8d\x11\xf4y\xd7\x94\x04eY\xc6`4a\
\xcb\xc9a\xc1\xe9\xe2\xdc\xa9\xe3\xcc\x0d\xf5\xa3K\xc4\xa9\
+\xcagss\x13\xa5\xa5\xa5HjM&u=\x95\
\xba#!\xda-\x8dEQ\xd0\xa8U\xe4\xd9\x1d$\xd2\
i\xde=w\x9e\x99\x89\x09\x16\x17\x168>\xe3&m\
\xb2\xa2\xfa\xc8\xb5\x06[\x22\x80?JN\xf1\xcb\x16\x99\
\xe9\xb4\x88Y\x12\xb0\xcaI\x0eN\xcc\xf3\xb26\x07\xdd\
\xbe'\xf9\xc2\xc7>Fke\x09,.\x10\xf2\x07\xee\
\xb2\x8c\x92\x8cA\xa7C\xcc\xcf\xa7\xef\xfc\x05\xbe~\xf0\
]<\x89\x04\x0f\xec\xdc\xc9\xee\xf6\x8d\xa8%\x91p$\
B0\x14F\xbe\x87\xe66d<\xbc&\x83\x01\x8b\xc9\
H\xc0\xef\xa7\xa7\xaf\x8f\xd1\xa9i\x9c\xe1\x08\x11Q\x8d\
\xdaj'\xbf\xb4\x9c\xea\xfa\x06rss1h\xb5$\
b1B\xc1\xf5\xd7\x1d\xbc\x17\x82(\xa2\xd3\xeb1[\
\xad$\xa3\x11&\x07\xfb\x98\x1c\x1ben\xc1\x89;\x1c\
'&\xea\xd0\xe7\x15\x91[\xd5\x885/\x1f\x93\xc9\x84\
\xa2\x80\xcf\xe3fv\xa8\x17\xffX/f\xe2\x94\xe69\
\xd8\xb4s\x17U\xcdm\x84\xc3a\x02\xeb0\xe9\x8d&\
\x13&\xab\x8dh<\xce\xd0\xe0 \xfd\x17\xcf\x13q\xce\
\x93\xa3\x12\xe8\xa8\xafe\xf3\xa6Mh\xf5z\x9c\x1e/\
\xc9;\xacWq+P\x14\x05\xb5J\x95\x89\x18)\x0a\
C\x93St\xf6\x0f077\x87M\xad\xe2\x81\x8eM\
\x18RI\xbe\xfc\xed\x97@oD{\x0b\xc3\xb8\xaf\x09\
`6-\xa2\x002P\xa2\x16\x11\xc2A\xbe>\xb1\xc8\
|\xfd&L{\x1f\xa5cs\x07;k+\xc0\xb9H\
0zw\xb9\xfb\x8a,cr8@\xa7\xe5\xad\x83\x87\
\xe8\xbc2\x89\xcef\xc3\x1b\x8ePRX\xc8\x96\x0dM\
\xe4\xdblDbQ\xfc\xc1\xd0=_aEA\xc0h\
4`5\x99H\xc4b\xf4\x0d\x0e\xd2?2\x8a'\x12\
\xc5\x5cP\x84h4\xe3\x0a\x84\xb0\xe5\x17\xd0\xdc\xba\x91\
\x82\xfc|\x92K\xba\x83\xd4\x1a>\xa4\xb72vA\x10\
\x96\xc8\xc0\x06r\x9a\x99\xd1!\xc6\x07\xfb\x99[XD\
\xd1[Q\xf4f\x9c\xbe\x00\x92$\xe1\xd0\xa9\x90\xbd\xf3\
T\x96\x97\xd0\xb6\xf3\x01,\xb9\xf9x\xdc.\xa2w\xd9\
\x18\xf6\xc3\xc6(\x8a\x22V\xbb\x03\xad\xc1\xc0\xa5\xce\x8b\
\x0c\xf5t\x93k\xd0\x11s-\xa0I\xc4\xd8\xd1\xdeF\
cc#\xd1D\x12\xaf\xdf\xbff[F%3 L\
\x06\x03v\xab\x95\xe1\xa9iNt^B\x03h\x05\x88\
\x05\x83lo\xa8\xe3\x81\x9d\xdb\xa1\xb0\x90\xbeC\xef\xf0\
\xdc_~\x0d\xc9dE\xf7S\x91\x0d\x08H\xc0\x5cR\
F\xd0\x9a\xf8\xf9f3a\xef8\xaf\xfc\xc3\xff\xe4\x9b\
?\xa9\xe0\xe8s\x9f\xe6\xab\xcf>\x85-W\x2217\
\x7f\xc7\x8eBA\x14\x09y\xbd\x88\xc0c\x0f\xed\xe3\xb1\
D\x9c\xcb\xbd\xfdtON1>6\xca\xb7\x07\x07\x10\
5\x1a\xcaJJ\xe8hn\xa2\xb4\xa0\x80d2\x89/\
\x10 \xb9Fi\xa07\x1d\xeb\xb2\x022\x1c!\x18\xca\
\x14\xd0(\xaf\xac\xa2\xb5\xb5\x15%\x9d\xc6\xe5t2\xbf\
\xb8\xc8\x15\x7f\x8c\x89\xee\x0b\x1c\xec\xeeD0\x98\xc8\xaf\
\xa8\xa2\xa1y\x03%%%\x08\x8aL\xc0\xe7#\x99X\
\xfd>\xf2\x1f6v\xe0\xba\x92\xea\xc6\x9c|v\x1e\xa8\
C\x12E\xc2^\x17^\xe7\x22c\xc3\xc3H\x92Dc\
K+9\xc5e\xa4d\x05\x9f\xd7Ch\x8d\xf5\xf8\x1a\
\x8d\x06G^>\xbe`\x90c\xc7\x8f154\x80\x14\
\xf4R\x95c\xa7\xa5\xa4\x86\xea\xcd\x8f`\xb2Xq\xfb\
|\xcc\xac\xb1LX\x10\x04\xf2\xec6$\x95\x8a\xf3}\
\x03\x5c\xe8~\x9dH @\xb1\xd5\xcc\xae\xa6F\xb67\
7!\xe58 \x1a%\xe2\xf1bH\xcb\x19+A\x92\
H+?e\xb9\x00\x02\x80\xa20\x93T\x10L\x0e>\
\xd5\xe4\xe0Y\x9f\x97\xbf\xfd\xda\x9f\xf2\xff9s\x92\xed\
O?\xcf\xe7\xf7l\xc7D\x9a\xa4\xcbE<y\xfbD\
\xb02\xb1\x9cNDA\xa0\xad\xa1\x9e\xb6m[ \x1a\
exh\x84\xce\xb11F\xe7\xe7\xf8\xe1\xf88H*\
\x8a\x8a\x0a\xd9X_OQn\x0e\x1a\x95\x0aE\x96\x09\
\xc7b\xebZ@d\xf92\xd1X\x8ch,\x96yM\
\xa5\xa6\xac\xb2\x8a\xd6\xd6\x8d\xc8\xe9\x14c\xe3\xe3\x0c\x8d\
\x8e19\xd8\xcd\xb1\xbe\xcb(:#\xf6\xe2\x12\xea\x9a\
Z(,*B\xabQ\x83\x9c\xce\x94\xd2\x8a\xaf\xaf\x90\
G\x10\x04\x92\x89\x04\x1e\xa7s\xe5\x86L\xb9E\xec\xaa\
n@\x91e\x02\x01?\x8b\x8b\x8bk:\xd14\x1a\x0d\
\x06\xb3\x19E\x94\x98\x99\x9e\xe6\xc8\xd1\xa3x\xae\x8cb\
J\xc7i+.d\xef\xa3\xcf\x91\x97_\xc0\xa2\xc7\x83\
/\x1a\xc3\x1f\x8d\xad\xd9XDQ\xc4l4\xa2\xd1h\
\xf0\x06C\xbc~\xf24\x83##h\x14\x85\xc6\xc2\x02\
\x9ey\xec!\x0ajj \x14&\xea\xf7#\xcf\xcd_\
}\x03\x81%)\xb0\xc8ZhK\xef\x0b%\xe0r\xde\
\xd3t\x124f;\xff\xcab\xa5w\xf2,\xdf\xf8\x1f\
\xe7\xf8\xdf\x17\x9ef\xe3\xfe\x03<\xd6X\x8bI\x90\x09\
/,\xa2\xdc\x81\x7f`\x99\x08\xc2\x91\x08J8\x93|\
QW^F]kK\xc6d\x1d\x1b\xa7sx\x94\xfe\
\xe9\x19\x0e\x1f9J~A>z\xbd\x9e\xa4\xa2P]\
ZJ}e9\x92 \xe0\x0b\x04\x89'\x12\xeb\xae\x8b\
S\x14%\xa3;\x88g\xea\xc29\xf2\xf2y\xa2\xa6\x06\
I\x10\x98\x9a\x9efpd\x84\xf1\xa9Q.\x8e\x0da\
/,\xc6\x98\x97OR\x90\xc8/,\xa2\xa6\xb6\x16\x9d\
FC\xd0\xef'\x16\x8d\xac\x7f4DQH&\x13x\
\xdd\xae\x95\x97\xd6b\xa2\x01\x98\xccf\x8c\x16+\xa3c\
c\x5c\xea\xea\x22\x15\xf0\xe1\x1a\x1fE/'y\xba}\
#\x1d\x9b6\x91V\x14\x9c\x1e/Wfg31\xf6\
U\x1dI\x06\xcb\x05i\xf2\x1cv\x5c\xfe\x00'.w\
\x11\x8fDq\xba]\x10\x8d\xf2\xf4\xc6\x0d<\xd6\xd1\x01\
\x0e;\xb2\xdbMhz\xe6\xc6\x9f\xc9R.\xc0\xcf\x84\
\x14X\x04R\xb2\xc2\x14\x02\x15\xc5%\xfc\xf7t\x9c\xee\
3\xaf\xf0\xe6\xe9wx\xb9~3O\x7f\xf2\xd3<\xbd\
m\x138\x173\x11\x83\xbbl\x0b\x16\x8e\xc5 \x96)\
\xafU\x94\x93CIu\x15O\x0b\x02\xfe\x99Y\xe6\xbd\
>\x16\xfd~.\x8e\x8dsht\x94C'\xd4\xe4\xe4\
\xe6\xd0T]McU\x05\x06\xad\x16\x7f0H$\x1a\
\xbb'\xe1\xc5D2\xc9\xa2\xdb\x83\xa2(\xe8\x8c&\xf6\
\xee\xd9\xcb\xa3j\x15\x0b\x0b\x0b8\x9dN\xbc\xe1\x10c\
\xb3\xf3t]:G\xa7\xce\x80\xb9\xb0\x98\xf2\x9aZ\xea\
\xea\xea1\x9bL\x84\x03\x81u\xcff\x5c\x0b(\xb2\x8c\
\xa4R\xe1\xc8\xcb#\xad\x08tw]\xa6\xf7\xfc\x19\x92\
n'Uy\x0eZ\xcbK){\xec!\x8aJJ\x08\
\x84\xc3L/\x99\xf8\x02\xac\xba7\x7f\xf99\xb0\x9aM\
X\xcd\x16.\x0d\x0f\xf3\xfd\x83\x87p\xbb\xddT:\xec\
\xecj\xac\xa7bC\x03e\x95\x15 \x8a\xc4\xdc\x1eR\
3\xb3\x1f,\x1cZ\xca\x05\x10\x7f\xda\x9b\x83^\x0b\x09\
\xf0\xa7e\xfc\xa8\xa9(*\xe2w\xd3qN\xf6\xbc\xc3\
\x0f\x87\xba8\xf1\xc4\xc7\xf8\xf4\x93\x07h\xab\xac\x02\xb7\
\x93P0t\xf75\xe3\x04\x81h\x22\x01\xce\xcc\x0a\xa5\
\xd7\xe9h(/\xa5AW\xc7\xde];\x08,,r\
\xa1\x7f\x90\xae\x89\x09\xce\x9c>\xc3\xd1\xd3g\xb0\xdam\
\xd4WVR[V\x8a\xc5dDT \x96H\x10\x8d\
\xc5\xd6=E8\x95N\xe3\xf1\xf9\x00\x90Tj\x8a\xca\
\xca\xa9\xd6j\xd8\xbdu+^\xaf\x97\xbe\xc1A\x86&\
'\x19\x9e\x18\xa1\xf7\xd8a\xf4\xb9\xf9\x94VUSU\
S\x8b\xd5aEPd\x92\xf1\x04\xd1H\xf8#A\x08\
\xcbERL\x163*\x8d\x0e\xa7\xdb\xc5\xeb\xaf\xbe\xca\
\xc2\xd8\x08\x9aX\x88\xfa\x82<v>\xf9(%\xa5\xa5\
\x04#Q\x22\xb1(\xd3\xf3\x19i\xeeZMz\x93\xc1\
\x80A\xaf\xc7\x1f\x0es\xe2r\x0f}\xc3\xc3\x10\x8fQ\
\x91\xe3\xe0\x13\xfb\xf7\xb1\xb1\xa5\x05\x009\x18$\xb2\x94\
\xf7\x7fK\x91.EA\xb5\xdc\x18\xe4#)\x05\xbeC\
,\x7f,!Y\xc1/h\xd8VS\xc5\xf6p\x80\xaf\
}\xffo\xf8\xfa\xa9wi|\xe2Y\xf6\xecy\x80\xe6\
\x8a\x0ap9\x09\x86\x22\x88\xab\x14\xdfO\xa6\xd3$\xd3\
i\x88e4\xfbz\xb5\x9a\x87\xf6\xec\xe4\xa1\xfd\x0f\x91\
r\xba8?4L\xe7\xc8(\xbd\x9d\x9d\x8c\x8d\x8e\x92\
\x97\x9bK,\x9d\xc6f\xb6\xb0\xa9\xb1\x1e\x87\xc5B \
\x14$\x18\x8e\xac\xfb\x84J\xcb2\xe9D\x22\xb3MY\
2\x1f7o\xde\xcc\x03{\xf6\x10\xf0\xfb\x19\x18\x1a\xa2\
\x7fl\x9c\x89\x13\x13\xccuw\x92WQER\x94\xd0\
\x1aL467\x93\xefp\x10\x0d\x87\xeeIz\xf3\x87\
AQ\x14\xf4\x06\x03\xf6\x9c\x5c\xe6\x16\x168u\xfa4\
\xc4\xa2x&\xc7\x11\x83>\x1e\xa8\xadf\xeb\xe6\xcd\x18\
\xcd\x16\x5c\x1e\xcf\x9a;\xf4T\x92D\x9e\xc3A8\x1e\
\xe7Lw\x0f\x91H\x84\xa0\xcf\x8f\xdf\xe3\xa6\xad\xa4\x98\
\x17v\xef\xc4TQ\x0e^/a\xb7;\xb3m\x5c\x1e\
\xc7m\x8cG\x12%$Q@Y\x83z.\xf7-\x01\
\x5c\x0b\x09\x98O\xa6\x91\xb4&\xbe\xdcd\x22\xe0\x99\xe7\
\xc87\xfe\x94\xbf\x7f\xf3\x15\xcc\x0f>\xc1\x97\x9f~\x82\
\xb2r\x07\xf1\xd99\x92\xab=\xe1\x04\x81D:M\xc2\
\xeb[\xf9\xd2w\xb4od\xc7\xee\x9d\xe0\xf3117\
\xcf\x82\xcf\xcf\xf0\xdc\x1c\xc3\xfd}\x5c\xea\xee\xc6`2\
QQR\xc2\xa6\xa6FJr\x1d\x84#\x11\x02\xa1\x10\
\xa9\xd4=\xa8\x17\xa0(\xf8\x83!|\x81L\x8ap}\
c\x13\xdb\xb6n%\x1c\x0a133\x83'\x10`\xde\
\xede\xa2\xcf\xc9\xc8\xb9\x93hl9\x14\x94\x95g\xc2\
\x8c\x85\xc5$\xe31\x82~\xdf\x9a\xc6\xc2?\x08+\xd9\
wv\x07*\x9d\x8e\xbe\xde^^\x7f\xe5eB\xf3\xd3\
\x94\x99\x8d\xd4\x97\x16\xb3w\xcbF\xaa\xaa\xaa\x89%S\
x\xfd~\xfc\x91\xd5I\xc4\xb9\xd9x\x0cz=96\
\x1b\x93\x0b\x8b|\xf7\xe0\xdbLNLb\xd7i\xe9\xa8\
\xad\xa1u\xeb&\xaa*+A\xaf'\xe9r\x11\x9a\x98\
\xccX\xa8w\xeak\x90\x15T+\xe9\xc0\x1fQ\x0b \
\xa5\x80\x994\x88\x0aB:S\xdc\xf0v?\x0c\x91\xcc\
\x87?\x93\x04\xc9\xe2\xe0\x19\xbb\x9d=\x9eY\xbe\xf9\xcd\
?\xe3\x8f\xce\x1cc\xf7g~\x8e/\xec\xda\x866\x11\
#\xeer\x92\x94W\x7f_.\x08\x02iY&\x1c\x08\
\xa2\x04\x82H\x82@Y~\x1e\x15eel[\x8a,\
t\xf6\x0dp~x\x84\xb9\xf11\x86\x06\x07\x91\xf4:\
J\x0a\x0ahkj\xa4\xbc \x9fX<N<\x1e'\
\x91L!\xcbkQ\xe6\xf1\xe6c\x87\x8c\x134\x1c\x89\
 \x90I`*(.a\x8b^G*\x91\xa0\x7fh\
\x88\xc1\xb1q\x16\xbb\xcfs\xb0\xbb\x13\xd1d\xc5^T\
Lsk+%%\xa5\xa4\x93\x09b\x91(\xa9d\x82\
\xf4\x1a6-Y\xf6\x9c\xab5\x1aL\x16+\x91x\x9c\
3\xe7\xce1\xd6\xdb\x85\xe0wSl2p`{\x07\
\x1b\x9a\x9b\x89&\x92\x84\x22\x11f\x9c\xae\x95gj\xd5\
W{@\xadRa6\x1aP\xab\xd5t\x8f\x8c\xf1\xed\
W_'\x1c\x08P`2\xf2\xf9]\xdb\xd9\xb6y\x13\
\xa8\xd5(\x81\x00\x11\xbf\x1fy\xa9a\xcd\xdd\x974W\
Vj\x02~D\xb7\x00\x026Q\xe1\xed\x84D\xb9/\
\xcc\x16}\x1a\xbdF\xc7LJY\xfa\xed\xed\xbe[F\
29\x9d\x02\x8d\xd5\xc1o\xe6\xd8\x19\x9b\xeb\xe3o\xff\
\xf8\x0f\xf8\xfd]\x8f\xf0\xd0\x81\xa78\xd0\xda\x8c6\x15\
'\xba\xe8$\xcd\xda\xe8\xb5\x97\xc7\x11\xfd\xff\xb7\xf7^\
Ar^g\x9a\xe6s~\x97\xdeg\x99,\x8bB\xa1\
\x0c\x1c\x01\x10\x00IP\xa4(\x92\xa2\xa8Y\xb5\xd4\xd3\
\xd3j7\xdb\xad6\xd3f\xbao:v;fvc\
&b/v/fz\xf7fbg#&vz{\
F\x9a\x98\xb6j\x19\x8a^\xa4$Z\x00\x04\x08\xef}\
\xa1\x1c\xca\xa4\xf7\xbf={\x91Y\x00\xa9&H\x10\xa8\
*\x00d=\x11\x85\x0a\x00YY'3\xff\xf3\xfd\xe7\
\x9c\xef\xfd\xde\xcf\xb2\xc1\xb2\x91\xe52\x8a\x10\xec\x18\x1f\
c\xc7C\xbb\xc14\xb9p\xf6\x1c\xef\x9d;\xcf\xe4\xdc\
\x1c\xcfOL\x10\x89\xc5\xe9\xe9\xee\x22\x12\x89\xd0\xd7\xd5\
I_g\x07\x8e\xed\xdc\x15\xdd\x81\x04l\xc7\xc1v\x1c\
*\xb5:B\xc0\xba\xa1\xf5l\xdb\xb6\x0d\xe98\x9c\xbf\
x\x913\x17/2w\xf1\x14o\x9f=\x89/\x99\xa6\
{`\x90p2M*\xddAO\xa6\x1b!e[w\
\xb0<MK\xae{\xe8\xa5[%\xb7\x93\x93\x93\xcc\x1f\
<\xc0\xd4\x99S\x18\xcd\x1a\xdb\x06\xfa\xf8\xe2W\xfe\x19\
\xc9t\x9a\x5c\xb1\xc4\xf4b\xf6\xfa\x9e~\xb9\xdf\xb9\xa5\
\x95G\xba\x9d\xb3?wu\x92\xc3g\xceryj\x8a\
f\xa9\xcc\xd6\xbe^\x9ey\xea\x8b\xf4\x8d\x8e\xb4r\xf6\
\xc5\xe2\x87T\xa5\xcb\xf6YJ>p`y?6\x07\
E\xe2:\x0d\x862\xa3\xe4\x12)\xfe\xb7\xf3\xef\xf1p\
9\xcf7\x13!\x1a\x8aA\xd6\x95\xdc\x8e\xfa_\x01\x1c\
)\x99\xb2\xa1\xa3\xab\x9b\x7f\xef4y{\xff\xf3\x9c9\
\xf66\xff\xfa\x81/\xf0\xf0W\x7f\x81_\xde\xf9\x00\x14\
\xf3T\x8b\xa5;\xaa1\xb8\x15\xae\xa7\x19k5\xa8\xb5\
\xac\xb9G\x06\xfb\x19y`\x0bx\x1e\xb3\x17/qf\
r\x0aO\xd3\x98\xbc6\xcb\x0f\xde?\x04\xaaJwW\
\x17\x0fn\xda\xc8\xfa\xbe\x1e\x90\x92B\xa9\x8c\xb9\xeaM\
KZ\xdf\xeb\xcd&\xf5v\xc3\xd3\x8e\xee\x0c\x1bFF\
\xd1U\x85\xcbW\xaepib\x02\xaa9\xf2\x8b\xb3\xbc\
\xfb\xd6\x22\xb6\xa6\x93\xea\x1bdt\xf3f\x06\x06\xd7\xa1\
+\x0a\x95R\x11\xb3\xf9)\x9b\x96H\x89\x94\x92p4\
F$\x9e`zf\x9a\x1f~\xef\x1f\xc8M\x5cb0\
\x9d$\x13\x09\xb1u\xcb(\x0fl\xdd\x8a\xa2i,\xe6\
\x0bL\xce^[\x91\x03\xbd\xd6pZ\x9d\xac;SI\
\x8a\xd5\x1a/\xbc\xb3\x97\xf3\x17/\xd1\x19\x09\xb3c\xdd\
\x00#c#<<>\x86?\xd3\x0d\xf9\x02\xd5\xf6X\
Z\xef\xe3\x0a\xa46\x15\x85T,\x8aO\xd3p\xeb\xcb\
\xdf\xffaU\xb6\x00e\xc7e\xcc\xa7\xf1O7\x8c\x11\
\xf7\x87\xf9\xe1\xc49\xf6\xe5.\xf1\xdb\x81\x0a\x0f\x84\x83\
\x14=\x85Z{u\xf3i\xdfB\x15(\xbb\x1eea\
\xb0kh\x80\xc7\xad:o\xec\x7f\x81\xe7\xde\x7f\x87\xbd\
\x8f\x7f\x95?\xf8\x8d_g|x=\xcc\xcfS\xab7\
>|\x10\xb3\x92\x08A\xad\xd1\x84FkBt\xa5\xd3\
\xf4\x0c\xf4\x83\xaa\x82e15=\xc3\xd1\x8b\x979w\
m\x8e\x97_\xff\x09\x9e\xaa\x90J\xa6\xd86>\xc6\xc8\
@\x1f\x8aPh4\x9b\xd8\xb6\x8d}\x17\xec\xc5L\xcb\
b!\x97kM\xcex\x9cG\xf7\xecAS\x14\x5c\xdb\
fna\x9e\x8b\x97\xafpe\xf2\x02\x07.\x9de\x9f\
\xe1'\xda\x95ax\xe3f\x86\x86\x86\xf0\x19\x06\xcdz\
\x0d\xc7j5\x5ci\xb5\xb5\xfe\xc7\xef\xb9n\x18\x04\xc3\
\x11T\xdd\xe0\xd8\xd1#\x9c:t\x00\xa7\x90\xa3\xdb\xaf\
\xf3\x8d\xed\x9b\x18\x1f\x1d\xc3\x17\x08Pk6Y,\xde\
\x90\xe6\xae\xc8\x12_U\x09\x06\xfc\xf8\xfd~\xceON\
\xf1\xa37\xdf\x22\xbb\x98%\xed\xf7\xf1\xd5M\xe3<\xb5\
c\x1b\xc1\xce\x0e0-\xacj\x95\xea'\xa5\xefnw\
,\xed\x83\xdb\x80a@2\x01\x9a\x8f\x9f\xed\xdbO\xb9\
V\xc3\xd0?\xb91\xe8\xa7eUj\x01\xa6\x0a\x8b\xfc\
\xfb\xae\x0e\xfep\xc3\xc6Vk#\xdd\xcfw\xe7\x16x\
c\xe2\x04\x9b\xea\xb3<\xe1s\xd8\x12\x0aRB\xa3\xe2\
I\xeed\xd7\xe4\x02\xdd\x9a\x82\xde\xac\xf1\x0fW\x17\xf8\
Y\xefF6\x7f\xe3\x9b<\xf3\xc8#\x8c\xa4\xa2P,\
R\xab\xd7\xef\x9e\x01f[\xce\x19\xf0\x19(\xb1(\xa8\
*\xb9\xc9I\x0e\x9d\xbb\xc0\xb9\x99YfJe0\x0c\
z\xbb3$\x93q\x92\xb1\x18\xeb{z\x08\xfa|\x14\
+\x15\x1a\xcd\xbb\xa3;\xb81|\x89\xae\xeb\xc4\x22a\
|\xba\xce\xdc\xdc5\xce]\xb8\xc8\xa5\x99Y\x16\xeb&\
\x9e?@g\xff:\x92\xbd}\x04\xc3\x11\xfaz{\x89\
\x86\xc3T\xdb\xb6\xeaB\x08\x12\xe94\x12\xc1\xc5\xcb\x97\
X\x9c\x9da\xe6\xfc9\xdc\xc2\x22\xc3\x1dIvo\xdb\
\xc6\xf0\xf00\xe5Z\x9d\xd2\x0a\xd7\xfd\x03\xc4\x22a\x82\
\x81 \x17\xa7g\x98]X\xe0\xca\xd4\x14\xb9\xf9\x05\xfa\
\x13q\x9e\xdc\xb6\x95\x07w\xed\x04\xe9a\xe5rX+\
x\x88+=\x8f\x80\xcf@M\xa7\xc1\x95\x9c\xc9\x159\
y\xfa4\x17\xf7\xbf\xcd\xf4\x89\xa3\xfc4\x98A\x8f\xa7\
Pn\xa1\x0b\xd4=W\x0c4UX\xe4\xcf\xbb:\xf8\
\x83\x91M,\xd4\xab(\x08\xd2\xc1 \xd7,\x8fw\xf2\
9\xce-\x5c\xc5\xcd^\xe0\xf7B\x1e\xfd\xa10\xf3\xae\
\xc0\x96\xb7\x1f\x08ZSL\xd0\xa3\x0b\xa6\x17\xb3\xec\xad\
X\x5c\xc8\xacG<\xf6,\xff\xec\xab\xcf2\x9e\x8e\x83\
mB\xa9D\xbdi\xde\xdd\x8a@)\xf1\xe9:Z4\
\x02>\x1f\xb5\xd9k\x1c\xbft\x99\xbaeSh48\
==C\xa1\xd1$\x99J1:\xb4\x8e\xcd\xc3\xeb\x89\
\x87BTjU\xaa\xf5\xc6]\xf7\x0b\xd0T\x95H8\
L\xc8\xef'\x97\xcbr\xfe\xe2E*\x8d\x06M\xa12\
\xb5\x90%\xdf4\x09wf\xe8[\xbf\x81M\x9b7c\
Y6\x07\xf7\xefe\xe6\xc2Y2A\x1f\x03\xc9\x04\x01\
U\xb0\xe3\x81\x07H\xa4R,ds+\xba\x05Z\xba\
\xc3v\xa4\x928\x9ed\xff\x89\x93\x1c>q\x12]z\
l\x1f\x1a\xa43\x14\xe6\xc1\x91a\xe2\x83\x83P.S\
+\x97Wl\xd5x\xdd\xd0&\x1a\x85d\x82\x85\x5c\x89\
\xef\xef?\xc0\xe4\xe1\x83\xf4-L\x92\x9e\xb9\xcc6\xb7\
J3\x96\xe2\xd7\xfcc\xe0\x0f\xe2\xbf\x85\xae\xcb\xf7t\
\x00X\xac\xd7\x80\xd6\x01Z@U\x89\xfa\x83\xd4Q\xf9\
\xce\xd4\x04\x87\xaf\x9ed\x9b\xb5\xc0\xbf\x88\xfb\xee\xe8\xa0\
p\x09\x0f\xf0+\x82\xb4\xf0\xa8\x14\xf2\xfcu\xd1\xe1\xdc\
\xe0&\x12\xa3\x9b\x18\xdc\xb4\x85\xddccl\xecN\xb7\
~A\xa9D\xb3\xd9\xc0]\x01\xe3\xc5[EJ\x89\xa1\
i\x18\xc1\x00\xe8:HI\xa3P\xe4\xe8\xa5\xcb\x1c\xbd\
t\x99k\xe525W\x12\x8aD\x18\x1e\x1c`\xcb\x86\
a:\x13\x09\xea\x8d\x96q\xa9\xeb\xae^V\xe1\xa3\xc6\
\xae\xaa\x0a\x01\x7f\x00\x9f\xae#d\xab\x7f\xc1\x85+W\
8se\x82\x5c\xdd\xc44\xfcx\xaeC\xd8n\xb2q\
\xb0\x9f\x87v\xec \x1a\x8b\xd1\xb0l*\xb5\xda\x8a\xea\
\x0e>\x98\xbe\x9b\xcb\xe7\xf9\xe9{\x07\xb8zu\x8a\xa0\
*\xd868\xc0?yh\x17\x89\xee.p]\x9cJ\
\x95\xe6J\xa6=\xdb\x9f\xb3\x9eL\x80/\xc0;\xe7/\
\xf3\xee\xe1\xc3\x14\x0e\xed'q\xee\x08\x8f\x08\x8b]\x89\
\x10\xc1H\x04\xa1\xa9\xec\xady\xfc\x9e\xd2\x0f\xfe0~\
oy\x03\xc0]\xd3\x01(B`z\x1e\xf3\xb5\x0a\x86\
\xa2\xf0\xc7\x83\x03\x5c\xea\xec\xe6;W/\xf3o\xe7\xce\
\xf0e\x99\xe7\x99H\x00\xdd\xf03\xd3\xde\x02\xdfN\xea\
\xd0\xf2$\xd3\x08\xb4X\x9a?Jx,\x16/\xb1\xff\
\xd5\xa3\x9c{#\xc2\xdfd\xd6\xa1\x0el\xa0o\xd3\x16\
\xb6o\xde\xc4\xbat\x9aT\xc0\x07\xc2\x83r\x85F\xbd\
\x8e\xbb\xca\xaa>\xdbu\xb1+\x1fhZ\xa2\xaa\xec\xd9\
\xb1\x9d=\x8f=\x0a\xc5\x12\xc7.^\xe4\xd0\xf9K\x5c\
9{\x96\x13'N\x10\x88DY\xd7\xdfGOG\x07\
\xbd\x9d\x1d$\xa3\x91\x96\x91F\xb5\xbab\x9e\x887\x1b\
\xbb\xe7\xc9V\x9a\x91\x1b\xa9\xbc\xf1M\x9bx\xf8\xa1\x87\
\xa8U\xab\x9c8}\x1a\x9fa\xb0\xfd\x81\x07\xb0\x5c\x97\
\x5c\xa1H-\x9b[\xb1C4\xcf\x93\x84\x83\x01\xe2\xb1\
(\xa5Z\x9d\xd3\x97.s\xec\xd5\xd7(\xe5\xf3\xf4F\
#\xfc\xca\xc3;\xf9\xe2\xce\x1d\x10\x0c\xe2dsT\x17\
\xb3+[\xa0\xa4\xaa\x18\x898\x04\x82\xcc\x96j\x1c<\
~\x96\xa3\xef\xed\xa7q\xf0m\x06\x17&\xf9\xe5\xb8\x8f\
\x0dC)j\xa8\x14]IQB\xa7+Qi}}\
&\x8b\x81\x14!p\xa4d\xbeR\xa6O\xd7\xf9\xdf7\
n\xe6'\x1d\xdd\x9cZ\x9c\xe2\xfd\xecU6\x94\xb3\xfc\
\xf3d\x10S\xe8,\xb8\xadm\xc1\xed\x04\x02OJf\
\x5c\x81\x16\x89\xf3L<\xc1\xd7\xa5C\xbe|\x95\xf7\xdf\
=\xc9\xc5\xbd\xafp\xa6\x7f\x90K\x99\x01fc\x1d\x04\
\xd6m`\xeb\xc8\x06\x1e\xe9\xefA\xf1\x1bP\xa9`V\
\xab\xd8w\xa1\xf1\x87\xe3y8\xe52\xb2TBU\x14\
\xb6\x8d\x8e\xb2m\xe7Nh\xd4\xb9p\xf1\x12\x87/\x5c\
\xc2\xae\xd7(\xccZ\x1c:|\x84\x8am3\xd0\x93a\
\xfb\xc6q\xd6e2\x98f\x93R\xa5\x8a\xb5\xcaB\x9e\
%\x17\xe5j\xad\xdeJ3\x02\xe3\xe3\x1b[Z\x8e\x15\
V\xe8)\x8a \x11\x8b\x11\xf0\xfby\xef\xe4)\xf6?\
\x7f\x8c\x90\xae\xb3.\x95`$\x1af\xcf\xee\x07\x19}\
`\x0b\x98\x16\x8dB\x01\xb7T^Q\xe1P\xd8\xef\x87\
t\x8aZ\xdd\xe2\x87\xc7N3q\xfc\x08\x99\xe9\x0b\x94\
/\x9cas%\xcf72q\x8c\xb1>\xb2\xae`\xda\
\x95(\xc8\xeb\xd7\xb8\xa4u\xd0\xad\xb02\xa6\xa0w=\
\x00,\xa1\x08A\xc9q\x90\xe5\x02OG\x82<\x9d\xde\
\xce\xbe\xd2\x08\xcfM\x9c\xe1\xd0\xfc\x19~\xd5\xdf\xe0\xe1\
h\x88\xbc\xa7R\xbf\xcd\xf3\x01A\xeb\x900\xefJ$\
*J8\xc6\xa3\xb18_\x91\x1eV}\x9e\xc5\xe3\x97\
9\xd5p8%\xfc\xbc\x9a\xca\xf0\xda\xd0\x18\x1d[\xb6\
1:\xbc\x81\x87\xd7\xf5\x13\x89\x06\xa1Z\xc3\xa9T\xb0\
\x1cgE>\x90\x9b\x8e\xbd\xad\xea\xab\xd5j\xc8j\x0d\
E\xc0H\x7f?#\x9b6\xb6\x0e\x16+U\xceNN\
r\xf0\xc2%&\xaf\xcd\xf2\xfc\xc4\x04\xd2\xf0\xd1\x95N\
\xb3ut\x84\xb1u\x03\xb8\x8eK\xa9Z\xc1\xb2V\xb7\
\x9d\xf8\xd2\xc5\x5ck4\xae\xbf\x96\x95@\xd74\xd2\x89\
\x04\xc5Z\x8d\xd7\xf6\x1f\xe0\xc2\xe5+h\x8e\xc3\x86\xee\
N\x1e\xdb\xbc\x91M\xa3#\x10\x0cB\xb1D\xb5\xdd|\
s\xa5\xc6\xa3\x00\x81x\x1c\xa2Q.\xcd\xe7\xf8\xf1\x8b\
\xafsy\xef\x1b\x04.\x9c\xe2\xc1F\x8e\xc7\xa3>R\
\xc98VW?YG\x22\x1d\x10\xfc\xe3\xebZ\x02\xaa\
\xe0\xb6R\xe5\xb7\xc2=\x13\x00\xa0u\xa1\x08!X\xb4\
L<\xb3\xc9\x1e\xbf\x8f=[\x1f\xe4\xaf\xd3\xbd\xfc\xd7\
\xa9\xb3\xbc\x95\x9d\xe4W\x02.\xebB!*R\xa5\xe8\
\xdd\x9e\x86`\xe9wI\xa0\xecJ\xca\x08\xa4?\x8c\xf0\
\x87\xf9\x82\x02_\x11\x1ef\xbd\xc0\x91#?\xe6\xd0\x81\
\xd7y'\xde\xc9[\xebFIo\xda\xc6\xf8\xc8\x08#\
\x03\x03\x0c\xa5\x22\xa0)\xd0\xa8c\x97\xca\x98\xab(\xe4\
\x11\xa25\xf6\x1b\xd5\x8c\x00\x92\xf1u\x83\x8cok5\
\xfe\xb8v\xf12\xef\x9e>\xc3\x95l\x96\x9f\xbc\xf1&\
\xaf\xa9*]]\x9d\xac\xeb\xed\xa5\xbf\xbb\x8b\xceD\x1c\
\xa4\xbc^\xde|/i\xfeo\x95%\xf7\xe5d<F\
\xdd\xb2\xb94=\xcdk\xef\x1d`fz\x86\xa8\xa1\xf3\
\x85\xa1A\xfe\xe9\x17\xf6\xa0vv@.O\xadX\x82\
b\x19\xc4\x0a\xad<\x80`\x22\x0e\xe1\x085\xcb\xe5\xf5\
s\x17\xd8\xbbo/\xe5\x13\x87\xe8\x998\xcb\xb7|.\
[\xbbR\xd8\xfa\x00\x0b\x8ed\x06\x10\x9fp\xceuc\
\x05\xb0\x12:\xc0{,\x00|\x10E\x08\x16L\x13\xc5\
\xb2\xf8\xe7\xddi\xbe\xd6\xf18\xcf\xcd\xcd\xf0\xbd\xc5+\
T\x17'\xf9f\xd0es8\xcc\xbc\x0b\xb6\xe4\x8eR\
\x87p\xe3\x03(yPDA\xf8Bl\xec\x0d\xf1\x88\
\x90H\xb3\xc9\xf1\xb3\xef\xf0\xde\xe1\xb7\xb8\x92LS\x1a\
\x1c\xe2\xa5t\x1ff\xaa\x9b\xe1\xd1Q\x1e\x1f\xdb@2\
\x1e\x85f\x03\xb7T\xa2i\xaer\x9f=\xd1\xfa\xe3\xc3\
\xba\x83\x14\xdf\xfc\xc6\xd7@Q)NO\xf1\xce\xb1\x93\
\xe4\xeau\x9cB\x9ew\xae\x5c\xe1Z\xbe@\x22\x99\xe0\
\xc1\x8d\x1b\x19\x19\xec\xc7\xd04\x8a\xa52\xf5\xb6\xdf\xc0\
\xbd\x1a\x0e\x96\xec\xb4\x22\xa1\x10\xf1h\x94\xf3S\xd3<\
\xff\xd6;X\x8d:#\xdd]\xa4\x81g\x1e\x7f\x94\x1d\
\xbb\x1e\x04\x04f6Kcr\x1a\xa1\x88\x15\xf9LZ\
\xe9;\x1fj:\x05\x8a\xc6k\xc7\xcfp\xf0\xe0\x01\xba\
r3x\xe7N\xb0\xee\xdaU\x9eMG\xe9Z\x9f\xa6\
(U\xa6=\x89\xe2\xc8[~\x7f[\x01@\xa2\xc8\xcf\
Y\x00\x80\x1b\xea\xba\xf9Z\x15\x9f\xa2\xf0\xad\xbe^\xf2\
\x99>\xfe~v\x96\xffg\xfa\x14\xdb\x17\xa6\xf9\xed\xb8\
\x1f\xbf\xe1g\xba\xfd\xa6.\xc7G|}\xc9\xeaA\x0d\
\x81\xd4\x02\xf4w\x05\xd8\xa6\x00\xb6Eq\xe2\x18\xe7O\
\xbe\xc7IGp\x22\x9c\xe2\xd0\xd08\xe1\x91\x8d\x0c\x0c\
\x8f\xf0\x85\xb1\x11\xfa\xfb\xbb\xc1\xb1\xa0Xj-{W\
\xfb\xee\xbaT\xde\xbc\xb0\x08R\x12\xf2\x07ZMTt\
\x0d\xeaufg\xe7811\xc1\xb9\x99Y\xdex\xfb\
m^{G!\x1a\x8d\xb2yd\x03[6\x0c\x13\x0e\
\xf8)W\xaa\xd7[\xa2\xdd\x0b\xab\x03\xefz\xf5]\x02\
\x84`\xff\xf1\x93\x1c<~\x1c\xa7\xde\xa0?\x19\xe7\x1b\
;\xb7\xb3}t\x14\xa2\x11\xa8V[\xc61\xb4\x1b\x86\
\xdc\x82\x8f\xde\xa7\xe1z\xfa.\x12\x86d\x92\xb9l\x91\
\x97\xde\xdc\xc7\xa5\xc3\xef\xa3\x1c\xdd\xc7X~\x86=!\
\x9d\xe1T\x1co|\x88E\xc7c\xdam\xdd\xc5?\xed\
\x8dji\x05\xa0r\x1f\x9f\x01H$~U\x05\xa1\xdc\
\x96\x93\x8e\x22Z\xba\x80\xf9j+c\xf0/\x07z\x98\
\xed\xea\xe4?]:\xc7\xff<\x7f\x9e\xa7d\x91o\xc6\
\xfc\xa0\xfb\x99u\x96\xbf\x8b\xba\x00\x9a\x12f]\x90\x8a\
\x01\xb1\x14#qxH\x05l\x8b\xb3\x97\x0fp\xe8\xf8\
;L\xf8\xa3\x9c\x19\xd8\x801\xba\x99\xde\xe1\x11v\x8d\
\x8f3\x9e\xe9CS\x01\xcb\x84r\x85\xbai^\xaf\x05\
_\x15\x84\xc0r\x1c\xac|\xbe\xf5w)\xe9L\xc6y\
v\xdd\x17y\xd60\xa8\xce^\xe3\xd0\xb9\x0b\x9c\x9d\x9e\
\xe6\xd8\xe1\xc3\xec{\xff}\x82\xe10#\xeb\xd6\xb1\xbe\
\xbf\x8f\x8eX\x0c\xbf\xa1S\xab7\xa85VWw\xb0\
4\xe9\x93\xb1\x18\x9a\xa6qyv\x96\x9f\xbe\xfa:3\
\xb3\xb3\xf8\x81\x07\x07\xfbxv\xd7\x83\xa4\xd6\xad\x83J\
\xa5U\xa4\xd5v{\xba\xed\xea\xbb\x9bp}\xd2\x87C\
\x10\x8f#=\xc1\xbe\xab\xd3\xec\x7f\xfdm\xe6\xf7\xbdA\
\xe4\xe2I\xbe$\x1b<\x9dI\xa1t\xacc\xde\xf1\x98\
\x96\xa0\xd8\xad\xd4\xecmkZd\xeb\x0c@\x91\xf7m\
\x00hY\x19U\x1bu0\x0cb\x96A\xc12Qo\
\xe3\x22Z\xca\x18\xccU\xca$t\x9d\xffc\xf3V~\
\xda\xdd\xcf\xdekW\xf8\x0f\x85\x092\xa5<\xbf\x1c\x0f\
\xe0\xa9>\xe6o\xb3\xc6\xe0\x93_M\x8b\x86\x84\x86\x03\
R\x18\xa4;:\xf8\xf5.P=\x87\xe9\x853\xbcw\
\xfe\x10\x17\xb5 \xaf\x0f\x0esn|3\x8dT\x17\x22\
\xdd\xc5\xce\xd1\x11\xc63=\x80\x84R\x91zcu\xcd\
CZ/@`\xda\x0ef.\x7f=\x1f\xfd\xc4\xc3\xbb\
y\xe2\xa9' \x97\xe7\xe0\xb9\xf3\x1c\xbf|\x85\xdc\xd5\
\xab\xb8\x95\x0aG\x1c\x87B\xad\xc6@O\x0f\xdbFG\
\xe8H\xc4\xa9\xd5\x1b+\x9a\xb7\x97R\x12\xf0\xfb\xe9L\
%\x99^X\xe4\xbb\xaf\xbd\x8ep]B\xba\x86,\x97\
\xf8\xfa\xd6\x8d|\xf9\xa1\x87 \x16\xc5\xcd\xe5\xae\xcbr\
\x97{\xd2/\x8dEW\x14|\xa9\x14\xf8\x03\xbcw\xe9\
*'\xf6\x1d\x228q\x96\x89#\x87\x08\xce\x5c\xe1\x8f\
b:C\x83I\x1a\x22\xcd5W\x82\xed\xb5\x0ax\x96\
\xe3\xf7\xb3\xb2g\x00+.\x04B(X\xae\x83Z-\
\xf0\xcdH\x98\xffed#\xfeH\x9cr\xadJ\xc3\xbd\
\xfd&\x0b\x92\xd6\x87\xd3\xe5\xf3\x81/\xc8[\xf9\x12/\
N]\xa4\xb9x\x81\xdf4\xea\xec\x8e\x85(z*\x95\
;8(\xbc\x9d1i\x02\x12\x0a\x18\xd2\xa3\x5c\xa90\
]\xae1\xe1\xc29=L\xbe{\x10}p\x03\xdd\x1b\
\xb7\xb0s\xd3&v\xf6t\x81\xa1A\xb9D\xb3V_\
\xd5\xbc\xfd?\x1a\xfb\x92\x06=\x14\x82p\x08\x1a\x0d\xca\
\xd9\x1cW\x16\x169r\xe92\x13\x0b\x8b\xd4\x5c\x17#\
\x18b]_\x1f[F\x86\xe9\xeb\xec\xc0\xb2lJ\x95\
\xca\x1dW3.m5\x12\xb1(>\x9f\x8f\xa3\xe7.\
p\xe0\xf8\x09*\xc5\x02]\xe10{F\x87yh|\
\x9cPO\x06\x9a&\xcdb\x11g\x05\x83\xa7\xf4<\xc2\
\x01?tt`\x9b\x0e/\x9d<\xc3\xfbo\xbf\x89u\
\xe2\x10\xeb\x16\xa7xL\xb3\x19OF\xd1\xc3\x11\xb2\xae\
\xa0y\x07\xca\xd5\x8f#\x22$Y\xdb\xe5[\xb2\x87\xe9\
@\x92\x98\xf7\xc9\x8e\xcf\xf7\x94\x12\x10$\x9a\xaaQ\xf4\
\xe0ja\x81\xc7U\xf8\xd3L/\xbf\xd87\x08\xfe\x00\
\xe5F\x9d\xc6\x1dt[Y\x0a\x04\x9d>\x1f\xc2\x17\xe0\
\x85\x85\x1c/]>N\xa6|\x95_\x0exl\x8a\x84\
)I\x95\xf2*\x06\x82\x0f\xa2\x09\x88\x0a\xf0K\x97l\
\xa5\xca\x91|\x85\xd3\x8a\x9fl\xf7 \xda\xc00\xe9\xd1\
Ml\xdd\xb2\x85\xcd}=\xa4\x82\x01\xf0\x1c\xa8\xd70\
\xab\xb5U\xd7\x1d\xfc<\xaa\xa2\xe0\x0f\xf8!\x12\x81z\
\x9d\xf3\x97.s\xe0\xdc\x05./f\xa9X\x16\xaa\xcf\
GoO\x0f\xc3\xfd}\xf4vv\x92\x08\x87\xb1m\x8b\
R\xb5vK\x06\x22\x1f\xf4\xd0\xf3\xfb\xfd\xcc\xe5\xf2\x1c\
?\x7f\x81\xb3\x17.\x82e1\x94J\xf0\x95];\x19\
\xdd\xb6\x15\x1a\x0d\xccb\x09\xe7\x13\xda\x8d\xdd\x09\xadI\
\x1f\xb8^\x84sn~\x91\xd7\xf7\x1f\xe0\xea\xe1\xf7\xf0\
\x9f9\xca\xee\xda\x22Ow\xc5\x09\x86\xc3d=\x81)\
W\xee\xb0\xd4\x03\x0c\x01\x9d\xaa\xc44\x9b|\xd5\xed\xe7\
R\xb0\x83\xa4g~\xe2\xcf\xdec\x01\xa0\x85\x00\x84n\
0U\xaf\xd1,\xe5\xf8\x85x\x8c\xdfJw\xf0?t\
\xf5@ H\xbeV\xc5\xf6\xbc;\x0a\x04\x02IG \
D\xde\x15|{z\x12\xab8M\xb44\xc9\x93>\x87\
\x8d\xe1\x10\x8b\xaeBS\xde\x9d@\xb0\xb4\x94\x8b\xa8\x82\
\x10.\xb5j\x8d\xa3\xf9\x0aG\x1d\x85bg\x1f\x83\xc3\
#\x04\x07\xd7SJt1\xd0\xdf\xcf\xc3C\x03\x84\xc3\
\x01\xa8\xd5p*UL\xdb\xbek\x05LKMK\x82\
\x01?Dc\xe0\xd8\xccL\x5c\xe5\xbd\xd3g\xb8\xb8\xb0\
H8\x16\xc7\xf0\xf9\x98-\x96\x08\x85\x82l\x1f\x1fc\
t`\x00\xd7u(U*4\xcd\x0f\xa7\x19\xbd\xf6\xd6\
\xa33\x95\xa2\xdal\xf2\xe6\xa1\xc3\xe4\xb2Y\x12\xa1 \
\xc5\xc5,\xe3\x99n\xbe\xf6\xd8\xa3\x18\x9d\x1d\xad\x92\xdb\
\xea2\xf8>~\xcckS\x85 \x10\x8fA<\xce\xc5\
\xc9k\xfc\xec\xd8\x09B\x8b3dO\x1c\xa6y\xfa\x18\
O\xfa=vw\xa5\xb0\x0d?\x8b+p\xc6t},\
\xed\xefa\x05b\x0a\xcc6\x1a\xec\xab\xbbL\x0b?\x7f\
\x1b\xe8#\x1f\x8c\x11\xb8\xdfj\x01~\x1eE(8\xaa\
\xc6T\xa3\x86[)\xf2\x8c_\xe7Oz\xfax\xba\x7f\
\x08$\xcc7j\xd7][o\x87\xeb5\x06\x81\x10U\
O\xf0W\xd3S\x1c\x9a:\xcdh\xe3\x1a\xbf\x1f\xd7\x89\
\xfb\x03,:\x12k\x05\xa3\xf7'\xb1t\x01\x85\x14A\
LH\xecF\x9d\xb9r\x85I\xd3\xe58>\xe6ci\
\xbc\x81a\xd2\x9b\xb63<6\xc6\xee\xc1\x01:\x93\xad\
4\xa3W.\xb7N\xf8\xa5\xb8\xab\xb9\xba\x80a\xa0D\
\xa3 \xc0-\x96\x98\x9e_\xe0\xf0\xa5\xcb\x9c\x9f\x9b\xa3\
\xd0h\xe2i:\xc9d\x82-\x1b6\xb0yx=\xaa\
\x22(\x94\xcah\x9aJ2\x16o\x1d\xe8\xed?\xc0\xc2\
\xfc<Q]\xe3\x91\xd1\x11\x1e\xdd\xb2\x89T\xa6\x1b\x10\
X\xf9<\xd6\x0a\xd7\x06\xf8u\x1d-\x9d\x02\xa1\xf2\xda\
\xe9\x0b\xbcw\xe40\x95\xf7\xdf\xa5o\xe2\x0c;\x15\x8b\
M\xd1 \xf1D\x82\x92T\xa8zwV\x97\xf2\xb1c\
i?o\x87\x0a\xbat9\x5cm\xf0\x96\x09\xb3\x81.\
\x06\xba7 \xa4\xe0?f\x17\xd0\xfcA4\xf9\xc9\xf5\
\x1e\xf7t\x00XB\x11\x02G\xd5\x99\xac\x96\x91\xd5\x02\
\x7f\x90\x88\xf3gC\x1b\xc8$\xd3x\x96M\xd6\xba\xb3\
|\xb4D\xa2\x09\x85d0\xcc\xb4\xe9\xf0_\xa7&\xc8\
\xcd\x9e\xe2a'\xc7CA\x9d\x1eC\xc3Pul\x14\
\xaa\x92\x15]\xce\xdd\x0a\x02\x08\x08\x88+\x1en\xd3\xe4\
T\xa1\xcc\x81\x86\xc7L\xb4\x03\xa7o\x88\xe8\xa6m\x0c\
\x8f\x8d\xb3ch\x90\xa1t\xb2UVm6q\xeb\xf5\
\xd5\xd7\x1d|\xc4\xd8\xfd\x86\x81\x12\x8b\x81\xaaP\x98\x9c\
b\xdf\xc9\xd3\x9c\x9f\x9bc\xa1V\xc7\x12\x0a\xf1x\x9c\
\xadc\xa3\x98\x96\xc5\xa1\x13'1\xabU\x06\x12q\x1e\
\xdf\xba\x89\xdd\xdb\xb7\x81\xaaa\xe5\xf3\xd8\x8e\xbbb\x1f\
\xc4\xf5I\x1f\x09C0\xcc\x5c\xa9\xc2\xeb\xa7\xcern\
\xdf;\xb8\x87\xdfeCq\x8e\xaf\xa6B\xf4\xa4\x12\x94\
<A\xcd[\xb9v*\x92\xd6!aL\x81\xa0t)\
\xda\x16\xef\xd6m\xf6\xcb\x10f\xb8\x8b\x9eD/\xcfv\
\xf7\xb21\x9d\xe4\xfc\xf4\x04\xff\xe4\xc2y\xf4`\x14\xff\
g%\x00,\xa1(*MEa\xa2\x90e\xd81\xf9\
\x17\xdd\x19~\xad+C&\x91\xc6\xb6-\xf2f\xf3\x8e\
W\x04\x11M#\x18\x8a\xf0n6\xcf\x0b\xd3\x97\xf1\x9b\
%6\xc8\x1aa\xab\x82\xeb\x98l\xf1\xa9\x8c\x06| \
Tr^+\xe5w7W\x07\x00~\x01)\x05\xb0M\
.\x15\xca\xec\xab\xd8L\x84\xe2X\x99\x01\x86\xb7l#\
3:\x8e\x17\x8e\xb1\xa97\xc3@W\x1al\x1bJw\
Iw\xf0\xa1\x17\xd0R\xe7\xe9\xb1\x18\xf8\x0c\x9as\xf3\
\xbc{\xe2$\xe7\xa6g\x99\xabT\x90R2\xdc\xd9\xc1\
\xb3\xbb\x1e$3:\x02\x95*\xf5ry\xe5J\xb2\xdb\
\xd7u(\x14\x84d\x92\x85|\x99\xc3S\xb3\x94.\x9d\
\xe5\xf4\xbew\x91\x17O\xf3\xb8W\xe5\x99L\x12\xfcA\
\x16\xdc\xd6\xeap\xa5\xfaG{\xb4\x02}J\x85\x9ae\
\xb2\xb7fQ\xd0\x82LiQ\xf2\xbe$\xdb\xbb\xd7\xf1\
\x95T\x8a\x98\xaePo\xd4\x09\xaa*\x07s\x8b|\xeb\
\xea$2\x10\xfe\xec\x05\x00h\x9f\x0fh:9\xc7a\
\xbeRbT\xda|+\x1e\xe3\xf7\x07\x87\x89\xc7\x12\x94\
\xeau\x9aw\x901\x00p\xdb\x07\x85\x8a\xeeg\xda\xb4\
\xb8\xd64\x99\xaf\x978_\xca\x93//\x10l\xe4\xc8\
x\x0dv\xfb\x15\xb6\x04|\xa0h\x94<\xa8\xde\xa6S\
\xd1r!i\x1d\x06\xa5\x14P\x5c\x9b\xd9R\x85\xab\xb5\
&y#\xc4e#\xc4bG\x1f\xbe\xb1-\xf4\xae\x1f\
\xe1\xe1\xb1\x116\xf6u\x83\xf4Z^\x07\xb5\xfa]\xf5\
:X\xaaf\xf4E\xa3\x10\xf0c\xcf/\xa0k\x1a$\
\x13\xc8B\x91Z\xb3\xb9\xa2K|MQ\xf0\xa7\x92\x10\
\x08rbz\x9e\xd7\xf6\xeeev\xff\xdb\xf4\xce_e\
k=\xc7\x88Oa0\x9d\xa4\xa9\xe8d\xdd\xe5\x13\x92\
\xfd\xa3\xb1\xb4\xbf'\x14\x08*\x92\xcb\xb5\x06/\xd5=\
\xae\xea1b\xf1^vv\x0d2\x10\x8a\xb09\xe0\x03\
\xe9\x927\x9b\xd8\xd2CA\xd0a\xf88\x5c\xc8\xf2\xad\
\x89\x09l\x7f\x98\xc02\x07\x80{B\x09(\x01\xe9\xd8\
$\x81T<I\xceq\xf8\xb7\xb9\x1c\x7f\x9b?\xc8\xbf\
\xea\xed\xe3\xd7\xd6m \x16\x08Pi6\xa8\xdff\xc6\
@\x15\x82\x9ce\x81e\x11\x12\x82\xcd~\x95\xdd\xe1n\
\xc8\xf41\xd90\xd9[,0U\xc9\xf3\xf7\xe5\x05~\
P\xce\xd2\xe9\xd6x@\x97l\xf1k\x044\x0d)T\
\xaaR\xd0\x90+\xb7,\xfc(\x04-\xa9\xf3\x9c\x0b\xa0\
\xa3\xc6\x93\x8c\xc7[\xcbF\x9f\xe709\x7f\x9a\x03\xe7\
\xdf\xe7\x8a\x16\xe2o{\x87\xd0F\xb7\xd0\xb9~\x84\x07\
7\x8e\xb1k\xa0\xaf\xa5\x823\x9b\xd0\xa8\xb7\xccOV\
\xbbi\x89\xe7\xe1\x14\x8bPle\x15\x5c\xc7\xc1\x9d\x9b\
\xbf\xfe\xff\xcb\xc9\xf5I\x1f\x09C$\x8ai\xb9\xfc\xe0\
\xd8I\x8e\x1e\xd8O\xfd\xe4!\x86\xa6/\xf0/C\x0a\
\x1bRq\x1a\xc9.\xcaRaFJ\x84\xbb\xfc)\xbc\
\xa5k$\xa2\xb4Ry5\xdbd_\xc5\xe6=G\xa5\
\x14\xec&90\xc8\xd7\xd3\xdd|1\x16\x01\xcf\xa1b\
\x99d\x1b\xd5\xeb\x8e\xd9\xca\x07\xae0\xb5\xfd\xf7\xfb\xd6\
\x16\xfcV\x91\x80t\x1d\x92\x02R\x9d\x19\xa6\x9a\x0d\xfe\
`r\x9aW\x8bE~\xb3+\xc3\x13\xe9N\x22\xe1(\
\xb9z\x15\xe7\x0e2\x06\x8e\x948\x8eC\xcdq\x90H\
b\x8a\xca\xafw\xa6\xa0\xa7\x9b\x05s\x84}\xc5\x22\x97\
\xcay^\xa9d9j\x97\xc94\x1b\xb8V\x95~U\
\xb2-h\xe0Su*RPY\xc1=\xe2\xcdp%\
4\x80\x06*RQ\xf1'||#\x95\xc4\xc0#W\
\xba\xca\xfe\xd7Or\x1e\x83\xe7\xbb\x07\xd9?\xbe\x99\xf5\
#c(\x9d\x19\xba::y\xb0\xb7\x1b\x0c\x15Je\
\x9a\xb5\xda\x8a\xe6\xd1?r\xec+d\x83\xfe\xc1\x92[\
\xcft\xf8\xc9\xc5\x09\xca\xd3\x07\xb8t\xf4\x10\xa5C\xfb\
\xd8^\xcf\xf2\xe5\xce\x18\xb1\x0d\x19r\x9eh\xe9\xf1=\
\x80[\xd7\xe4\xdf*\x1e\xa0\x03]\x9a\xc0v,\xde)\
7\xc9\xa3\xb3h\xc4\x99\x88\xa4\x18Le\xf8\x1f;\xbb\
\x19\x0c\xfaq\x9au\x16\xeam\xdb\xb3\xf6\xcf\xff\xfcx\
<$\x9a\x10\x9f\xfdr\xe0\x0f\x22\x01i[\xf4j:\
vg\x0f\xdf\xaf\xd7\xf8\xde\xe5\xcb<5=\xc9\xbf\xea\
\xef\xe7\xd1\x9eA\x00\xe6\xebw\x961\x80\x96u\x98\xe5\
y,6\x1bH\xea\xe8B\xe1\x17\x93Q\xe8LSu\
\x869\xdf0)[M\xae\x94r\xbcP\x98\xe7\xc5Z\
\x8e\xa4]e\xbb\xe6\xb03h\x10\xd6u\x1aR\xa1\xe4\
\xb5J\x8dW3\x18\x08Z=\x17\xb2.H\x14\xd4p\
\x8c'c1\xbe&$\x95\xca\x22g\xdf\xf9\x11\xd5\xbd\
\x1aS\xfe(\xfb#i\x9e\x1f\x18&=\xb6\x99m\x9b\
7\xf3P\x7f\x0f\xe1\xa0\x0f*U\xacj\xb5e<z\
\x0fh\xfeo\x95\xeb\xa9\xc9X\x14\xa21.^\xcb\xf2\
\xda+op\xf5\xd0~R\x17\x8e\xb3\xb9\xba\xc8\xb3\xc2\
ekg\x0a\xd7\x18d\xc1\x91ToRr\xbb\x1cx\
@H@B\x91dM\x93\xbf)\x9a\x9cTb\x88\xd8\
:\xb6\xa6{x8\x96\xe2\xf7C\x014!\xa94\x1b\
\xcc\x97\x9b\xb7\xd4\x98\xb4%\x05\x16\xad\xc6 +0\xee\
{2\x00,\xe1I\x0f\xd5\xf5\x18\xf2\xfbqBa\xde\
\xa8Ux\xf7\xdcy~u\xee\x1a\x7f:\xb8\x9e\x91\xae\
\x1e\xecf\x93\xa2\xbd<\xddz\x05-\xa9\xf1\xa2i\x22\
\xcd\x96\x5cyTW\x08\xf8\xc3|)\x95\xa4d\xaf\xe7\
P\xa5\xca\xd9R\x81\x9f\x95\xe6\xf8I-K\xb4\x5ca\
\x8bj\xb1+\xa0\xd3\xadk4\x85J]\x0al\xd9\x0a\
\x08\xab\x85\xa0u\x11\x16]( P\x02a\xd6\x07\xc3\
\xf8\x90<\xe99\x94\x1b\xb3\x1c;p\x9e\x93\xfb~\xcc\
k\xe9>^\x1b\x18&9\xba\x89M[\xb6\xb0k\xb0\
\x9fD,\x0c\xf5:\xd4jX\x8e\xd3j\x8dv\x8fq\
]\xad\xa8\xeb\x10\x8f\x81\xaa\xf3\xe6\xa5I\xf6?\xf72\
\xb9}o\x90\x9a<\xcf/h\x0e\x8fu&\xb0c\x1d\
\x94\xa4`V\x82\x5c\xc6B\xb1\x0f\x8d\x07\xd0\x05\xc4\x85\
\xc4\x90.\xa7\xebM\xbe\xd3\x14L\xfb\xd3\x04;{x\
\xac\xab\x9fgR)4<jf\x93\xe2\x07\x97\xf8\xb7\
\x18l[~\x00\x9f\xb3\x15\xc0\xcf#\xa5Du,\xd6\
\x07B\xd4\x83\x11\xfe\xa2\x98\xe3\x95\x93\xc7\xf8\xd7\xf9,\
\xbf\x9a\xe9\xa5#\x12\xc3r\x1c\xf2\xe6\xed\xd5\x18|\x14\
\x82v\xe3\x0f\xd7\xa5\xe1\xba\xc8v\xfd\xc2\xe3a?O\
%\x07\xb1\xdcA\x8eT\xab\x9c(\x159P\x9c\xe7\x9d\
j\x96n\xb3\xce\x88h\x92\x906}>\x9d\x1e\x9f\x81\
\x83B\xdek\xed\xe3W\xf3\xdc@\xd2Jm\x9a\x08J\
BG\x09\xeal\x0b\xc7x\x5cxX\x8d\x12'N\xbe\
\xc1\xd1C?co\xa2\x8b7\xfa\x86\xe9\xde0\xc6\xb6\
\x07\xb6\x91\xec\xee\xa67\x1c&\x11\x0bA\xb3\x89[\xae\
\xd0\xb4\xeen\x9aQJ\x89OU\xd1\xdb9\xfbs\xf9\
\x12\x97\x0e\x9f\xe0\xc0[oP?y\x98\xd1\xdc4\xbf\
\x9b\x0c\xd0\xb9>M\x15\x95iW\x22\xbc\x9b/\xab\xef\
h,|8g\x7f\xa9\xd1\xe4\x90-8I\x809\xa3\
\x8f\x81\xa1u\xfcvg\x0f[\xc3\x01\xb0M\x16\xeb\xe5\
\x0f\xdd\x9c>\xedXZ\xd65\x02Ep\xbfv\x06Z\
.\x04\xae\xe7\xe2\xc3eK\x22E\xce\x89\xf2g\x0by\
\xfes.\xcf\xd7CA\xfelx\x84\xeeh\x92j\xbd\
F\xcd\xb1\x97\xbdi\xc4R@(\xda\x16\xd2\xb6P\x80\
m~\x8d\x87\xa3\xbd\xd0\xd7\xc7\xd1Z\x9d\xc9F\x03\xd3\
\xaar\xa4\x94\xe5\xf9J\x8ep\xbe\xc0\x08M\xb6\x074\
\xd6\xfb}H\xa1\x92o\xa7\x19\x97\x9es5X\x0a\x08\
UORA \x8c \xeb{\x82\xecT@6\x9b\x9c\
\xbe\xf4\x1e\xe7O\xbcC\xfe\xcd\x0e.\xa5\xba\xf8~0\
A`d#\x1b\xc67\xb3sh\x80\x81\xbeN\xb0\xad\
\x96Kn\xd3\x5c\xb5\x12a\xe9y\x84\xc3!H\xa5\xa9\
\xd4\x9a|\xf7\xbd\xa3\x9cx\xf7M\xba\x17&\xc9\xccO\
\xf2\xc5j\x81\xc7\xba\x12\x18#\xbd\xcc\x7f\xc0Nk\xa5\
\x96\xf8~\x01i\x15\x1c\xc7\xe2\xa5\x82\xc9\x01\xcf\x8f/\
\xd2\xcfx\xcf\x00\x1b\x03q~+\x1a\xa1\xdb\xa7\xd3h\
6X\xa8\x94\xae\x17'\xdd\xc9;\xe5I\xd0\x14\xd1*\
\x07^\x81\x03\xa7\xfb(\x00\xdc\xc0ul\x12\x08\xe2\x89\
\x14s\x8e\xc3\xbf+\x15\xf8\xc9\x91\xf7\xf9\xe3\xee\x0c\xbf\
10D8\x14\xa6\xd0h`K\x97\xe5\xaf\x0f\xbb1\
\xa1*\x8eC\xd9q\x10\xc0\x88\xae\xb2\xdd\x1f\x055\x85\
\xd9\xb3\x8e\xcb\x8d\x06\xef\x17\xf2\x9c*-p\xa8V \
T\xcc3\xe8U\xd8\xe6W\x18\xf7\x1b\x08E\xa5&\x15\
LZ\xab\x83\xd5\xe2z5\xa3\xd7\xfa\x92\x9a\x9f\xeeN\
?\xc3\x0a\xa8\xb6\x85]\x98`j\xe6\x1c\xef\x1d{\x87\
S\xa1$\x873\x03\x84\xc6\x1f``\xe3fv\xae_\
\xc7X\xa6\xa7\x95f\xacTpLs\xf9\xad\xd1\xdab\
\x1d5\x16\x85p\x84SWgx\xf9\xf5\x1f0\x7f\xec\
}\xa2g\x8f\xf0\xb4U\xe2\xe1d\x98p<L-\xdd\
O\xd6\xbd\xb9\x9d\xd6\x1d\x0f\x85\xd6\x12?$ \x84\xcb\
\xa5\x86\xc9\xf7\xeb.W\xb4\x18Zr\x94M\xe9^\xbe\
\x94L\xd1ch\xe0X\x14m\x93\x85jc\xd9\xfd\x05\
\x7f>+\xb0\x9c\xdc\x97\x01\x00\xda\xcb!\xd7\xa1C@\
g\xaa\x93s\xcd&\xbf75\xcd\xdfe\xb3\xfc\x9b\xc1\
!\x1e\xea\xe8\x02=H\xbe^\xbb\xa3\x1a\x83Ob\xe9\
Y\xeb\xaeK\xddu\x91\x98\x08\xa0OQ\xd9\xd8\xd3\x0d\
}}\x5cm\x9a\x1c,\x16\xb9PX\xe0T5G\xac\
^d\x9c\x06\x09i\xd1\xa9\x0a\xc6\x02>\x84\xd2*\x98\
\xba\xdd\x0eIw2~S\x82\xe9\x02\x8a\x81\x0c\x19$\
\xc3\xf0[\x0a\x08\xc7ff\xf1,\xfb/\x1e\xe1\xc2k\
Q\xcet\xf5\x11\x19\xdf\xc2\xd8\x96\x07\xe8\xed\xeb\xa7+\
\x1e\xa7?\xdd\xd1\xb6U/R\xaf7nKwp\xbd\
\xe46\x91\x80@\x90\xc9|\x91\xf3\xa7/r\xf8\xe8a\
\x16\x0f\xeee\xf0\xea\x19~;\xac\xb1%\x93\xa2\xa9\xc5\
\xc99\x1ee@\xb8\xcb/\xcf]\x0afq\x05BB\
r\xb5\xd1\xe0\xb4\xe5q\x1e?\x17\x8c\x0c\xf1\xde^\xbe\
\xdc\x91\xe1\xe9d\x1c<\x87B\xb3\xc1|\xed\xc6\xf5\xb5\
\x12+#\x9f\xa2\xa2\x09\xb1\x02\x9d\x01\xef\xe3\x00\xb0\xc4\
\x92\x86\xa0W\xd7\xe8\xee\xee\xe7\xcdj\x85\xc3\x97/\xb3\
g\xfa*\xbf\x99\xee\xe0\xeb\xebF\x00X\xa8\xd7V\xa4\
^\xfc\xe7Yz\xfe\xa6\xe7\xd2l\xd4\x91@\x5cQ\xf8\
fG\x02\xba\xbb\x983-\x8eW\xaa\x98V\x9d\xb9F\
\x89w\x8b\x8b\x98\xe5,\x19\xb7\xcav\x03v\x05}\xa8\
\x9aF\xd5\x13\x94\xefB\x9aqIwp\xcd\x05)t\
\xb4D\x92o\xa4@\xf7\x1c\xb2\x95I\x0e\xbe~\x9a\xda\
\xdb/0\xd9\xd1\xcd\x1b\xe14\xf5\x9e!\xbaG\xc6\xd8\
9>\xc6\xce\xc1\xde\x96\x84\xae\x5c\xa1Q\xad~\xa2\xa5\
\xba\x94\x92\xa0\xcf@I\xa7qm\x8f\x1f\x9d<\xcb\xa1\
\xf7\x0f\x12\xbex\x82\xa1\xf9\xab\x8c\xe6\x17\xf8\x9dT\x84\
\xce\xf1>\xf2n;}\xe7x+*\xcd\xcd\xa8 <\
\x9bw\xcbM\xde\xb2U\x1a\xe1\x0cc=\xbdt\x87\x93\
|%\x1ag]\xd0\x87g5Y\xac\xdd\xd8\xdb/\xf7\
\xcde\xa9\xc25a\xf80B!\xc2\xcd\x1a\xb6m\x81\
\xe6c\xb9\x8f\x02\xef\xfb\x00\xb0\x84'%\xc2\xb6\x18\x0a\
\x04h\x04C\xbcT\xab\xf0\xca\x95\x09~\xb7\x90\xe7O\
\x07\xd73\xd4\xd1\x8de\x99\x14Ls\xc5V\x03\x1f\x85\
\x80v\x9a\xb1\x89\xa4\x89O\x08\x9e\x8a\x06\xd1\xd4((\
}\x5c\xb3l\x0e\x94\x0a\x5c*\x15x\xa9\xb2\xc8\xcb\xd5\
E\xd2N\x85q\xcdcO\xd0GH\xd7\xa9\xcbV0\
X\xed\xb6\x1f\x82\x96\xee`\xd1\x05\x89\x86\x1a\x8e\xf1\xc5\
h\x0c\x9ft\x91f\x9e\xc5\x99Y\x0e\x9f9\xc0\x85\x9f\
\xfa\xf8Q\xf7 /\x8en&\xb5~\x84\xcdcc<\
\xbe~\x10\xd5o@\xb5\x8aU.\xe3x\xde\xf5KW\
\x00\xc1H\x18\xe2\x09\xa6\x17\x0b\xbc\xf2\xc6>.\xed}\
\x13\xf5\xf8\x016\xd5\xf2<\x1d\xf7\xd3\x15\x8fb&\x06\
(z\x92i\xfb\xf6\xec\xb4n\x05\x09\x04\x05$TI\
\xd94\xf9\xfb\x92\xcd1\x11\xc1\x09\xf7\xb1>\xdd\xc7\xaf\
w\xf50\xe47\xc0\xb5)[&\x0b\x95\x1b\xea\xc5\x95\
\xc9*\x08\x12>?h\x1as\xf9,\xafN\x5c\xe0\xc5\
|\x8e\xbc\xea#\xaa(\xad\x1a\x90e\xe4\x9e\x90\x02\xaf\
\x04\x8a\xa2`*\x1aW\x0aY\xfa\xac:\xbf\xdb\x91\xe6\
O\x06\x87\x89\xc5\x12 %M\xd3\xa4\xe2\xd8\xab~\x87\
\xfd -\x03\x11A\xd2\xf0\x81nP\xb5\x1d\xde-\x95\
9W\xcaS\xa8\xe4p\xab\x0b\xa4\xec2c\xaa\xc3\x06\
\x0dz}:\x01\xcd\xa0!\x05\xc5v@\xb8\x9bcW\
\x81\x98\x0a\x01$\x95j\x95\x03\xd92g<\x8dl:\
\x83\xdc\xb0\x99\xf4\xf0\x18\x1b\xc7\xc7\xd8<4D&\xe8\
\xbf.\xb0o:\x92\xa33\xd7x\xeb\x9d\xb7Y<\xb4\
\x9f\xf8\x95\xb3<\xa5\x99\xec\xe9N\x81\xe1g\xce\x958\
+\xac\xc7\x0f\x0b\x88\xab\x12\xd3\xb68\xd9\xb0\xd8ki\
L\xeaQ\x22\x89\x01vv\x0d\xf0t2\x8e_\xa1\xe5\
W\xe1\xba+v\xd3\xf0\xda\xdb\x9f\xa4\xcf\xdfj\x1c\xdb\
\xacs\xacX\xe0\xd5\xec\x02\xdf+\x169a\xbb\x04C\
Q\xfa\x82A\x14\xd7\xbd\xa5\x9b\xc0}W\x0b\xb0\x92\xa8\
\x9aN\xdeq\x98)\xe6\xf8\x92\xdf\xc7\x97#!\xc6\xfc\
~\x1eI\xa6\xe9\x8a\xc6A\xd1pl\x93\xa2e\xdd\x03\
\x13J\x107tT\xdd\x87\xe7I\xf6\x96*\x9c.\x17\
\x08\xba\x0d\xd4F\x91\xe9r\x16\xafY\xe6\x01\xd5\xe6\xe1\
\xa0N\xd20\xb0Q\xc8\xbb\xe0\xdc\xe5\xb1+\xb4d\xaf\
a\x05\x9cF\x9d\x83\xd9\x12\xc7\x9a\x12\xad\xa3\x9b\xd8\x86\
1\x16\xa2id\xdf\x10\xd2u\x09N\x9cC\xb9|\x16\
1y\x91\xa7\xe2~\x06RI\xaa\xa2\xd5\x0dg%\xf5\
\xf8\x82\xd6)\xbe\x81\xc7\xf1j\x83W\x1a \x82I\xba\
\x13=\xd4\x02Iv\xc4S<\x1c\x8b\x80c\x913\x9b\
\xb8\xc8\x159D\x86\xf6\xf6G\xd3\x08\xfb\x03`[\x1c\
Y\x9c\xe7\x8db\x81C\x96\xcd\xfej\x95Y\xd7#\x1d\
K\x922\x0cp\xecO%\x03\xbe\xefj\x01V\x12\xd7\
\xb1\x89\x03\x89t\x17\xa7-\x8bwrE\x82\xae\xc3\xe6\
\xb99\x1e\x09\x85\xd8\x11\x0a\xf1P<\xc9\xfax\x12t\
\x03l\x8b\xbce\xe1\xae\x80\xee\xfa\xe3h\x09y$y\
\xcbBZ\x16\x02\xd8\x1d4x,\xd6\x0fB!\xebx\
\x9c\xab\xd58].r\xb08\xcf\xde\xea\x22\xc1j\x99\
qQcw@\xa3\xcfg\xe0\xb5\xab\x19\x9d\x152\x90\
\xfc\xb8\xb1K\xa0\xec\xb5l\xd5\xd1\x83l\xec\x0d\xb2G\
\x01i\x9a,\x9c\xde\xcb\xe5\x86\xcdai` \xf9\x82\
f3\x92\x88\xa2\x8c\xf4\xb3\xe8\xd2\xda\xdb\xaf\xe0\x12\xdf\
\x10\xad\xbc}\xd3\xb6\xf8q\xa1\xc9a\xd7\xa0\x1e\x19\xa0\
;3\xc0\xc3\xc9NvE\xc2\xe8\x8aG\xd3l\xb2P\
+\x01K\xe9\xbb\x95\x99\xfc)\xc3\x87b\x18\x98\xb5\x0a\
\xafL\x5c\xe4o\xb3\x0b\xbcS\xad3\xa3\xa8\x04\x82\x11\
:ci\xc6DK\x16/\xedO\xb6\x00\xbb\x13>\xf3\
\x01\x00n\x1c\x14\xa6\x15AG<\x85\xab\xa8L\xd8&\
\x87\xaa\x15\xd4B\x89\x91\xb9y\x1e\x0e\x06\xd8\x19\x0a\xb3\
'\x91dc4\x06\xba\x0fT\x0d\xcf\xb6)\xd9\x16\xb6\
\x5c~\xdd\xf8\xcdX\xfa=e\xc7nE\x7fZw\xd8\
\x9d\x01\x8d/\xc4z\xa1\xaf\x9fc\xb5\x1a\xc7\xca%N\
\x15\x178TY\xc0_,\xb1\x81\x1a\x9b5\x8fn]\
\xa5\xc3\xe7\xc3k\xeb\x0eV\xd3\xeb\xe0zV\xc4k}\
I\xd5\x87Hv0.`\x8f\xf0\xf0\x10d\xa5\xe0\x9a\
\x04\xa5\xdd\x14c\xb9'\xfe\x0d;-\xb0m\x8b\x0b\x0d\
\x93W-8\xa3\xc6!1\xc2p2\xc3/vv\x91\
\xf2i\x98\xcd:\x85F\xf9\xfa\xd8\x97{\xd2/\x05\xe2\
\x94\xe1C\xd5upl&\x8a\x05\xbe\xbfp\x8d\xd7K\
E\x0e\x9a6\xa6?D&\x9da\x9c\xd6\xa4\xc7[\xbd\
\xaeS\x9f\x8b\x00\xf0A\xa4\xe7\xa2x.\x09!H\xb4\
\xb7\x00\x05\xc7\xe6\xbf\xd7\xab|\xa7<\xc7P>\xcf\x83\
\xa1\x08=B2l\xe8<\x9eH1\x16\x8b\x83/\x00\
\xaeK\xc92\xb1V\xa8\xa8\xe5f|\x94\xee`\x83\xae\
\xb2-\xd3\x05\xbd=\x9c\xaf79T*Qm\x949\
\xe7Ty\xbb\x92\xa7T\xcc\xd3\xefUx\xd0\xaf\xb0\xb1\
\x9df,x\xdc\x95jFh\xbb(\xcb\x1bS}%\
r\xf6\x12\x88)\x82\x88\xf0\x98n4\xf8\xffj\x0eY\
_\x92\xfe\xe4\x06\xcaF\x8c\xa7\xe2\x1d<\x9dJ\x80t\
)4\xea\xcc[\xde-\xe9\xf1o\x07\xaf\xad^\x8c\xfb\
\x03 \xe0Jv\x81\xe7\x17\xe7\xb8\xe0x\xec\xab\xd59\
\xd9l\x12\x0b\xc7\xe9\x8e\x06\xd0<\xb7u\xb7_\x81q\
|\x12\x9f\xbb\x00\xf0!<\x0f<\x8b\x08\x10\x09E\x10\
\xd185\xd7\xe3E\xcb\xa4i\x99\xa8v\x81u\x0b\x8b\
l\xf1\xfbx$\x1c\xe6\x8b\x89$\x1b\xa3qb\xa1\x10\
x\x92\x8ae\xd2t\xdd\xbb2\xa1\xea\xaeK\xbdQ\x07\
\xa0[Q\xf8\x8d\xce$(]\xd4%L5-\x8e\x97\
\x0a\x5c(.p\xb6\x96\xc3\xa8\xe4\xe9s\xaa<`\xc0\
\xd6\x80\x0f\x9f\xaeS\xf1\xa0z\x97\x0f\x12\x97\x03\x8f\xd6\
ad\x8f\x0aH\x87\xf7\xab\x0d^\xb74r\xfeNb\
=\xbd<\xd6\xd5\xcf\xeeX\x8c\x90\x22q,\xf3CK\
\xfc\x95H\xdf\x01\xc4t\x1d\x9f?\x00\xf5\x1a?\x9b\xba\
\xc2k\x85\x1c\xaf\x94+\x9c\xf6@\xf7\x87\xe8\x0cF\xd9\
\x14I\xb4&}{\x85w\xb7\xf8|\x07\x80\x0f\x22=\
\xa4\xe3\x11\x04\x82\xba\x860\x0c\xa4\x1a\xa7\xe6\xba\xbc\xdc\
\xac\xf3\xdcb\x8e\xde\xc5,\x9b}\x06\xbbB!\x9e\x88\
'\xd8\x16K\xd0\x11\x08\x82\xaa\x81\x94\xd4,\x8bz;\
\x92\xaf\xe6\xa42\xdbiFh\x22i\x05\x84\xb1\xce\x14\
d\xba\x993m\x0e\x95K\x9c.,\xf0\x5c5\xc7\xf3\
\xf5<\x19\xbb\xc4\xb8\xe61j(d\x0c\x03E\xd5\xa8\
\xca\xbb\xa3;\xb8\x1d\x96&}\xa7\x0a\xaat\x98m\x9a\
\xfcu\xdd\xe5\x8c\x08c\x86\xd7\xb3\xa1\x7f\x1d\xbf\xd2\xd1\
\xc5p\xd0\x87k6\xc95J\xd4Vh_\xbf4y\
\xa3\x9a\x8e\xdf\xe7\x03\xcfe\xa1\x5c\xe4\xcd\xa9+|/\
\x97\xe3\xa7\xb5:U\xddGw4\xcd&MG\xba6\
Rzx\xcej'u?\x9a\xb5\x00p\x13\xa4\xf4\xc0\
\xf1\x08\x01a\x7f\x00\x19\x0c\xd3\x94\xf0\xae\xd9\xe0\xd5B\
\x89\xff7\x97gs \xc0\xceh\x8cqCg@\xd7\
\xd9\x12K\xd0\x11\x89\x02\x0aM\xcb\xa4\xea\xd8\xab~\x87\
\xbd\xa1;h i\xe0\x13\x82\xaf\xc5#|\xad#E\
\xd9\xf18X.s4\xbf\xc0\xfb\xcd2\xd7\xbc\x06f\
-G\xbdYaT\xf3x4\xe4#\xa8\xeb4\xbc\xbb\
\x9ff\xfc(\xae\x97\xdc\xaaP\xb6Z%\xb75=\x8c\
\x11\x1e\xe0Z4\xc5\xb6d\x17\xcf\xa6RDTA\xb5\
Y\xbf\x9e\xb3_\x89E\xbeD\xa2\x0a\x85\x94\xcf\x0f\x8a\
\xca\x5c)\xc7\xa1kS\x1ci6y\xb9P\xe0d\xb3\
\x89\x16\x8a\x92\xe9\xec\xa3W\xbaH\xd7\xc5sV\xf6@\
\xefvX\x0b\x00\xb7\x80\x94-\xd9\xb1\x1f\xc8\x18\x06\xc2\
\xdf\x81\x05\x1c\xb5-\xde.UPm\x93\xb8\xe7\xb2A\
\x9b\xe2\xb1H\x98G\xa31\x1e\x88\xc6\xe8\x8e&@m\
\xa5\x19K\xb6\x8d\xbb\x8a\x07\x89\xb0\xe4\x17 Y\xb4\xcc\
V5#\xf0D8\xc0\xd3\xc9\x11\x5cO0c;\x9c\
\xaf\x969[\xca\xf3v9\xc7\xdb\xb5\x05\xe2\xa52\xa3\
\xaa\xc3\xa3A\x83\x84\xd12M-\xb8`sw\x82\xc1\
\xd2\x8a$\xa5\x0a|\xb8\x9c\xa8\xd6\xf9\xab\x86d\xca\x97\
$\xdc\xb5\x99\x07\xd2=\xec\x8c'\xe8\xf3i\xed\x0cN\
\x9d\xf9\xb6\x9d\xd6J\xc8r[\xae\xd3\x1a\xd1@\x00\x1c\
\x873\xb9y\xbe??\xc7\x8b\xa5\x12\xe7\x5c\x0f\xd3\x08\
\x92\x0cD\x19\x8a\xa6\x10\xae\x8bt\xac\xbb\xba\xc4\xff$\
\xd6\x02\xc0\xa7EJ\xa4\xeb\xa0\x03\x9d\x8aB\xa7?\x88\
\x0c\x85qP8c\x99\xec/U\x08\xe7\xf2\x0c\xeb\x1a\
_\x08\x85y4\x1a\xe5\x81h\x8c\xf5\x91\x18\x18>\x00\
\xecvfa5\xef\xb0K~\x01\x05\xdbjU\xf6\x01\
a!\xf8R4\xc4\x97SI\x5co\x98}\xa5\x0a\xc7\
Ky\x0eUr\xbcW\x99'R-\xb1\x0e\x8bm>\
\xc1\x80\xa1\xe1\xd7\x0dL\x14\x8a+\xac;X\x9a\xf4\x09\
E\x10\xc0%g6y\xb3ls\xd0\x0bP\x0a\x0f\x92\
\xee\xec\xe1\x97:2<\x12\x8f\x82c\x917\x1b,\xd8\
7\x82\xebr\x17\xcex\xed\x9c}\xc4\xe7\x07\x01N\xbd\
\xc6\x0bW\xce\xf3\xa3\x5c\x8e\xb7ju\xae\x0a\x95t$\
A\xafa\xa0\xb8N\xabl\xef.\xef\xedo\x95\xb5\x00\
p\xc7H\x84\xeb\xa2\xe3\xd2\xa1*t\xc6\x928\x8a\xc2\
\xb4m\xf3\x9fj\x15\xfe\xb2XdP\xd3\xd8\x13\x8b\xf3\
`(HJ\xc0\xd6H\x8c\xe1x\x0at\x1dl\x9b\xbc\
e\xe2\xac\xf2\xea\x00ZF\xa9\x85\x0f\xea\x0eB\x06\x8f\
%\x06A\xae\xe3p\xa5\xc6\xa1b\x9e\x0b\xd5\x025\xb7\
\xcaQ\xb3\xc4B\xa1D\x06\x93=\x01\x8d\xde\x0f\xe8\x0e\
\x96\xab\xc7\x82G\xab\xfa\xae\xab]r\xfbZ\xb1\xc9\x84\
\xf0\x13\x8e\xf62\x15\x88\xd2\x1d\xef\xe6\x8f\xbb3$\x0d\
\x15\xcbl0_)^w\x84Z\x09Y\xae\xa0\x9d\xb3\
\xf7\xf9hVJ\xbcz\xf5\x12gm\x9b\xb7\xcae~\
V.c\xf9\x82\xf4$\xbb\x18\x17\x02\xda\x07z\xf7\x1b\
k\x01`\x99\x91\x9e\x8b\xea\xb9$\x04$\xa31\x5c%\
I\xc9u\xf9\xebF\x83\xffV\xae\xe2s-\x86\x94Y\
\x1e\x09\x05\xd9\x15\x0a\xb3;\x16cS\x22\x0d>?8\
\x0e\xc5v\x9aq\xb5\xb7\x0a\x00e\xdbF\xda\xad\x8bx\
\xdc\xd0x\xb0\xaf\x07\x94~\xb2\xb6\xc7D\xa3\x81S)\
q\xba8\xcf\x91\xb6\xee`HVy\xc4\xaf0\xec7\
@\xd1\xae{\x1d|\x9a\x83\xc4\x1b\xe9;\x88(\x92\xc5\
F\x93o\xd7\x1c\xce\xa81\x94\xe8:6u\x0e\xf0X\
\xba\x93!\x9f\xde\xae\xbe\xab3o\xb6\xd2w+!\xcf\
]r2N\xf8\x03\x00L\xe4\x16\xf8qv\x81\x17\x8a\
E\xf65-j\xba\x8f\x88?H_g/\x9a\xe7\xe1\
y\xee}q\xa7\xbf\x19k\x01`\x05\x91\x9e\x87\xe2y\
\xad4\xa3\xcf\x07\x81\x00RQ\xc99\x0e\xdf\xa9W\xf8\
v\xe9\x1a\x03\xf3s<\x1c\x9cdw0\xcc\xeeX\x9c\
\x07\x13)\x94@\x10\x00\xd7u\xa9:\xf6\xaa\xea\x0e\x96\
\xa6T\xcdu\xa85\x9c\xeb\xff\xb6\xd1\xd0\xd8\x95\xe9\x86\
\x9e\x1e\xce\xd5\x9b\x1c-\x97\xb8RZ\xe4Ly\x1e\xbd\
\x5c\xa4\xdf\xab\xb1\xcb\x90\x0c\x19-\x17eOh\xd4\xe4\
G\xeb\x0e\x96&LD\x810\x12\xe9Z\x1c\xa8X\xbc\
ei\xe4\xfcIb\x99A\x9e\xed\xea\xe3\xc9x\x14!\
=\x8a\xcd:\x0b\xb5\xc6\x8d%\xfe\x0a\xb8\x09\x1b\xaaJ\
\x5c7Zz|\xb3\xc9{\xb3\x93\xbc\x90[\xe4\xb9b\
\x89\x8b\x1e\x84\xc31\xba;\xd2h\x9e\x83\xf4<h\x1f\
\xf0\xde\xef\xac\x05\x80\xd5\xc4\xf3\x10\x9eG\x14\x88\x86\xa2\
\x10MP\xf7<~P\xaf\xf2w\x0b\x8bd\x16\x17\xd8\
\x15\x08\xb0;\x16g{(L\x9f\xa13\x18\x8a\x10\x0b\
\x85\xc1\xf3\xee\x8a\xee\x00Z\x13\xb6\xde\x0e\x08\x02\xc8(\
j;\xcd\xd8\xc5ds\x94#\xe5\x0a\xe7\x8b\x0b\xfcC\
y\x91\x1e\xd9\xa0\xabYC\x9aU\xfa5\xd8\x16\xf4a\
h:e\x0f*^K\x00\xd4\xad\x82\x22]\xf6V\xea\
\xccx\x1a\x15#\xca\x95`\x92\xce\xfe>\xbe\x9e\xeeb\
S8\x80\xb4\x9ad\xeb\x95\xeb\xafu%\x96\xf8\x00\x11\
M#\xe0\x0b\xe05k\x9c+d9Z\xab\xf2\xfd\xc5\
\x05\xf6Vk\xe45\x1f]\xf1N\xc6T\xb5\xbd\xc4\xbf\
\xb7\x0f\xf4n\x87\xb5\x00p\xb7h\xa7\x19\x83\xc0` \
\x88\x08GiJ\xc9O\x1au^\xc8\x16\x88e\x0bt\
H\x87aMew8\xc4\x13\xf1dKw\x10\x0a\x03\
\x82\xbae\xb6m\xcdW_\x84dzn;\xcd\x08Q\
\xa1\xf0\x8b\xc9\x08t\xa6\xc8Z#LY\x16\xc5f\x9d\
\xb3\x85\x05\x0e\x97s\xbcPk\xe9\x0e\xb6\xe8\xf0P\xc8\
\x87\xe9y\xfc\xa0drL\x06pc\x1b\xd8\xd2\xd1\xcf\
\xc6h\x92_\x0d\x05\x09k\x82\xda2\xdai}\x14K\
\xb2\xea\x0e\x7f\x00T\x95J\xa5\xc4w\xa7'\xf8\xfbl\
\x96S\x8e\xc3\x1c\x1a\x18\x06\xdd\x1d\xbd\xa4\x91m\xb1\xce\
g\xe1^\xff\xd1\xac\x05\x80{\x01)\x91\x8e\x8d\x0f\xe8\
\xf5\xf9\xc0\xe7\xc7\x11\x82\x9a\x94\xbcm\x9a\xbc\x9c+\xd1\
\x99\xcb\xb3\xc5\xf0\xb1=\x18\xe0\x8b\xb18\xbb\x12I:\
\x82aPT\xf0<\x1an\xab\xcf\xc1jg\x16l\xe9\
\xb1h\x9a\xd06d\x1d\xd1\x14\x02\xb1(O\xa6\xd3\x94\
l\x97\x83\xe52'\x0a\x8b\xbc^\xc9\xf1\xd3\xea<\x8e\
P\x10\xe9q6\xa5{\xf9zG\x07!U\xd04\x1b\
\xd4\xac:u\xb3]\x0d\xb8\x02\x0a=\x05\x88\x1b\x06\x9a\
\xa6\x83\xe7r2;\xc7\x8f\x16\xe6y\xbdR\xe1\x88e\
C0BG4N\x1f\xa0J\xaf%\xd8Y\xd6Q\xdc\
\x9b\xac\x05\x80{\x0d\xd9:\x16\xd3d\xeb\xc3\x09\xf9\x0c\
D\xa0\x03\x13\xc1!\xb3\xc9O\xcbU\xfe\xb2Pd\xe3\
\xec\x0c;Ba\x1e\x8f'\x18\xf2\x19t\x19~\xba\xa3\
1P5l\xcb\xa2\xec\xac\xbe\xee\xc0\xfd\x08\x17\xe5'\
#A\xbe\x9c\x1a\xa5\xe1z\xbc[(\x12PU\xbe\x90\
\x88\x83g\x93kT\xa9\xb6\xfd\xfda\xf9\x03\xd7\xf5\xf4\
\x9d?\x00\xae\xc3\x95b\x9eS\xb5\x1a?-\xe6y\xb1\
P\xe0\x8aP\xe9\x08\xc7\x19\x88\xf9P\x5c\x17\xd96\xdb\
\xf8<L\xfc%\xd6\x02\xc0\xbdN[w`\x00]\x9a\
Jw;\xcdx\xc129Pk\xf0\xdf\xaa\xb3\xa4\xf1\
\xe8\x90\x1e\x0f\x85\x82|1\x16\xe7\x81h\x8cu\xd18\
\x18>\xa4mQ\xb4V\xb7\x9a\x11n\xb8(\xe7?\xe0\
\xa2\xfcD4\x84'%\x0b\xb5\x1b\xd5w+\xa1\xc7\x17\
@\xc2\xf0\xa1\x19>\xccj\x99W&.\xf2r>\xc7\
\xdb\x8d&\x13(\xd8\xaaF&\xd1\xc5\x16U\xc5\xfb@\
\xc5\xe5\xe7\x91\xb5\x00p\x9f\xb1\x94fL)\x0a\xe9P\
\x18W\x08,\x04\x13\x8e\xc3\x91Z\x95o\x17\xaf2\xa8\
\xa9<\x12\x0c\xf2\xc5\xb6\x22qc,q=\xcdXs\
lL\xcf[U\xdd\xc1R5c\xb1-@Z\xa9}\
\xbdOQ[\xd9\x16`\xa6\x98\xe3\xb5\xec\x02\xff\x90\xcf\
\xb1\xafab\xfa\x02tF\x12\xf4)*\xaa\xe7\xdeS\
z\xfc\xbb\xc9Z\x00\xb8\x8f\x91R\xa2H\x89\x1f\xf0+\
\x82T[wPp\x1c\xfe{\xbd\xca_M\xcf\xd0\xa7\
^c\x87\xdf\xcf\x97\xe2qvE\xe3\x0c\x04\xfc$\xfd\
\xc1\x96*\xd1u)\x98&\xb6\x5c]\xdd\xc1rq\xdd\
N\xcb\x1f\x00$\x8dz\x8d#\x8b\x05\xbe;\x7f\x8dW\
\x8aE\xce{\x92`8NogGk\xd2{n\xeb\
4\xffn\x0f\xfc\x1eb-\x00|\x86X\xd2\x1dD\x81\
X8\x82\x17\x8d\xd3\xf0<^\xaaW\xf9\xe1\xdc<=\
\xb9\x02\x83\x9a\xc2:\x01;\x82!\x1e\x89\xc7\xd9\x9eH\
!\xfc\xad4c\xd94iz\xee=\x1f\x0c<)\x89\
\xe8:A\x7f\x00,\x93\xf7\xe7f\xf8\xee\xc25\x8e[\
.\x17\x1c\x97kR\xd2\x11\xeb`\x83\xa6#\x5c\xfb3\
\x99\xbe[.\xd6\x02\xc0g\x14\xd9\xd6\x1c\x04\x81` \
\x08\xa1V5\xe3i\xc7\xe1\x80\xd9\xe0\xaf\x17\x16\xc9,\
.\xb2;0\xc5\xaeP\x88\xdd\x91(\xbb\x92i\xa2\xc1\
p\xcb4\xd5\xb6iz\xee\x87\xdc|\xef&\x120\x14\
\xa5%\xd6\xd1u\xaa\x95\x12\x7f7u\x85\x97\x0b\x05\xde\
\xac\xd7\x99W\x0db\xc1\x08\xb1\x80\xce(\xad\xad\x12k\
\x13\xff\x13Y\x0b\x00\x9f\x07\xa4\x04\xd7\xbd\xbeUH\x07\
C\x88H\x8c\x86'\xf9q\xa3\xc6s\xd9\x02\xc9\xc5,\
\x0f\xce\xce\xb0+\x14\xe2\xa1X\x82\xed\x91\x08)\xc3\x8f\
\x16\x08\x82\x10\xd4Ls\xd5\xbd\x0e<)Q\x85 \xed\
\xf7\x83\xaa\xe16j\x9c\xcc/\xf2\x93\x5c\x96\x17\x0by\
\xf6\x996j Lw\xaae\xa7\xe5\xb9\x0e\xdc\xe7\xd2\
\xdc\xd5f-\x00|\x1ei\xeb\x0e\xfc@\x9f\xdf\x8f\x08\
\x86\xb0\x10\xbc\xd7\xac\xf3z\xa1L\xb4Te\xcc0\xe8\
\x16\x1e\x1b\x0c\x83'\xe2qv\xc7\x93t\x84\xa3\xa0\xa8\
\x98\x96I\xc5v\xf0X\x99\x83D)%\xfe\xa5\x92[\
\xd7\xe5Lv\x9eW\xb2\x0b\xbcSop\xd2\xf5\x98\xb2\
lb\xa1\x08\xc3\xb1 \xc2s\x90\xae\xf3\x99\x90\xe5\xde\
\x0d\xd6\x02\xc0\xe7\x9d\x0f\x947w\xeb\x06\x19\x9f\x1f\x07\
\xb8\xe2\xba\x9cr,\x9e/\xd7\xf8/\x85\x22\x9b\x8d\x19\
\xb6\x05Z\x22\xa4\xdd\xf1\x04\x99H\x0c4\x1d\xd7\xb6(\
\xdb6\xce2\xb9(\xc7t\x03\xc3\xf0\xe16\xaa\xbc5\
u\x99\x1fd\xb3\xbcP.3\x83B0\x14%\x15\xf2\
3\x16\x16kK\xfceBS\x84\x10.\xf7\x96\xf3\xcb\
\x1aw\x0b\xd9J3\x02\x09\x01\x09\xdd@\xf8\x03\xd8(\
\x9c\xb1M\xf6\xd6\xaa|\xa74\xc9\xe8\xec\x0c\x0f\x04\x02\
<\x16\x8d\xb2'\x91b}0\xd42MU\xd5O\xe5\
\xa2\xfc!\x0f=\xc3\x07\x8eM\xb6V\xe1\xb9\x89\x0b\xfc\
0\x97\xe3`\xd3\xa4f\x04\xc8$\xbb\x19S\x94\xd6\x09\
\xfe\xda\x12\x7fY\xd1,\xd7\xc5Pu\xbc\x8f\x89\xe0R\
\xca\x15\xe9M\xbe\xc6\xbd\x8ft]4\x5c\xd2\x8aBG\
4\x81\xab(\xcc\xd86'\x1aU\xfef\xe6\x1a\xc3\xd9\
<\x9b\x83A\x06\x15\xc1f\xbf\x8f\x1d\xb18c\xd1\x04\
\xf8[\x8e9%\xcb\xc4\xfc\xb9\xf2fOJ4E!\
\xe5\x0f\x80\xa2\xb0X\xcc\xf1\xc2\xc4E\x0e7M\x8e6\
M\x8e6\xea\xf8\x82Q\xba;;\xc8\xb4\xd3wr\x99\
[b}\xb6Y*\xb2\xfed\xb4r-g\xf5G\x86\
\xa95*\x1f\xf9\x80V\xae\xd5@\x11\x1a\xaeg.\xe3\
 \xd7\xb8\xdfX\xb2T\x8f\x0bH\x84\xa3xB\xa1\xe8\
y\xbcd[4\xcd\x06F6G\xdf\xb59v\x04\xfc\
|)\x1aeg[\x84\x14\x0bE\xc0m\x05\x03U(\
\x84\x03\xadn8\xef]\x9b\xe2\xa5\xec\x22\xafW*\x9c\
p%\xae/H:\x10b8\x14C|F\xab\xefV\
\x03\x81\xb8\xd5\x0e^\xae\x96\x8c\xa6s\xb5F\xf5\xa6\x8f\
p<\x8b\x90?F\xd0\x08\xb3X-\xa1\xab\xc6\xb2\x0d\
t\x8d\xfb\x17\xe9y\x08\xda^\x07\x9a\x860bx\x8a\
J\xdd\xf5x\xbeQ\xe5\x07\xd7\xe6\xe9\x9e\x9bg\x9b\xdf\
\xc7\x13\x91(\xbbc1v\xc4\x93\xd8\xae\xc3s\x97&\
y\xa9\x90\xe3\xe5J\x8d\x05U\xa73\x92d\xbd\xae\xb7\
&\xfd}d\xa7u/\x22\xa5\x87\xa2hD\xfcI<\
\xe9\xdc\xf4q\x02\x81\x87\xd7\xd4<8\xa3r\xf3\x05\x83\
\xeb9\xc4\x02izc\x1b\x98)^$\xec\x8b}\xaa\
>ek|>X\xd2\x1d\x84\x80P \x08\xe1(M\
O\xf2F\xb3\xce\xcb\x0bY:s9v\x85\x171=\
\x97\xb7\xca\x15\x5c_\x80\xdet\x86M\xb4\xd3wk\x93\
\xfe\x8e\x11\x08\xaav\x99\xcep?\x99\xe8\x10\x0d\xbbv\
\xd3\xc7J$\x8a\xa2\x944\x0fk\xbf*\x02\x1f\xbbe\
h\xdau\xc6\xbbvs~\xe1\x10u\xabB\xd0\x88\xac\
\x05\x815nN\xfb.\xee\xa7]\xde\x1c\x08bIx\
\xcb2Q\x84\xce@G\x06\xa5\xdd\x0dg-}\xb7|\
xxX\x8e\xc9X\xe7.BF\x94B}\xe1\xa6\xa5\
\xd5\xaa\xa2P7\x9b\xe7\x95ZS\xbc+>!\x9f\xdb\
\xb4\xab\xc4\x03\x1d<\xd8\xff\x14u\xab\x8c\xe3\xda+\xd6\
8q\x8d\xcf\x18mKu\xc3s\xe8\xd6T:U\x05\
\xe1\xd8-[\xad5\x96\x0d!\x14\xf2\xb5k\x0c\xa7\xb6\
2\xde\xb5\x8b\x8a\x99\xffX_\x05EU\xb0,\xe7\xa7\
J\xd3\x0bV\x5c%\xf8CMUnzW\x17B\xa1\
\xd2\xcc\xb3\xa9{\x0f;\xfb\x9f!_\x9f\xc3t\xea\x08\
\xb1R\x1d\xdc\xd7Xc\x8d[A\x08\x81\x94\x1e\xd9\xea\
4\x99\xd8z\xbe4\xf2+x\xd2\xc3q?\xde\xa1\xd8\
\xb6]7\xe6\x0f}_\x1d\xea\xdfF\xb3\x91\xbd\x18\x8f\
$\xff\x10\xa1p\xb3\xbd\x80'=$\x1eC\xa9-\x04\
\xf4\x103\xa5\x8bT\xcc\x02\x9a\xa2\xa3(\xca\xf5\x92\xcf\
5\xd6Xc\xe5i\xf9-xT\x9b\x05\xeav\x95\x91\
\xce\x1d<3\xf6\x9b\xf8\xf5\x10\x15\xb3\x80\x22\xd4\x8f\xfc\
9OJ4M#\x14\xe0\xbf \xac\xbf\x17O>\xf1\
;8R\xf0\xd8\x8e_:\x1e\xd4\x8d\xad\xa6\xdd\xbc\xe9\
/\x95\xd2CS\x0d\x22\xbe$s\xe5+\x9c\xb8\xf6.\
3\xc5\x8b4\x9dz\xab\x95\xd6\x1ak\xac\xb1J\x084\
U\xa73\xdc\xc7X\xe7.F:v\xe0x65\xab\
t\xd3\xc9\x0f`\xe8\x1aR\xaa|\xfb{\x7f\xb5>_\
\x9a\xbb\xa2\x95*\x16\xa6eq\xf0\xc8\xab\xbf\xf3\xd4\x9e\
_:$\x1c\xf1\xb1[\x01\xc7\xb3)4\xe6I\x85{\
xj\xe4\xd7X\xacNSld1\xdd\x06H\xb9\x22\
\xed\x98\xd6Xc\x8d6\xb2%\xc9\xd3\x14\x9d\xb0/N\
Wd\x00\x9f\x1e\xa4\xd2,\xe0z\xf6\xc7N~\xcf\x93\
\x04\x02ar\xb9\xcb\xff\xb7g\xe5\xaeDt\x81\xf8\xbd\
_\xfe?[\xddUT\x83\xde\xcc\x86\x1fK\xbcg<\
\xf9\xc9\xaa+\x89DA\xc1\xa7\x05\xd0U_k/\xb2\
\x8c\xafs\x8d5\xd6\xf8x\x5c\xcf\xa6i\xd7q=\xe7\
\x13o\xbcRB(\xa8Qo\xb8\xd6\xdf=w\xce\xe7\
\xd7=\x14UG\xeb\x1b\x1d\x07\xc0q-\x1aV\xe9[\
Q=1m\xd9Ru=\xf7c\x9fT \x90H\x9a\
N\x9d\xa6S_\xd6\x17\xb6\xc6\x1ak\xdc:\xb7\xb2\xea\
V\x14\x08\xf85\x8e\x9f\xca\xfe\xc9\x85\x89E\xc0\x00\x14\
\xb4\x8bS\x97\x81\xf6\x01\x9ed.\xe9\xb3\x9fIF\x13\
?\xd1TU\xb8k\xa9\x9a5\xd6\xf8L\x10\xf0i\x5c\
[\xa8\xfe\xc7\xe7^\x9b\xfcK\xf0!D\xab\x10X\x9b\
\xba\x9a\xbb\xfe \xc7u\x99\xd4\xf2?\xdb=\xbe\xf9\xc1\
T$|\xc4\x93\x1ekz\x9f5\xd6\xb8\xbf\x11\x08\x84\
\xe0\x7f5m\xfb\xcf\x1b\xcd\x0f\xf7uVTUe\xe9\
KS\x15|\xbaN\xd3\xb2\x8f\x16\xaa\xd5_P\x15e\
m\xfa\xaf\xb1\xc6\xfdJ\xbb\xb5\x92#\x9d\xff\xe0I\xf9\
\xe7\x9a\xa2\xe03>|H\xa8\x08\x017\xbeD[X\
 \xb1\x1d\xfbE\xcfq\xb7J\xcf{\xc3\xd0UTe\
M\xf4\xb3\xc6\x1a\xf7\x0b\xa2%\xcc\x99t\x1d\xf9G\xb6\
g\xfdO7{\xdcG\xcej!\x04\x8a\xa2 =\xef\
\x94\x22\xe5\x93\x0b\xd9\xdao4m\xfb\xaa\xaa\xac\xa5\xf8\
\xd6X\xe3^E\x08\xa5u\x13W\xc0\xb5\xe5\xbf\xf3L\
o\xbd\xe7\xc9\xff\xfcq\x8a\xdd\x8f\xbf\xad\x0b\x81\xa6(\
d\x0b\xd5\xbf-\x94\xea\xc3\x96-\xfeP\x11\x1c\xfdG\
\x0f\xbb\xe3\xa1\xaf\xb1\xc6\x1a\xb7\x85\x04]W\xd0T\x05\
\xd7u\x16]\xd7\xfd\xbf<)\xd7{\x9e\xfc7\xd2\xc3\
\xfd\xa4\x04\xc1'z\x02Jh\xed\x1b\xa4\xe2Z\x8e\xfc\
\x0bM\x97\x7f!\x1do\x0fByR(<\x0c\xa2\xd7\
\x93\x84\x00]\xacU\x08\xad\xb1\xc6\xaa \x91\x8e@\x98\
\x8a*r\xb9\xbcyL\xd7\xb5}R\x16_T\xf1W\
}\xc1 B\xc8[\xba3\xff\xffx!6\x1dL\x1f\
9\xda\x00\x00\x00\x00IEND\xaeB`\x82\
\x00\x00\xa7\xfd\
\x89\
PNG\x0d\x0a\x1a\x0a\x00\x00\x00\x0dIHDR\x00\
\x00\x01\xe0\x00\x00\x01\xe0\x08\x06\x00\x00\x00}\xd4\xbe\x95\
\x00\x00\x0a7iCCPsRGB IEC\
61966-2.1\x00\x00x\x9c\x9d\x96w\
TS\xd9\x16\x87\xcf\xbd7\xbdP\x92\x10\x8a\x94\xd0k\
hR\x02H\x0d\xbdH\x91.*1\x09\x10J\xc0\x90\
\x00\x226DTpDQ\x91\xa6\x082(\xe0\x80\xa3\
C\x91\xb1\x22\x8a\x85\x01Q\xb1\xeb\x04\x19D\xd4qp\
\x14\x1b\x96Id\xad\x19\xdf\xbcy\xef\xcd\x9b\xdf\x1f\xf7\
~k\x9f\xbd\xcf\xddg\xef}\xd6\xba\x00\x90\xfc\x83\x05\
\xc2LX\x09\x80\x0c\xa1X\x14\xe1\xe7\xc5\x88\x8d\x8bg\
`\x07\x01\x0c\xf0\x00\x03l\x00\xe0p\xb3\xb3B\x16\xf8\
F\x02\x99\x02|\xd8\x8cl\x99\x13\xf8\x17\xbd\xba\x0e \
\xf9\xfb*\xd3?\x8c\xc1\x00\xff\x9f\x94\xb9Y\x221\x00\
P\x98\x8c\xe7\xf2\xf8\xd9\x5c\x19\x17\xc98=W\x9c%\
\xb7O\xc9\x98\xb64M\xce0J\xce\x22Y\x822V\
\x93s\xf2,[|\xf6\x99e\x0f9\xf32\x84<\x19\
\xcbs\xce\xe2e\xf0\xe4\xdc'\xe3\x8d9\x12\xbe\x8c\x91\
`\x19\x17\xe7\x08\xf8\xb92\xbe&c\x83tI\x86@\
\xc6o\xe4\xb1\x19|N6\x00(\x92\xdc.\xe6sS\
dl-c\x92(2\x82-\xe3y\x00\xe0H\xc9_\
\xf0\xd2/X\xcc\xcf\x13\xcb\x0f\xc5\xce\xccZ.\x12$\
\xa7\x88\x19&\x5cS\x86\x8d\x93\x13\x8b\xe1\xcf\xcfM\xe7\
\x8b\xc5\xcc0\x0e7\x8d#\xe21\xd8\x99\x19Y\x1c\xe1\
r\x00f\xcf\xfcY\x14ym\x19\xb2\x22;\xd889\
80m-m\xbe(\xd4\x7f]\xfc\x9b\x92\xf7v\x96\
^\x84\x7f\xee\x19D\x1f\xf8\xc3\xf6W~\x99\x0d\x00\xb0\
\xa6e\xb5\xd9\xfa\x87mi\x15\x00]\xeb\x01P\xbb\xfd\
\x87\xcd`/\x00\x8a\xb2\xbeu\x0e}q\x1e\xba|^\
R\xc4\xe2,g+\xab\xdc\xdc\x5cK\x01\x9fk)/\
\xe8\xef\xfa\x9f\x0e\x7fC_|\xcfR\xbe\xdd\xef\xe5a\
x\xf3\x938\x92t1C^7nfz\xa6D\xc4\
\xc8\xce\xe2p\xf9\x0c\xe6\x9f\x87\xf8\x1f\x07\xfeu\x1e\x16\
\x11\xfc$\xbe\x88/\x94ED\xcb\xa6L L\x96\xb5\
[\xc8\x13\x88\x05\x99B\x86@\xf8\x9f\x9a\xf8\x0f\xc3\xfe\
\xa4\xd9\xb9\x96\x89\xda\xf8\x11\xd0\x96X\x02\xa5!\x1a@\
~\x1e\x00(*\x11 \x09{d+\xd0\xef}\x0b\xc6\
G\x03\xf9\xcd\x8b\xd1\x99\x98\x9d\xfb\xcf\x82\xfe}W\xb8\
L\xfe\xc8\x16$\x7f\x8ecGD2\xb8\x12Q\xce\xec\
\x9a\xfcZ\x024 \x00E@\x03\xea@\x1b\xe8\x03\x13\
\xc0\x04\xb6\xc0\x11\xb8\x00\x0f\xe0\x03\x02A(\x88\x04q\
`1\xe0\x82\x14\x90\x01D \x17\x14\x80\xb5\xa0\x18\x94\
\x82\xad`'\xa8\x06u\xa0\x114\x836p\x18t\x81\
c\xe048\x07.\x81\xcb`\x04\xdc\x01R0\x0e\x9e\
\x80)\xf0\x0a\xcc@\x10\x84\x85\xc8\x10\x15R\x87t \
C\xc8\x1c\xb2\x85X\x90\x1b\xe4\x03\x05C\x11P\x1c\x94\
\x08%CBH\x02\x15@\xeb\xa0R\xa8\x1c\xaa\x86\xea\
\xa1f\xe8[\xe8(t\x1a\xba\x00\x0dC\xb7\xa0Qh\
\x12\xfa\x15z\x07#0\x09\xa6\xc1Z\xb0\x11l\x05\xb3\
`O8\x08\x8e\x84\x17\xc1\xc9\xf028\x1f.\x82\xb7\
\xc0\x95p\x03|\x10\xee\x84O\xc3\x97\xe0\x11X\x0a?\
\x81\xa7\x11\x80\x10\x11:\xa2\x8b0\x11\x16\xc2FB\x91\
x$\x09\x11!\xab\x90\x12\xa4\x02i@\xda\x90\x1e\xa4\
\x1f\xb9\x8aH\x91\xa7\xc8[\x14\x06EE1PL\x94\
\x0b\xca\x1f\x15\x85\xe2\xa2\x96\xa1V\xa16\xa3\xaaQ\x07\
P\x9d\xa8>\xd4U\xd4(j\x0a\xf5\x11MFk\xa2\
\xcd\xd1\xce\xe8\x00t,:\x19\x9d\x8b.FW\xa0\x9b\
\xd0\x1d\xe8\xb3\xe8\x11\xf48\xfa\x15\x06\x83\xa1c\x8c1\
\x8e\x18\x7fL\x1c&\x15\xb3\x02\xb3\x19\xb3\x1b\xd3\x8e9\
\x85\x19\xc6\x8ca\xa6\xb1X\xac:\xd6\x1c\xeb\x8a\x0d\xc5\
r\xb0bl1\xb6\x0a{\x10{\x12{\x05;\x8e}\
\x83#\xe2tp\xb68_\x5c<N\x88+\xc4U\xe0\
Zp'pWp\x13\xb8\x19\xbc\x12\xde\x10\xef\x8c\x0f\
\xc5\xf3\xf0\xcb\xf1e\xf8F|\x0f~\x08?\x8e\x9f!\
(\x13\x8c\x09\xae\x84HB*a-\xa1\x92\xd0F8\
K\xb8KxA$\x12\xf5\x88N\xc4p\xa2\x80\xb8\x86\
XI<D<O\x1c%\xbe%QHf$6)\
\x81$!m!\xed'\x9d\x22\xdd\x22\xbd \x93\xc9F\
d\x0fr<YL\xdeBn&\x9f!\xdf'\xbfQ\
\xa0*X*\x04(\xf0\x14V+\xd4(t*\x5cQ\
x\xa6\x88W4T\xf4T\x5c\xac\x98\xafX\xa1xD\
qH\xf1\xa9\x12^\xc9H\x89\xad\xc4QZ\xa5T\xa3\
tT\xe9\x86\xd2\xb42U\xd9F9T9Cy\xb3\
r\x8b\xf2\x05\xe5G\x14,\xc5\x88\xe2C\xe1Q\x8a(\
\xfb(g(cT\x84\xaaOeS\xb9\xd4u\xd4F\
\xeaY\xea8\x0dC3\xa6\x05\xd0Ri\xa5\xb4oh\
\x83\xb4)\x15\x8a\x8a\x9dJ\xb4J\x9eJ\x8d\xcaq\x15\
)\x1d\xa1\x1b\xd1\x03\xe8\xe9\xf42\xfaa\xfau\xfa;\
U-UOU\xbe\xea&\xd56\xd5+\xaa\xaf\xd5\xe6\
\xa8y\xa8\xf1\xd5J\xd4\xda\xd5F\xd4\xde\xa93\xd4}\
\xd4\xd3\xd4\xb7\xa9w\xa9\xdf\xd3@i\x98i\x84k\xe4\
j\xec\xd18\xab\xf1t\x0em\x8e\xcb\x1c\xee\x9c\x929\
\x87\xe7\xdc\xd6\x845\xcd4#4Wh\xee\xd3\x1c\xd0\
\x9c\xd6\xd2\xd6\xf2\xd3\xca\xd2\xaa\xd2:\xa3\xf5T\x9b\xae\
\xed\xa1\x9d\xaa\xbdC\xfb\x84\xf6\xa4\x0eU\xc7MG\xa0\
\xb3C\xe7\xa4\xcec\x86\x0a\xc3\x93\x91\xce\xa8d\xf41\
\xa6t5u\xfdu%\xba\xf5\xba\x83\xba3z\xc6z\
Qz\x85z\xedz\xf7\xf4\x09\xfa,\xfd$\xfd\x1d\xfa\
\xbd\xfaS\x06:\x06!\x06\x05\x06\xad\x06\xb7\x0d\xf1\x86\
,\xc3\x14\xc3]\x86\xfd\x86\xaf\x8d\x8c\x8db\x8c6\x18\
u\x19=2V3\x0e0\xce7n5\xbekB6\
q7Yf\xd2`r\xcd\x14c\xca2M3\xddm\
z\xd9\x0c6\xb37K1\xab1\x1b2\x87\xcd\x1d\xcc\
\x05\xe6\xbb\xcd\x87-\xd0\x16N\x16B\x8b\x06\x8b\x1bL\
\x12\xd3\x93\x99\xc3le\x8eZ\xd2-\x83-\x0b-\xbb\
,\x9fY\x19X\xc5[m\xb3\xea\xb7\xfahmo\x9d\
n\xddh}\xc7\x86b\x13hSh\xd3c\xf3\xab\xad\
\x99-\xd7\xb6\xc6\xf6\xda\x5c\xf2\x5c\xdf\xb9\xab\xe7v\xcf\
}ngn\xc7\xb7\xdbcw\xd3\x9ej\x1fb\xbf\xc1\
\xbe\xd7\xfe\x83\x83\xa3\x83\xc8\xa1\xcda\xd2\xd1\xc01\xd1\
\xb1\xd6\xf1\x06\x8b\xc6\x0acmf\x9dwB;y9\
\xadv:\xe6\xf4\xd6\xd9\xc1Y\xec|\xd8\xf9\x17\x17\xa6\
K\x9aK\x8b\xcb\xa3y\xc6\xf3\xf8\xf3\x1a\xe7\x8d\xb9\xea\
\xb9r\x5c\xeb]\xa5n\x0c\xb7D\xb7\xbdnRw]\
w\x8e{\x83\xfb\x03\x0f}\x0f\x9eG\x93\xc7\x84\xa7\xa9\
g\xaa\xe7A\xcfg^\xd6^\x22\xaf\x0e\xaf\xd7lg\
\xf6J\xf6)o\xc4\xdb\xcf\xbb\xc4{\xd0\x87\xe2\x13\xe5\
S\xeds\xdfW\xcf7\xd9\xb7\xd5w\xca\xcf\xdeo\x85\
\xdf)\x7f\xb4\x7f\x90\xff6\xff\x1b\x01Z\x01\xdc\x80\xe6\
\x80\xa9@\xc7\xc0\x95\x81}A\xa4\xa0\x05A\xd5A\x0f\
\x82\xcd\x82E\xc1=!pH`\xc8\xf6\x90\xbb\xf3\x0d\
\xe7\x0b\xe7w\x85\x82\xd0\x80\xd0\xed\xa1\xf7\xc2\x8c\xc3\x96\
\x85}\x1f\x8e\x09\x0f\x0b\xaf\x09\x7f\x18a\x13Q\x10\xd1\
\xbf\x80\xba`\xc9\x82\x96\x05\xaf\x22\xbd\x22\xcb\x22\xefD\
\x99DI\xa2z\xa3\x15\xa3\x13\xa2\x9b\xa3_\xc7x\xc7\
\x94\xc7Hc\xadbW\xc6^\x8a\xd3\x88\x13\xc4u\xc7\
c\xe3\xa3\xe3\x9b\xe2\xa7\x17\xfa,\xdc\xb9p<\xc1>\
\xa18\xe1\xfa\x22\xe3Ey\x8b.,\xd6X\x9c\xbe\xf8\
\xf8\x12\xc5%\x9c%G\x12\xd1\x891\x89-\x89\xef9\
\xa1\x9c\x06\xce\xf4\xd2\x80\xa5\xb5K\xa7\xb8l\xee.\xee\
\x13\x9e\x07o\x07o\x92\xef\xca/\xe7O$\xb9&\x95\
'=JvM\xde\x9e<\x99\xe2\x9eR\x91\xf2T\xc0\
\x16T\x0b\x9e\xa7\xfa\xa7\xd6\xa5\xbeN\x0bM\xdb\x9f\xf6\
)=&\xbd=\x03\x97\x91\x98qTH\x11\xa6\x09\xfb\
2\xb53\xf32\x87\xb3\xcc\xb3\x8a\xb3\xa4\xcb\x9c\x97\xed\
\x5c6%\x0a\x125eC\xd9\x8b\xb2\xbb\xc54\xd9\xcf\
\xd4\x80\xc4D\xb2^2\x9a\xe3\x96S\x93\xf3&7:\
\xf7H\x9er\x9e0o`\xb9\xd9\xf2M\xcb'\xf2}\
\xf3\xbf^\x81Z\xc1]\xd1[\xa0[\xb0\xb6`t\xa5\
\xe7\xca\xfaU\xd0\xaa\xa5\xabzW\xeb\xaf.Z=\xbe\
\xc6o\xcd\x81\xb5\x84\xb5ik\x7f(\xb4.,/|\
\xb9.f]O\x91V\xd1\x9a\xa2\xb1\xf5~\xeb[\x8b\
\x15\x8aE\xc576\xb8l\xa8\xdb\x88\xda(\xd88\xb8\
i\xee\xa6\xaaM\x1fKx%\x17K\xadK+J\xdf\
o\xe6n\xbe\xf8\x95\xcdW\x95_}\xda\x92\xb4e\xb0\
\xcc\xa1l\xcfV\xccV\xe1\xd6\xeb\xdb\xdc\xb7\x1d(W\
.\xcf/\x1f\xdb\x1e\xb2\xbds\x07cG\xc9\x8e\x97;\
\x97\xec\xbcPaWQ\xb7\x8b\xb0K\xb2KZ\x19\x5c\
\xd9]eP\xb5\xb5\xea}uJ\xf5H\x8dWM{\
\xadf\xed\xa6\xda\xd7\xbby\xbb\xaf\xec\xf1\xd8\xd3V\xa7\
UWZ\xf7n\xaf`\xef\xcdz\xbf\xfa\xce\x06\xa3\x86\
\x8a}\x98}9\xfb\x1e6F7\xf6\x7f\xcd\xfa\xba\xb9\
I\xa3\xa9\xb4\xe9\xc3~\xe1~\xe9\x81\x88\x03}\xcd\x8e\
\xcd\xcd-\x9a-e\xadp\xab\xa4u\xf2`\xc2\xc1\xcb\
\xdfx\x7f\xd3\xdd\xc6l\xabo\xa7\xb7\x97\x1e\x02\x87$\
\x87\x1e\x7f\x9b\xf8\xed\xf5\xc3A\x87{\x8f\xb0\x8e\xb4}\
g\xf8]m\x07\xb5\xa3\xa4\x13\xea\x5c\xde9\xd5\x95\xd2\
%\xed\x8e\xeb\x1e>\x1ax\xb4\xb7\xc7\xa5\xa7\xe3{\xcb\
\xef\xf7\x1f\xd3=Vs\x5c\xe5x\xd9\x09\xc2\x89\xa2\x13\
\x9fN\xe6\x9f\x9c>\x95u\xea\xe9\xe9\xe4\xd3c\xbdK\
z\xef\x9c\x89=s\xad/\xbco\xf0l\xd0\xd9\xf3\xe7\
|\xcf\x9d\xe9\xf7\xec?y\xde\xf5\xfc\xb1\x0b\xce\x17\x8e\
^d]\xec\xba\xe4p\xa9s\xc0~\xa0\xe3\x07\xfb\x1f\
:\x06\x1d\x06;\x87\x1c\x87\xba/;]\xee\x19\x9e7\
|\xe2\x8a\xfb\x95\xd3W\xbd\xaf\x9e\xbb\x16p\xed\xd2\xc8\
\xfc\x91\xe1\xebQ\xd7o\xdeH\xb8!\xbd\xc9\xbb\xf9\xe8\
V\xfa\xad\xe7\xb7sn\xcf\xdcYs\x17}\xb7\xe4\x9e\
\xd2\xbd\x8a\xfb\x9a\xf7\x1b~4\xfd\xb1]\xea =>\
\xea=:\xf0`\xc1\x83;c\xdc\xb1'?e\xff\xf4\
~\xbc\xe8!\xf9a\xc5\x84\xceD\xf3#\xdbG\xc7&\
}'/?^\xf8x\xfcI\xd6\x93\x99\xa7\xc5?+\
\xff\x5c\xfb\xcc\xe4\xd9w\xbfx\xfc20\x15;5\xfe\
\x5c\xf4\xfc\xd3\xaf\x9b_\xa8\xbf\xd8\xff\xd2\xeee\xeft\
\xd8\xf4\xfdW\x19\xaff^\x97\xbcQ\x7fs\xe0-\xeb\
m\xff\xbb\x98w\x133\xb9\xef\xb1\xef+?\x98~\xe8\
\xf9\x18\xf4\xf1\xee\xa7\x8cO\x9f~\x03\xf7\x84\xf3\xfb\x8f\
pf*\x00\x00\x00\x09pHYs\x00\x00.#\x00\
\x00.#\x01x\xa5?v\x00\x00 \x00IDAT\
x\x9c\xec\x9d\x07|\x15U\xf6\xc7\xcf\xcc\xab\x04B\x0d\
\xbdw\x92\xd0A@\x10EQAl\x08vP\xec\x8a\
e]\xbb\xbb\xaeuuw]\xfb\xaak\xef\x0d\xc5.\
\xa2X\x10\x14\x05\x11\x10\xa5WAz\xef\xe4\xf5\xf7\x9f\
\xdf\x8d\xfce1\x09I\xee}w\xca;\xdf\xcfgL\
$\xc9\xcb\xe4\xcd\xcc=\xf7\xb4\xdf\xf1\xa7\xd3i\xca\x16\
\x9a4i\x92\x93\x9b\x9b\x9b\x13J\xa5\xc2i\xc3\x08\x06\
\x02)\xd3\xeesb\x18\x86\xc9fRI\x7f\x22\xee\x8b\
D\x02{(\xb2'\x10(Z\xb4hQ\xd4\xees\xd2\
\x85\xdf\xee\x13PI\x8f\xf6\xed\xebR \xd0\xc5\xfa\xb4\
\xc00\xd2-\xd3i\xa3\x15\x19\xd4\xdc \xaaKi\xaa\
\xd3\xa0V\xcdP\xf1w\xfal=O\x86a\x18\xa6\x18\
\xd3Z\x8eC\x94CT\x95(\xd7\xfa\xff\x9e\x9d:\xee\
\xb6>l\xb5\x5c\xc3\x8dF\x9aV\xa4\x8d\xf4r\x83\xd2\
\xcb\xd2I\x9a\xbb;\x99\x9ck\x19\xe8\x9dv\x9f\xb3*\
\x5ck\x80M\xd3\x0ctm\xdf\xbe\x97\xf5\xb1\x9f\xe5\xcd\
\xf63\x0c\xeae\xf9\xb4\x0d~\xff\x0e\x83\xac\x7f\xdb\xff\
\x7f\x19\x86a\x18\xe7S\x0d\x87\xb5d7\xb3\xd6\xed\x9e\
\x86X\xbc\xad\xffZ\x86:\xd7g\xa6-\x03\xbd\x8c(\
=-\x95\xa2\xa9f*5e\xd6\xa2EsR\xa9\x94\
+C\xb9\xae2\xc0\xf9\xf9\xf9y9>\xdf\xc9\xd6\xe5\
\x18\xdc\xbd\xb0\xe0\x18\xeb\x9fj\xe0\xdf\xd9\xb62\x0c\xc3\
d\x05X\xee\xdbX\x1f\xda\x98&\x8d\x84\xfb\xdc\xbd\xa0\
`]\x8fN\x85\x9f\x18)\xfax\xd3\xee\xdd\x9f\xac\x5c\
\xb9\xb2\xc8\xee\x93,/\x8e7\xc0\xdd\x1a5\xaaj\xd6\
\xa9u\xaa\x916\xce\xac\xea\xf7\x0d\xb4\xfe)`\xf79\
1\x0c\xc30\x0e\xc1\xa0\x86\x96\x7f|\x01\x99tA\xdd\
\xdc\xdc]=;\x15~\x90N\x1bo\xfc8\x7f\xfe\x04\
\xcb3N\xda}ze\xe1X\x03\xdc3?\xbf3\xf9\
\xcdK}uj\x8f x\xba\xec\xe62\x0c\xc30e\
a \x8dl\x8c4\x0c\x1a\xd9\xbd\xb0`u\xcf\x8e\x1d\
\x9fK%\x12\xcf\xccZ\xb8p\x8d\xdd\xa7V\x12\x8e2\
\xc0\xa6i\x1a];t8\xc6\xf4\x99\xd7\x91\xdf\x87\x10\
3\x9b]\x86a\x18\xa624\xb1,\xc8\xedf\xc0\xff\
\x97\x1e\x9d:\x8e1\x12\xc9\x07f,X\xf0\xb3\xdd'\
\xb5?\x8e1\xc0=:v\x1cb\xedX\xee\xc2\xa7\xb2\
\xaf\x95\xf0\x05)\x16\xacBq\x7f\x98\x12\x81\xb0\xf8\xff\
\xa4/@I\xd3Oi\xd3Gi\xc3\xb4\x0e\xb6\xed\x0c\
\xc30\xf6\x93&#]|\x98\xa9\x04\xf9\x92\xd6\x91\x8a\
\x93?\x11\x15G \x1e\xa1`l\xaf\xf5o\x89\xca\xfe\
\x82\xa0\xb5\xda\x9fk9u\xe7Xv\xe6\xa3\xb4\x91\xb8\
}\xd6\x9c\x85\xb3U\xfe\x05\x95\xc5v\x03\xdc\xa3\xa0\xa0\
/\xf9\xcc\xfb-{xhe~>e\x19\xd3H\xb8\
:\x15YG$\x9ck\x19\xde\xaa\xc2\xd82\x0c\xc30\
\xde\xc1\x9f\x88P(\xba\x87\xc2\x91]T%\xb2\xd3\xfa\
|\xb7\xe5\xe0V\xa8\xf8\xd9\xb0\xec\xccI\x06\xf9O\xec\
\xd9\xa9pl<\x9e\xfc\xcbO\x0b\x17.\xcf\xd4\xf9\x96\
\x07\xdb\x0cp\xd7\xf6\xed\x9b\xf8\x03\x81{\x0d\x9fy\x16\
U0\xd4\x0c\xcfvw\xd5:\xb47\xa7\x960\xbc\xc4\
\xde,\xc30\x8c\xa7I \xa2i\x1d{\xac\xb5\x1f\x98\
\xa9$U)\xdaN9{\xb7Q\xb5=[\x85\xd7\x5c\
N,\x83a\x9c\x1e\x08\xf8O\xb2\x0c\xf1\x83Q\xda\xf2\
\xcf9s\xd6\xef\xce\xd8\x89\x97\x81v\x03lZt/\
\xecp\xb9e|\xffQ\x9c0/\x1f\xf0jwV\xab\
G\xbb\xab\xe5Q4T-\x93\xa7\xc80\x0c\xc38\x9c\
\x94\xe9\x13\xc6\x18\xc7\xa6\xbc\xb4\xe5\x15\xef\xa0\xdc]\x9b\
,c\xbc\x99\xcct\xaa</\x11\xb6\x0c\xf1_C\x94\
7\xb2G\xc7\x8e\x97\xcd\x9c;\xf7\x93L\x9f\xf3\x81h\
5\xc0\xd6\x1f\xd9\xb6[a\xc1\x8b\xd6\xa7}\xcb\xeb\xf3\
\x16\x85riG\x8dF\xc2\xe3eO\x97a\x18\x86\xf9\
\x03\x96m(\xaaRS\x1c\x9bS-\x85!\xae\xb1s\
-\x05\xe3\x91\xf2\xfct3\xeb\xc7\xc7\xf7\xec\xd8\xf1\xb5\
\xf8\xee\xddW\xfd\xb4b\xc5\xb6L\x9f\xee>\xb4\x19\xe0\
\x1e\x85\x85\x17\x19\xa6\xf10\x09\xc1\xb1\x83\xb3;\xa76\
m\xaf\xd9D\xe4u\x19\x86a\x18\xa6<\xa4L\xbf\xe5\
\xb45\xb4\x8e\x06Tu\xcfV\xaa\xb5}5\x85\xa3\xe5\
\x880\x1b4\x22\x90[\xad\xbfe\xab\xce\x9d9o\xde\
\xe4\xcc\x9f\xa9\x06\x03\x5cPP\x90\x9b\xe33\x9e\xb5\x8c\
\xef\xe9\xe5\xf9\xfe=9\xb5hk\xadf\x1cff\x18\
\x86a$0\xfe?D\x0dC\x5c{\xdb\xaf\x14\x8a\xed\
9\xd8\x0f5\xb3l\xd5\x97\x967|\xf7\xac\xf9\xf3\xef\
JYd\xf2\x0c3j\x80\xbb\xe4\xe7w\xc8\xf1\xfb\xde\
\xb5>\xcd?\xd8\xf7F\x839\xb4\xb9N+*\xaaR\
#\x93\xa7\xc40\x0c\xc3d\x19{\xaa\xd6\xb6\x8eZ\x22\
4]g\xebJ\xf2'ce}\xbb\x0f\xfd\xc3\xdd\x0a\
\x0azui\xd1bD&C\xd2\x193\xc0\xdd\x0b\x0a\
\x8e\x0d\xf8}c\xadO\xab\x97\xf5}h#\xdaR\xbb\
\x05\xed\xa8\xde\x80s\xbc\x0c\xc30L\x860hWn\
=QOT\xc7\xf2\x86k\xecX[f)\x92e\x8e\
\x8e\x0b\xe4V\x9b\x0e\x8d\x8a\x99s\xe7.\xc9\xc4\x19e\
\xc4\x00w\xefTx\xb1\xe93\xff{\xb0\xd7\xdf[\xa5\
&m\xac\xdb\x86\x12\xfeP&N\x83a\x18\x86a\xfe\
\x07\x881m\xae\xd3\x92vU\xcd\xa3\xfa\x9b\x96P0\
^\xe6\xec\x866\x96\x91\x9e\xda\xb3c\xc7Sf\xcc\x9d\
\xfb\x8d\xeasQn\x80{t*\xbc\xd5$\xe3\xae\xb2\
\xbe\x07JT\x9bk7\x17\xd5\xcd\x0c\xc30\x0c\xa3\x9b\
h8\x97V5\xe9Ju\xb6\xac\xa0\x9a;\xd7\x95\xfe\
\x8d\x06\xa1\xf1\xf8\xb3\x1e\x9d\x0a\xce\x989g\xfe\x87*\
\xcfA\xa9\x01\xb6\x5c\xf5\x7f\x1a\x86qsY\xdf\x13\x0b\
\x84i}\xfd\x0eB\xb1\x8aa\x18\x86a\xecB8\x83\
y\xadD\xfbR\xbdM\x8b\xc9W\xfa\xf0\xa4\xb0A\xe6\
\xdb=\x0b\x0b\xcf\x9d1o\xde\x18U\xbf_\x99\x01\xee\
\xd9\xa9\xf0\xdf\x96\xf1\xbd\xa1\xac\xefAk\xd1\xc6zm\
E\x998\xc30\x0c\xc38\x01\x14i\xad\x0ev\xa5\x06\
\x1b\x16P(\xb6\xb7\xb4o\x0b\x90i\xbcj\x19\xe1\xb4\
e\x84\xdfT\xf1{\x95X\xc2\x1e\x9d\x0ao3\xa8l\
\xe3\xbb\xadFc\xdaR\xa79\xf1\x80#\x86a\x18\xc6\
i\xc4\x03aZ\xdd\xa8\xb3e\x84\x17Q\xd5\xa2R\x0b\
\x9f}\x96\x11~\xa5g\xa7\x82\xbd3\xe6\xcc\xffH\xf6\
wJ\x1b`\xebD\xae\xb4\x5c\xf3;K\xfb:\xa4\xb2\
7\xe5\xb5\xa6\x9d\xa8rf\x18\x86a\x18\x87\x82\x02\xad\
u\x0d\xf2\xa9\xee\xe6\xe5Tc\xd7\xfa\xd2\xbe-@d\
\xbeey\xc2\x83,O\xf8k\x99\xdf'e\x80{t\
\xecx\xb2a\x98\x0f\x97\xf6\xf5\xb4\xe5\xedn\xa8\xd7\x96\
vW\xab+\xf3k\x18\x86a\x18F\x0f\x86A\x9b\xea\
\xb6\x16Z\xd3\xb5v\xac)\xed\xbb\xc2\x96'\xfc^\xd7\
\x82\x82\xbe\xb3\xe7\xcf_T\xd9_Ui\x03\xdc\xb3\xa0\
\xa0\x87\xe13_#\xb8\xe4%\x00\xe3\xbb\xbe~\xfb\xff\
\x9f\x5c\xc10\x0c\xc30naK\x9d\x16\x96GlR\
\xedm\xabJ\xfb\x96\xda~\x9f9>??\xbf\xf7\x82\
\x05\x0b6W\xe6wT\xca\x00[\xbf0\xafj\xb1\xc2\
U\x89\xa5\xcc\x08;o\xa8\xd7\x8e\x8d/\xc30\x0c\xe3\
Z \x8bl\xa4Rey\xc2\xadr\xfc\xe6\x1b\xa6i\
\x0eN\xa5J/\xa1.\x8d\x0a\x1b`\xeb\x17\xf9\xba\x17\
\x14\xa0\x0c\xbbYi\xdf\xb3\xa9n\x1b16\x90a\x18\
\x86a\xdc\x0c<a\xcc\x1e.-'l\x90qt\xb7\
\xc2\x82{\xacO\xcbl\xc1-\x89\x0a\x1b\xe0n\x85\xf9\
\x7f\xb5>\x0c,\xed\xeb[k5\xa5\x9d\xb9\xf5+\xfa\
\xb2\x0c\xc30\x0c\xe3H6\xe5\xb5\x22\x7f2JU\xf7\
\x96\x5c\x1dm\x10\xdd\xd8\xb3S\xfe\xa4\x19s\x16|Z\
\x91\xd7\xad\x90\x01\xeeYX\xd8\xc70\x8d\xdbJ\xfb\xfa\
\xaeju\x85\xcb\xce0\x0c\xc30\x9e\xc10h}\xbd\
\xf6\xd4d\xed\x9c\xd2&*Y6\xd8\xf7B\x8f\xf6\xed\
;\xcf\x5c\xb4hSy_\xb6\xdc\x06\xb8I\x93&9\
\x0dj\xd5|\xa5\xb4\x9f\x89\x06\xab\xd2\xc6\xbc6\xe5}\
9\x86a\x18\x86q\x0d\xa2E\xa9~\x07j\xba\xe6'\
\xf2\xa5\x12%}K\x03#\xe8\x7f\xda\xfaxJy_\
\xb3\xdc\x06\xb8A\xad\x1a\xe8\xf5-\xd1\xc2&M\xbf8\
1T\x8c1\x0c\xc30\x8c\x17I\x04\xc2\xa2\xc0\xb8\xe1\
\xfa\xf9\xa5HJ\x19C{t*8u\xe6\x9c\xf9o\
\x97\xe7\xf5\xcae\x80\xbb\x16\x16v\xf7\x9b\xc6\x9fK\xfb\
:\x846pb\x0c\xc30\x0c\xe3e\xf6\xe6\xd4\xa2\xed\
5\x1aQ\xad\x1dkK\xfc\xbaA\xe6\xa3]Z\xb4\xf8\
\xb2<s\x84\x0fj\x80M\xd34\xba\x17\xe6?^\xda\
\xf7\xee\xacV\x8f+\x9e\x19\x86a\x98\xacak\xed\xe6\
\x94S\xb4\xa3\xb4|p\x83@n\xd5;\xac\x8fW\x1f\
\xecu\x0ej\x80\xbb\x17\x14\x8c\xb0>\xf4)\xe9k\x09\
_\x906\xe7\xb5<\xd8K0\x0c\xc30\x8cg\xc0\x14\
\xa5\x0du\xdb\x8a|\xb0!\x94/\x0e\xc4\x18\xdd\xb3C\
\x87'g,\x5c\xb8\xa0\xac\xd7)\xd3\x007o\xde\xbc\
J\xdd\xea\xb9\xff,\xed\xeb(\xcd\xe6\xc9F\x0c\xc30\
L\xb6\x11\x0bU\xa5\xed5\x1bS\xad\xed\xabK\xfar\
 \xed\xf7?`}\x1cR\xd6k\x94i=\xebV\xaf\
6\xda\xfa\xd0\xa4\xa4\xaf\xed\xc9\xa9\xcdJW\x0c\xc30\
L\xd6\x02\xdd\x8bj\xbb7Q \x11\xfd\xc3\xd7\x0c\x83\
\x8e\xeb\xd6)\xff\xb0\x1f\xe7,\x98R\xda\xcf\x97j\x80\
;ujP-Dy7\x95\xf45\xe8<o\xae\xd3\
\xa22\xe7\xcb0\x0c\xc30\x9e\x00\xa1\xe8-\xb5[P\
\x83\x8d%\xcfc\xf0\x91\xef\xef\xd6\x87#K\xfb\xf9R\
\x0dp0\x9dw\x99eg\xeb\x95\xf4\xb5\x1d5\x1aR\
<P\xa5\xa2\xe7\xca0\x0c\xc30\x9e\x02E\xc8E;\
\xd7Q\x95\xc8\xce\x92\xbe<\xa0ga\xe1\xe1\xa5\x8d-\
,\xd1\x00w\xead\x06CFA\x89\x15\x5c)\xcb\xe2\
o\xabYbT\x9aa\x18\x86a\xb2\x8e-\xb5\x9aQ\
\x93usK\xfe\xa2i\x5co\xfd\xb7\xfc\x068\x94\xca\
?\x83\xcc\x92s\xbf\xe8\x7fJ\xfa\x02\x95<M\x86a\
\x18\x86\xf1\x16\x91*5h\xafu\xa05\xa9\x04N\xe8\
\xd9\xa1C~I\x15\xd1%\x87\xa0\x0d\xe3\x8a\x92\xfe\x19\
\xde/\x0c0\xc30\x0c\xc30\xbf\xb3\xadf\xd3\xd2\x0c\
\xb0\x91\xf6\xfbQ\xd0\xfc\xa7\x03\xbf\xf0\x07\x03\xdc3?\
\xbf3\xf9}\xbdKz\x95]\xb9\xf5(\xc5\xde/\xc3\
0\x0c\xc3\xfc\x0fE\x96\x07\x8c\x99\x08%\x89s\x18\x06\
\x8dl\xde\xbc\xf9M+W\xae,\xda\xff\xdf\xff`\x80\
\xd3>\xdfE%k\x5c\x12{\xbf\x0c\xc30\x0cS\x0a\
\xb0\x91\xf57-)\xe9K\xb5\xea\xe4\xe6\x0e\xb3>\xbe\
\xb6\xff?\xfe\x8f\x016M\xd3\xd7\xbd\xb0\xe0\x8c\x92~\
\xba(\x5c\x9d+\x9f\x19\x86a\x18\xa6\x14P\x11\x9d\xb7\
\xe5\x97\x12\xa7%Y\x8e-T%K7\xc0\xdd\x0a\x0a\
\xd0\xafTr\xebQ\xf5\x06\x0aO\x93a\x18\x86a\xbc\
\x05\xfa\x82wU\xabK5w\xae\xfb\xc3\xd7\x0c\x83\x8e\
.,,\xac3o\xde\xbc-\xfb\xfe\xed\x7f\x0c\xb0e\
\xa1O+\xe9EQ|\xb5'\x87U\xaf\x18\x86a\x18\
\xa6,P+U\x92\x01\xb6\x08\x84\x0dc\xa8\xf5\xf1\xb9\
}\xff\xf0\xff\x06\xb8x\xeaQ\xc1\xf1%\xfd\xd4\x9e\xaa\
\xb5y\xd6/\xc30\x0c\xc3\x1c\x84h\xa8\x1a\xc5\xfda\
\x0a$\x22\x7f\xf8\x9aa\xa4O\xa0\x92\x0cp\xb7v\xed\
:[\x1f\x1a\x97\xf4\x82\xbb\xab\xf2\xb8A\x86a\x18\x86\
)\x0f\xbb\xab\xd5\xa1Z\xdb\xd7\xfc\xf1\x0bic \x84\
\xae\xe6\xccI\xc5\xf0\xbf\xffo\x80\x8d\x80opI/\
\x04\xdd\xe7\xbdUjf\xea<\x19\x86a\x18\xc6S`\
XQ\x89\x06\xd8\xa0\x5c?u\xe8g}\xf6\x15\xfew\
\xff\x1cp\xff\x92^\xa8\xa8JuJ\x9b\xbeL\x9c#\
\xc30\x0c\xc3x\x8eH(\x97\x92\x96\xdd\xf4\xa5\x92\x7f\
\xf8\x9aI\x06l\xed\xef\x06\xd8\xb4\xe8^X\xd0\xb7\xa4\
\x17*\x0a\xb3\xf7\xcb0\x0c\xc30\xe5\xc60(\x12\xae\
AU\xf7n\xfd\xe3\x97\xc8\xe8\xb7\xefsa\x80\xbb\x15\
\xb6\xed`}\xa8U\xd2\xeb\x14U\xc9\xcd\xd4)2\x0c\
\xc30\x8c'\x81vFI\x06\xd8\xa2\x0f\x9c\xde\x94\x85\
0\xc0i\xf2u-I\xfd\x0a\xf9\xdfh\x88\x0d0\xc3\
0\x0c\xc3T\x84H\xb8T\xdbY\xbd{a\x9bV\xd6\
\xc7\xa5\xc2\x00\x1bdv.\xe9\xbbb\xc1\x1c\xd1X\xcc\
0\x0c\xc30L\xf9\x89\x06\xabYN\xac\xd0\xd7\xf8\x03\
\xa9T\xa0\x13\xfdn\x80\xd3\x1dK\xfa6\x18`\x86a\
\x18\x86a*\x06\xb43\xe2\x810\x05\xe3%\xf4\x03\x9b\
\x04\x03\xfc\xdeoU\xd0F\x9b\x92^ \xca\x06\x98a\
l!\x18$\x0a\x05\xd3\xd6\x81\xcf\x7f\xfb\x18@\xc1d\
\x9a\xa0\x89cX\xfbe\xdfo\xc1\xa9d\xca:\x92\xd6\
\x03\x9f6\xac\x9d\xb5\xb5q\x8e[\xcfn\x0c\x87A1\
\xebc$bP\xe2\x8f\xc5\x98\x0c\xc3d\x98X\xb0j\
\x89\x06\xd8z\x82[\xe3\xbf\xfe\xdf\x14\xb0\x9a\x97\xf4\xc3\
<|\x81a\xd4Q\xb3z\x9a\xea\xe6\xa5\xa9N\xad\xb4\
\xf8\x1cG\x8d\xdf\x8e\xdc\xaai\xaaV\x95\xac\xc3\xfa\x98\
\x93&\x7f\xc9\x93\xba+\x0d\x0c\xf2\xee=\x06\xed\xdek\
\x1d{\x88v\xed6h\xfb\x0e\xeb\xd8\xf9\xfb\xc7-\xdb\
\x0c\xda\xb8\xc5\xa0\xbd{K\x9b\x87\xc60LE\x80\x22\
VI\x18ij\x89\x8f\xfe\xfc\xfc|LY(\xf1\xbb\
\x12\xfeP\xe6\xce\x8ca<\x06<\xd3zy)jX\
?M\x8d\xea[\x1f\xeb\xa5\xa9~]\xcb\xe8\xd6IY\
GZx\xb0v\x11\xfa\xcd\xa3\x86\xf1?\x18{\x8b\x88\
6m5i\x93e\x8c\xd7\xae7h\xddF\x93\xd6o\
\xb4>\xdf`\xd2\xd6ml\x9c\x19\xa6\xbc \x04]\x22\
\x06\xb5\xc0\x07\x7f\xc8L\xd6/a,p\xf1\x0f\xb3\x01\
f\x98\x12\x81\xd7\xda\xb2i\x8a\x9a7IQ\xd3Fi\
\xf1\xb1I\xc3\x94r\xcf\xd5\x0er\xaa\x105ol\xfd\
m\x10\xa6=\xa0<\xb3(B\xf4\xeb\x1a\x93V\xae6\
\xc5\xc7_\xd7\x18\xb4b\x95i\xfd;\x1bf\x869\x90\
\x84?X\xda\x97\xea\xe3?~#\xed\xcf+\xa9L\x0b\
\xfb\xe4\x94\xcf\x03\xab\x09\xc3H\x12\x0e\xa7\xa9m\xcb\x94\
8Z5OQk\xeb\xc8\xab}pO\xd2\x8bT\xb1\
6\xf4\xed[\xa7\xc4\xb1\x8f\xb4\xf5V\xacYo\xd2\xb2\
\x15&-_i\xd2\x12\xeb\xe3/\xd6G\xce;3\xd9\
N\xd2Wj\xd8+\xd8\xbe}\xfb\xea\x96\x01N\xd7\x11\
\x15\x1d\x07\x902a|yW\xcbd\x1f\xb5j\xa6\xa9\
\xa0m\x92\xdaYF&\xbf\x8d\xe5\x09Z\x9e\xae\xc9\x8f\
B\xa9`\xf9\x80\xf7\x8f\xe3\x88C\x8b\xff\x0d\x85`K\
-C\xbcp\x89\x8f\x16-\xb3>.5io\x11\xbf\
\x89Lv\x912K\xcf;\xe5\x98f\x1d\x7f\xda0\xaa\
\x95\xd8\xa7d\xb2\xf7\xcbd\x07\xb9\xd5\xd2T\xd8>E\
\x1d\xdb'\xa9c\x87$5n\x90\x9d\xde\xadJ\x90\xef\
.h\x9b\x12\x07HYo)\xbc\xe39\x0b}4o\
\xa1I\x0b\x96\xfaD\x856\xc3x\x99dYs\x14L\
\xb3*\xacl\x89A\xeat\x09^1\xc3x\x01\xdc\xda\
\xad\x9a\xa5\xa8[\xa7$u\xef\x98\xa46-S%\x05\
\x81\x18\x85 \x82\xd0\xa6EJ\x1c\xa7\x0c&\x8a'\x88\
\xe6-\xf2\xd1\x8fs|4k.\x8a\xbcX\xf0\x87\xf1\
\x1ee\x09Y\xf9\xd2\xe9\x10B\xd0\xa1\x92V\x1fV\xc0\
b\xbcD\xc0\xf2\xc8:\xe7'\xa9WW\xcb\xe8vN\
\x8a\x16 \xc6>\x02\xd6\xd6\xbfkaR\x1c\xe7[\xff\
\xbfn\xa3A?\xcc\xf6Y\x87_\x84\xac\xd3|y\x18\
/P\xd6\xce\xde0\x82\x08A\xfbJ\xd3\x81f\x187\
\x83\xb6\x9b\x1e]\x92\xd4\xbb\x9bet-o7\xccE\
\xfd\x8e\x05-['\x1d\x9b\x10\xc7\xb6\x1d\xc5\xc6\xf8\xfb\
\x1f}4w\xa1O\x88\x8b0\x8c\x1b)\xd3\x8e\x1a\x86\
\x17\x9a&\x18\xe6w\xfc>\xa2.\x96WuX\xaf\x04\
\x1dby\xbb\xa1R\xbb\x00\x18\xa7R\xabF\x9a\x8e=\
\x22!\x8e\x1d;\x0d\xfav\x86\x8f\xa6L\xf7\xd3\x92\xe5\
\x1c\x95c\xbc\x05\x1b`\xc6\x13\xa05h@\xdf\x04\xf5\
\xeb\x95\x14\xaaR\x8c7@\xbf\xf5\x90\xa3\x12\xe2\xd8\xb0\
\xd9\xa0\xaf\xa7\xfai\x92ul\xdc\xcc\x11:\xc6\xfd\xb0\
\x01f\x5c\x0b\x16\xe7#\xfa$,\xc3\x9b\xa4\xa6\x8d8\
N\xe9u\xea\xe7\xa5\xe9\xb4\x13\xe3\xe2\x98\xb7\xd8\xa4I\
\xdf\xf9i\xaa\xe5\x1dC\xf3\x9aa\xdc\x08\x1b`\xc6u\
t\xcaO\xd2\xd1\xfd\x13\xd4\xab[R\x84\x9c\x99\xec\xa3\
\xb0]\xca:bt\xfe\x19D_O\xf3\xd3g\x93\xfd\
\xb4j-\x87\xa8\x19w\xc1\x06\x98q\x05U\xc2i:\
\xea\xb0\x04\x0d:\x22!\xb4\x96\x19\x06@6s\xf0\x91\
\x09q@\xecc\xc2$\xcb+\x9e\xe9\x17\xd3\xa1\x18\xc6\
\xe9\xb0\x01f\x1cM\x83z):~`B\xe4w\xb9\
\x8a\x99)\x8b\x0emR\xd6\x11\xa3sO\x8b\x0bC\x0c\
\xaf\x18S\x9f\x18\xc6\xa9\xb0\x01f\x1c\x09\x16\xd3\x93\x07\
\xc7\xa9G\xa7$\x8bd0\x15\x02U\xd4g\x9e\x1c\xa7\
aC\xe24y\xaa\x9f>\xfc\xcc\xcfB\x1f\x8c#a\
\x03\xcc8\x8a\x1e\x9d\x934\xd42\xbc0\xc0\xd9DQ\
\x94h\xe7.\xa3xf\xef\x9e\xe2\x99\xbd\x980\x84\xe9\
C\xb1\x98!\xb4\x95!\xdd\x98J\x19\x94\xb4\xde\x1aq\
$\x8b\xd5\xda\xa1v\xe73\x7f;\xfc\xc5c\x0fq`\
\x88D8\x880m\xbax\xce\xf0o\xf3\x86Q\xbc\x16\
\xc8\x82'\x1f\xef\xc11\x87'h`\xff\x04M\x9f\xe5\
\xa3\xf7>\x0d\x089L\x86q\x0aY\xf0\x182N\x07\
\x1en\x9f\x1eI:\xf5\xf885k\xec=\xc3\x1b\xb5\
\x0c\xe7\x86M\xc5\xf3u\x7f?L!8\xb1}'\xd1\
\xb6\xed\x86\xf6J\xde\x9c\x9c\xb4P\x03\x83\xb7X\xbbV\
\x9a\xea\xd5I\x8b\x99\xc5\x98\xf2T\xafN\x8a\xea\xe5\xa5\
\xc9\xe7\x91\x027\xf3\xb7\xfb\x0b\xc7O\xf3}4v\x5c\
\x80\x16-eC\xcc\xd8\x0f\x1b`\xc66`x\xfb\xf6\
L\xd0\xf0\xe3\x13\x9eh#\xda\xb3\xd7\xa0\x95k\x0cZ\
\xb5\xc6\xa4\xd5\xebLZ\x83a\xf6\x1bL\xda\xb2\xcdp\
\x9c\xb4\xe2^\xeb\x5cq\xac]_\xf2\xd7a|\xeb\xe5\
\xa5\xa8Q\xfd45j\x90\xa2f\xbf\xcd<n\xdc0\
%<K\xb7\xd2\xa5 )\x8e\x9f\x17X\x86\xf8\xa3\x80\
(\xdcb\x18\xbb`\x03\xcc\xd8\x02\xbc\x913N\x8a\x8b\
\x11vnd\xe7nC\x8c\xdb\xdb7\x03\x17C\xe97\
o\xf5N\xb2\x1a\xe1ml\x1e\xd6m \x9a\xf9\xf3\xef\
\xae\xb0i\xd9\xab\x06u\x8b\xe7\x22\x8b\xd9\xc8-Rb\
\xb0\x85\xdb\x0a\xe4\xa0\x0b\x8e\x03\x86\xf8\xf5\xf7\x02\xe2:\
2\x8cn\xd8\x003Z\xe9\xd4!I#\x86\xc5\xc5\xc2\
\xed&\xe0\xd1\xc2[*>|\xb4a\x93w\x8cmE\
\x80.\xf3Z\xcb0\xe3\x982\xbd\xf8\xdf`\x94\xe1\x1d\
\xb7o\x8d#I\xf9mST\xa7\x96\xc3\x5c\xfeR\xd8\
g\x88\xa7\xcd\xf4\xd1\x1b\x1f\x04h\xedz6\xc4\x8c>\
\xd8\x003Z\xc0\x02\x8d\xf6\x10,vn`\xbde`\
1\x08\x00\x1e\xd2\xbcE\xa6(\x90bJ\x06F\xf9\x97\
_Mq|\xfaU\xf1\x92\x82\x1cr\xe7\x82\xa4\x98\xb1\
\x8cY\xcbN\x9f>\x85\x88\x0c\x84]\xa0\xae5\xe6\xc3\
\x80\xc8\xcb3L\xa6a\x03\xccd\x94\x9a\xbf\xb5\x84\x1c\
\xd9/!\x8aa\x9c\x0a\x0a\xa5`p\x7f\x9c\xeb\xa3Y\
s|\xa2P\x8a\xa9<\xd0j\xfe\xe2k\xbf8@\x8b\
\xa6)1\x91\xaa[\xc7$\xb5k\x95\x12^\xb3\xd3\xc0\
9A\xec\xa5_\xaf\x04}8!@\x1fL\xf0\xb3\xcc\
%\x93Q\xd8\x003\x19\x01\x85:'\x1e\x1b\x17-E\
N\xcd\x0f\xee\xd8\xf5\xdb\xd8\xbbY>\x9a\xbb\xc8G\x89\
\x84\xddg\xe4]\x90#\xc7\xf1\xee\xf8\x00U\xcdI\x0b\
C\x8c1\x91];:oL$&hAo\x1a\xed\
K\xc8\x0f\xa3\x97\x98a2\x01\xdfY\x8cr\xd0\xcb{\
\xfe\x191\xaa_\xd7yaG\xb4\xfe@\xc0\x7f\x9ae\
t\x17-\xe3Y\xb3v\x80jq\x8c\x17\xc4\x81\x8d\x1a\
\xc6G\xf6\xe9Q<>\xb2\x8a\x83\x8cq\xed\x9ai\xba\
\xf2\xfc\x98\xd0\x1d\x7f\xf6\xf5 \xad\x5c\xed@\xb7\x9dq\
5l\x80\x19e\xc0\xe0^pfL\x84\x1a\x9d\x04\x16\
|\x18\xdco\x7f@>\x97\x8d\xae\x93\x80\xc0\x08\xa2\x10\
8`\x8c\xbbw.\x9e\xe5\x0c\x054\xa7L+\x87(\
\xcc\xbfo\x8d\xd0g\x93\xfc4\xe6\x83\x80\xb8\x9f\x18F\
\x05\x0e\xb9\xc5\x197\x83\x89D\x90\x8d\x1c~|\xdc1\
\x0aK)\xcb\xf9\xfey\xbe\x8f&}\xe7\xa3\xe9\xb3\xfd\
\x14\x8f\xdb}F\xcc\xc1\x801F52\x0e(v\x1d\
\xd6+)4\xc01\xeb\xd9nP\xbf\x80\x81\x0f(\xd6\
z\xf1\xcd\x80\xb5\x99s\xc8\x8d\xce\xb8\x1a\xbe\x8b\x18)\
\xe0\x1d\x5czN\xcc1\xfd\xbc\xe8\xc5\xfd\xe2\x1b?}\
\xf5\xad\x9f\xb6r%\xabk\x81\x1c'*\xaaq@\x1d\
\x0d\x92\x92\x87\xf7I\x88\xe9Gv\x82j\xee?_\x1c\
\x133\xa8\x9fy-(\x8a\xcd\x18\xa6\xb2\xb0\x01f*\
\x05t\x86\xcf\x19\x1e\x17\x0b\xa3\xdd\xc3\x12\xa02\x85\xea\
eL\xbf\xc1G\x0e1{\x8b_\xd7\x98\xf4\xdc\x1bA\
z\xf5\x9d\x80\xf0\x8a\x8f9\xc2~\xaf\xb8ka\x92\x1e\
\xbc\xa3\x88\xde\xfa0@\xe3\xbe\x08\xf0=\xc7T\x0a6\
\xc0L\x85\xe9\x94\x9f\xa4\xd1\xa3bT\xb7\xb6\xbdEV\
\x18T0\xd1\xf2t?\x99\x18\xc8Za\x8cl\x02-\
A_N\xf1\x8b\xa3m+\x8c\xa9\x8c\xd3\xa1=\x92\xb6\
\xb54\xa1Z\xfa\x9cS\xe3\xd4\xbb{\x92\x1e\x7f!(\
\xc4I\x18\xa6\x22\xb0\x01f\xca\x0d\xbc\xdeQ\xa7\xc5E\
U\xa8\x9d \xcc<\xee\x0b?M\xb4\x16bL\x0cb\
\xb2\x8f%\xcbMzxy\x88^y;M\xc7\x1d\x95\
\xa0c\x0e\x8f\xdb\x16\x9eF_\xf3}\xb7E\xe8\xcd\x0f\
\xd8\x1bf*\x06\x1b`\xa6\x5c \xd7{\xd5\x05Q\xa1\
pd\x17\x08Eb\xb6+\xdaW\x92\xce*\xb4fl\
\x02\x83.\x10\x9a~w\xbc\x9f\x8e\x1d\x90\xb0\xbc\xe2\x84\
-\xaa[\xa8\xe0\x867\xdc\xb3K\x92\x1e}>\xc4B\
.L\xb9`\x03\xcc\x94\x09\xa6\xe2\x9c~b\x9c\x86\x1e\
\x17\xb7M\xc9j\xd9JSL\xae\xd9\x7f(\x00\xc3\xec\
\xcf\xde\x22\x83\xde\xff$@\x1f[\x1e\xe8\x91}\x13t\
\x8au\xbf\xe6\xd9\x90\x22\x81\x0e\xf6\x03\xb7\x17\x89\x9c5\
\x0bx0\x07\x83\xef\x10\xa6T\x1a\xd4K\x89\x8aO\xbb\
\x0a^0\xa1\x06\xb3[\xd9\xf02\xe5\x05\xedf(\xc6\
Cz\x02\xb2\x92\xd88\xea\xaeU\xa8\x12&!\xe0\x81\
~\xf8\xa7^\x0d\x8a\xb1\x8f\x0cS\x12l\x80\x99\x12\x81\
\x18\xc2%\xe7\xc4lQ&Z\xb9\xc6\xa47\xdec\xc3\
\xcbT\x9eD\xf2wC|\xf4\xe1\x09\xd1\xa3\xae;4\
\xdd\xb7g\x92\xda\xb4\x88\xd0\xc3\xcf\x84h\xc9/\x5c\xa0\
\xc5\xfc\x116\xc0\xcc\xff\x10\x0a\xa6\xe9\x82\xb3\xe2tT\
?\xfd\x85V\x1b6\x1b\xf4\xe6\x87\x01\x9a\xf2\xbd\xdfq\
\x03\xec\x19w\x02C\x8c^bT\xcb\x0f\x19\x18\xa7\xa1\
\x83\x12B\x8bZ\x17\xa8\x99\xf8\xfb\x8d\x11z\xe3\xfd\x00\
}\xf8Y\x80\xefk\xe6\x7f`\x03\xcc\xfc?\x8d\x1b\xa6\
\xe8\x86\xd1Qj\xdc@\xef*\x01\xd1\x85\xb7?\xf6\xd3\
\x84\xaf\x02b\xc1d\x18\xd5\xc4b$r\xc4\x98\xcet\
\xea\x09q\x1a< !\xea\x1bt\x80\xdf3rx\x9c\
\x0a\xda\xa7\xe8\xd1\xe7\x82\xe2~g\x18\xc0\x06\x98\x11\xa0\
\x9fr\xf4yQ\xad!gT2\x7f:\xc9Oo\x8f\
\x0b\xf0\xa2\xc4h\x01\xf7\xd9\x8bo\x06i\x82u\xdf\xc1\
(\xf6\xea\xaao\xc7\xd7\xbdc\x92\xee\xbd%B\xf7?\
\x19\x12\xb3\x93\x19\x86\x0dp\x96\x03\x11\x83\x11\xc3bt\
\xd2\xb1zC\xce\x18t\xff\xfc\x98\x00\xadY\xc7\x0b\x11\
\xa3\x9fu\x1bL\xba\xef\xbf!!*s\xe1Y1m\
Q\x1f\x84\xa4\xef\xbe)\x22\xa6+A.\x95\xc9n\xf8\
\x0e\xc8br\xab\xa5\xe9\xdaK\xa3\xd4\xb1\xbd\xbe*g\
\x88h\xbc46(\x04\xf7\x19\xc6n\xe6X\x1b\xc1\xeb\
\xee\xac\x22T\xb5N=1\xae%\x02\x84\x9e\xe1\xcbG\
\x15w\x17\xbc`y\xe3\xdc\xd3\x9e\xbd\xb0\x01\xceR\x9a\
6J\xd1MWF\xa9\xbe&a\x0d\xa8\x03A\xbd\x0a\
\xda\xb9\x90\x14d\x18\xa7\x00\x03\x88\x02)\x08\xbc\x5c`\
y\xc3\xbd\xbb\xe9\xb1\x88\x83\x06$\xa8\x89\xf5\x1c>\xf0\
d\x88v\xed\xe6g\x22\x1ba\x03\x9c\x85`\xf0\xf9\x9f\
.\x8cRXS\xbew\xf9J\x93\x9e|%\xc8y/\
\xc6\xd1`z\xd6\xfdO\x84\xc4\xf3\x81\xb0t\x9dZ\x99\
\xdf\x9c\x16\xb6K\x89\xbc\xf0\xbd\x8f\x87h\xe5j~>\
\xb2\x0d6\xc0Y\xc6\xc9\x83\xe24bX\x5c\xcb\x04#\
\xccw\xc5\x00\xf3\x8fY\x1f\x97q\x11?\xcc\xf6\xd1\xdc\
\x85aQ\xa4u\xec\x11\x99\xaf\x8d\xa8['M\x7f\xbf\
)B\x0f=\x1d\xa2\x1f\xe7pj&\x9b`\x03\x9c%\
\xa0\x15\xe2\x92\x111\xa1\x0e\xa4\x83\x85KMz\xfc\xc5\
 \xad\xdf\xc8\xbbz\xc6}`\xc8\x07\xe6\xfd\xa2VA\
L\xfe\xaa\x93Yo\x18\xb9\xe7\x9b\xaf\x8c\x8a\x0a\xedO\
&\xf2\xb2\x9c-\xf0\x95\xce\x02rr\xd2t\xdd\xa51\
\xea\x9c\x9f\xf9\xdc\x16\xbc^\xa8X}\xfc%\x8b\x0e0\
\xeeg\xceB\x1f]{G\xb17\x8c\x9cm&\x81\xd6\
\xfa\x05g\xc6\x84\x04\xecKo\x059j\x94\x05\xb0\x01\
\xf68\xb5k\xa6\xe9\x96\xab\xa3\xd4\xacq\xe6\x9f\xe6_\
V\x99\xf4\x9fg\x83\xb4\x9a[\x8b\x18\x0f\x11\x89\x1a\xa2\
m\xe8\x87\x9f|t\xc5y1\xaaU#\xb3;\xcb!\
G%D\xfe\xf9\x91gCB\xdb\x9a\xf1.l\x80=\
L\xa3\xfa)\xfa\xdb5\xd1\x8c\x8b\xd1\xa7\xd2\xc5*C\
\x98X\xc4JV\x99\x05\xb9{\x1c\xf0\x96\xcc\xdf\xd2\x85\
)\xeb=OZ\xfb+\x8e8d\x96\x9f\xe6\x15{\xc3\
\x97\x9e\x13\xa3>\xdd3{\xa3\xa3\x12\xfboW\x17\x17\
ga\xd2\x13\xe3M\xd8\x00{\x94\xb6-S\xf4\x97\xab\
\xa2\xa2\xd77\x93\xa0r\xf4\x11\xcb\xeb\x9d\xbf\x98\x8bG\
*\x0a\xfaA\xf3\xea\xa4\xc4\xd8\xbc\x1a\xd5\xd3T\xcb:\
jZ\xdeUnU\xa2jU\xd3\xe2\xa8\x9a\x83\xe9:\
iQ\xb1\x1e\x0a\xa5)p\x90'6\x1a+\xf6\xd8\x22\
\xd1\xe2\x8f\xbb\xf7\x10\xed\xd9k\x08\x05\xa8\x1d\xbb\xacc\
'\xd1\xf6\x1d\x06m\xb3\x8eM[L1O\x97C\x9d\
\xe5\x07\xef#\xda\x86\x06\x1e\x96\xa0\xf3\xcf\x8cQ(\x98\
\xb9\xdfU\xd0.Ew\xdd\x18\xa5\xbb\x1f\x0e\x89k\xc6\
x\x0f6\xc0\x1e\xa4S\x87$\xddxE\xe6\xdb\x8cf\
\xcd\xf5\xd1c\xcf\x07\xb9\x87\xb1\x0c\xa04V\xbfn\x8a\
\x9a5NS\xe3\x06)jX/M\x8d\xac\x8fPD\
\xca\xc4t\x1e\x18\x04\x0c\xd4\xa8\x91\x8b\xff;\xf8\xeb\xc3\
\xf8n\xb16Q\x1b6\x1a\xb4v\x83I\xeb\xac\x8fk\
\xd6\x9b\xb4j\x8d)DS\x98\x92\xf9r\x8a\x9f\x16/\
7\xe9\x9aKb\xa2\xa7>S4o\x9c\x12\xcaYw\
=\x18\xa6\x8d\x9b\xf9zx\x0d6\xc0\x1e\x03=\x8c\xd7\
\x5c\x12=\xa8\xa7$\x03\x84\x0b^{/@\x1f}\x16\
\xc8\xdc/q!~\xeb=o\xd14%\x14\x8eZ\xb7\
HQ\x8b&)1\xe0\x22\xe8\xe0\xb7\x09\x1b\x04\xa4(\
pt\xec\xf0\xbf\x86do\x11\xd1\xaa\xb5\xa6\xe8\xdf^\
\xba\xc2\x14\xf3\x99a\x9c9\xd4]\x0c\xde\x9b\x9b\xff\x11\
\x16=\xc3\x99\x9c\x1eV\xff7\xf9\xca\xbb\x1e\x0cq}\
\x85\xc7`\x03\xec!\xfa\xf5J\xd0U\xe7\xc72:\xe5\
e\xfbN\x83\x1e|*H\x0b\x96p\xc8\x19\xe1\xfd\x0e\
mR\xd4\xbeu\xca\xfa\x98\x14\x86\xd7\xef\xa1'*\xa7\
\x0a\x89\xbf\x0d\xc7>\x8a\x22dy~>\xd1f\xb6\x08\
\x87\xf59&\x0de+\xf8\xdb\x9fx)H\x8b\x97\x99\
t\xe1\xd9\xb1\x8cm|Q\xf8u\xd7\x0dQ\xfa\xfb\xc3\
<\xc8\xc1Kxh\xb9\xc8n\xb0\x03\xbf\xec\xdcXF\
\x056\xb0\xe8>\xf0T\xf6\xe6\xa3\xe0\xc9\x16\xb4K\x0a\
\x01\xffN\x96\xb7\x08oW\x87\xa0\x89\x93\xa8\x12&\xea\
R\x90\x14\x07@\xd1\x1dB\xb1\xd0T\xfey\xbeOx\
\xca\xd9\x98SFHz\xc5*\x93\xae\x1b\x9d\xb9\xa2G\
l\xf8\xee\xb8.Bw?\x12\xa6%\xcb\xd9\x08{\x01\
6\xc0\x1e\x00\xe2\x1a\x97\x9d\x93Y\xe3\xfb\xd9d?=\
?&\xfb\x84\xe3!\xc0\xd0\xa3s\x92\xbauJR\xc7\
\xf6IG\x87\x93\xed\xc0\xef\xb36%mS\xe28\xe3\
\xa48\xed\xdacX\x86\xd8\xa4\x1f\xe7\xfah\xe6\xcf\xbe\
\xac\x1a3\xb9l\xa5I7\xdd\x1d\xce\xe8\x80\x13D%\
n\xfd\xb3e\x84\x1f\x0e\x8b\x8d\x0f\xe3n\xd8\x00\xbb\x9c\
\xa3\xfb'\xe8\x92\x91\x993\xbe\xf0p\x9e\x7f#H\x9f\
\x7f\x9d=\xb7\x0a\xf2\xb6h3A+H\xcbfY\xe8\
\xceI\x90[5M\xfd\x0eI\x8a\x03\x9b\xb5y\x8b}\
B\xdaq\xda,_VDNP\x90\x08\xe3x\xde\xe9\
1\x1a|df\xf2\xc2\x88B\xfc\xcd2\xc2\xf7X\x9e\
\xf0\xa2el\x84\xddL\xf6\xac\xaa\x1e\x04\x9eo&\x8d\
\xef\xce\xdd\x10\xa7\xcf\x8e|/\x84\x0f\x0e\xeb\x95\xb0\x8e\
\xa4\x08-3\xf2\xa0\x16\x01\xeak8\xce?\x93h\xee\
B\x1f}\xf7C\xb11Fk\x94W\xc1\xc6\xe39k\
\xd3\x8a\x90\xf4E#b\x22J\xa0\x1a\x18\xe1[\xaef\
O\xd8\xed\xb0\x01v)\xfd{g6\xec\xbcf\xbdA\
\xff|4L\x1b6yw\xa1\x0c\x87\xd2\xd4\xdb\xf2t\
\x0f\xef\x93\x14\xad[\xd9\x96\xcf\xd5\x09\x84C\xf6\x19\xe3\
\x0b\xcf&\x9a\xfe\xa3\x8f&O\xf3\x0bq\x0b\xaf\xe6\x8c\
\x91\x17^o=?7\x8c\x8eQ\xd5\x1c\xf5ya\x18\
\xe1\xbfZF\xf8\xce\x07\xc2\x5c\x98\xe5R\xd8\x00\xbb\x90\
^\xdd\x92t\xe5\xf9\x993\xbe\xf3\x16\x9bt\xdf\x7fC\
\x9e\xf5R\x10VF\xe8\xbe\x7f\x9f\x84\x96\x01\xec\xcc\xff\
\x82J\xe1}aj\x08\x82L\xb4\x0c\xd5\x17\xd6\xb1y\
\x8b\xf7\xee\xb7y\x8b|t\xcb\xbd!\xfa\xebUQ\xd1\
\xfb\xad\x9a\xaa\x22'\x1c\xa5\xdb\xef\x0f\x89\xb6(\xc6]\
\xb0\x01v\x19(\x06B\x9f\xaf\x99\xa1g\xedk\xcb+\
A[\x85\xd7$%\xd1\x1et\xd8!\x09\x1a|TB\
\xb4\x0b1\xce\x00\xed5\xc3\x8f\x8f\xd3)C\xe2b\x14\
\xdf\xa7_\xf9i\xf6<o\xa5<\xd6\xac3\xe9/\xff\
\x0c\x0be\xba6-\xd4\xdf{\xa8\x8e\xbe\xed\xda(\xdd\
\xfa\xef\x10O\x1fs\x19l\x80]\x04\xfa1\xaf\xbb4\
\x9a\x91\x9c\x12\xf8\xf03?\xbd\xf2v\x06\xb5\xf5l\xa0\
zn\x9a\x06\x0fH\x88\xb9\xae52\xa0<\xc5\xa8\x01\
!jT\x9b\xe3@\xfac\xfc\x97\x01\x9a4\xd5\xef\x99\
\x1e\xe3\x9d\xbb\x0c\xba\xc3\xf2R\xaf\xbb,F\xdd:\xaa\
\xdf\xddBU\x0d\x9e\xf0\xdf\xfe\x1d\xa6m\xdb\xbd\x17I\
\xf0*l\x80]\x02\xe4\xee0/4\x13\xda\xb3P6\
zyl\x80\xc6}\xe1\x9d\x1e\x9b\xda\xb5\xd2t\xf2\xa0\
\xb8\x085s\xeb\x90\xbbh\xdc M\x17\x8f\x88\xd1\xe9\
'\xc6\xe9\xa3\xcf\xfd4a\xb2\x9f\x22\x11\xf7\x1b\x95h\
\xcc\x10\xc3\x15F\x9f\x1b\xa3#\x0eU_!\x8d\x10\xf7\
\xdf\xae\x8e\xd2m\xf7y7}\xe45\xd8\x00\xbb\x80\xbc\
:\xd6\x83e\xedn!\xce\xaf\x1a\x14\xc0<\xf6b\x90\
\xbe\x99\xe6\x8d[\x01\x8b\xd0)\xc7\xc5i@\xdfD\xc6\
\x22\x05\x8c\x1e\x10\xb1\xc0\x1c\xde\xa1\x83\x13\xf4\xf1\x97~\
1\xa8\xde\xed\x86\x05\x15\xd2\x8f\xbd\x10\xa4\x9d\xbb\x89N\
<F\xbd\x11\xc6\xd8Q\x84\xba\xefz(\xec\x99\xe8\x81\
\x97\xf1\xc6\xaa\xeba`t\xd1x\x8f\xb9\xbe\xaaIX\
\xcf\xff\x83O\x87D\x9f\xa6\xdb\xc1\x80\x83a\xc7%D\
ux\xa6\xf2\xe3\x8c=\xe0\x19\x80\xc8\xc7I\xc7\xc6\xe9\
\xd3I\x01\x1agy\xc5\x08\xe9\xba\x99\x97\xc7\x06\x85W\
\x7f\xda\x89\xea\x07\xfe\x22U\xf5\xe7\x8b\xa3t\xff\x13!\
\xcfV\x98{\x056\xc0\x0e&\x10 \xba\xf1\xf2(5\
\xaa\xaf\xde\xf8bl\x1d*\x9d\x7f\x9a\xefn\xe3[\xcb\
\xda\x98 T\x09)N6\xbc\xde\x06m7\xa7\x0c\x8e\
\xd3\xe0#\xe3\xf4\xe1\x04\x0c\x03\xf1\x8b\xb0\xae[y\xeb\
\xa3\x00\xed\x8d\x10\x8d:M\xbd\x11>\xa4K\x92\xce?\
#&\xfa\x91\x19\xe7\xc2\x06\xd8\xc1\x5cq^\x94\xf2\xdb\
\xaa\xdf\xc2bV\xec?\xfe\x13r\xb5\xc0F8\x9c\xb6\
<\xa2\x84\xf0\x8a29\x93\xd5.\x90\x97\xc7\xe2\x0c)\
\xc7=\xd6\x11\x89A\xf8\xdf\x10aET\xa8\xc3\xb3I\
&\x8b\x8d\x8f\xcf\x97\x16\x9b\x0fTz\xef\x1bG\x88Q\
\x94\xfbf\x0agz,\xa5n\xd0:\x06\x8f\x18\x85u\
0bhcr\xab\xa77\xee\xf3\x80\xb8\xae\xc8y\xab\
\x06J\x5c\x1b\xb7\x18<\xb5\xcc\xc1\xb0\x01v(#\x86\
\xc5E\x9f\xa4j\xdcn|\xa1\xae4\xc8Zx\x87\x9f\
\x10\xa7\xea\xd5\xdc[\xd5\x8c\x5c\xe6\xda\xf5\x06\xad\xdbd\
\xd0\xa6\xcd&m\xdef\xd0\x96\xad\x86\xe8\x8b\x85d#\
T\xc8T\x19\x15\xe4\xc2\xabWOS-\x1c5\xd3\x94\
\x87\xf1\x83uRB\xe7\x1a\xf3\x89\x1b\xd6O\xb9r\x13\
\x83\x16\xa6KG\xc6\xe8\x84\xa3\xe3\xf4\xea;A\x9a\xf1\
\x93;\xefi\xe8\xac\x83L\x18\xe1s\x86\xc7i\xa3u\
\x7f}?\xcb\x9d\xef\x8d\xd7a\x03\xec@P@4t\
\xb0\xfa\xb0T\x11\x8c\xef#a1\xd5\xc8\x8d`\x02\x0f\
f\xaf6\xcc@H>S\xc4\xac\xcb\x08\x95\x22\xc8\x12\
B(\xe1\xd75\x86\x98\xe9\x0a\xcd`]\xc0c\xdej\
\x19x\x1c\xb4\xb2\xe4\xefA\xd5x\xd3\x86)j\xde$\
E\xcd\x1a\xa7\xa9E\xb3\x94\xf8\x7f7\x84\xf5Q5}\
\xd3\x15Q! \xf3\xeckAW\xce\xcc\x85\x11NY\
\xb756\x14*\x81X\xcfU\x17Di\xd3\x960-\
_\xe9\xbe\xf7\xc5\xeb\xb0\x01v\x18\x98/\xab\xfa!\x04\
\xc8\x1a\xc6$\x00\x00 \x00IDAT\xc8\xf9\xfe\xd3\
\xf2|\xddh|Q\x806\xea\xf4\x18\xf5\xed\xe9|u\
\x90\x0d\x9b\x0dZ\xb8\xc4'D\xf2\x97\xfc\x02\x83\xeb\x8e\
\xf1|\xc5\x06\xda\xf7?5\x01\xc1`\xb1jX\x87\xd6\
Ij\xf7\xdb\x5c\xe0\x1a\xb9\xce\xdd\xfc\x14\xb6K\xd1}\
\xb7ED~\xf8\x9d\xf1\x01\xd7U\x01\x7f\xf1\xb5_\xf4\
C\xab\xf6\x84\x11\xdd\xc0\x06\xe5\xe6\x7fp\x8f\xb0\xd3`\
\x03\xec \x10\x12\xbc~tT\xf9P\xf7x\x82D\xff\
\xa1\xdb\xc2\xce\xf0\xbe \xa2q\xe6\xd0\x98(\xc0q\x22\
\xdbw\x1aB\xcfx\xee\x22S\x0c\x1b\xd8\xbc\xd5;\x0b\
\x1c\x0c\xd8\x22k\xc3\xb6h\xbfM\x1b\xfa\xd11\x0b\x19\
3\x91\x0b;$\x1d'\xe5\x89p\xfb\xb0!qQ\x0d\
\x8f\xf1\x99n\x0bK\xc3\x13\x0e\x85\xd2t\xee\xa9j#\
`\xd8\xc4\xdet9z\x84\xc3\x22*\xc38\x036\xc0\
\x0e\x01\x8537]\x19U\xeea \xfc\x88v\x04\x0c\
Lw\x13m[\xa6\xe8\xe2\x911j\xe9\xb0\xc9D(\
\x8eZjy\xb63\xe7\xf8h\x96ud\x9b\x08>\xc2\
\xe88\xc6O\xf4\x8b||\x876I\xea\xd61E\x87\
tMd\xa4Z\xbf\xb2`3\x0b\xaf\x0f\x06\x18\x95\xc0\
n\xda\x18\xa1h\x0az\xd9g\x0dUk)[\xb7H\
\xd1e\xe7F\xe9?\xcf9l\xd7\x94\xc5\xb0\x01v\x08\
\x97\x9d\x1b\xa3\xe6\x8d\xd5\x1a\x1b\x18\x0b<l0\x14n\
\x01\xde\xff\xe9'\xc5\x85\x8a\x95\xe9\x905\x13\xef\xe3\xfc\
%&M\x9b\xe9\x17S|\xb6r\x18O \xe6\xfd.\
\xf2\x89\xe3\xd5w\x02\xd4\x04s\x94{$E\xaa\x00\x9e\
\xb2\x13\xe8\xd9\xc5\xf2\xd4\xdb\x17\xd1\x8bo\x06i\xe2\xb7\
\xeeY\xee\xde\x1d\x1f\xa0\x9c*PsS+\xd6\xd1\xbf\
w\x92\x96\xad\x8c\xd3\xc7\x1eR\xbds3\xee\xb9#=\
\x0c\xaa81\x87V5\xd8\xf9O\x9d\xe1\x1e\xe3\x8b\x02\
\xa0\xab.T\xbf\x11\xa9,(\x9c\x9a4\xd5G\xdf\xcd\
\xf0s\xee\xac\x1c\xa0\xf8\xe9\xedq8\x02\xc2\x00\xf7\xb3\
\xee\xe9#\xfa$D\xd5\xb5\x9d }1zT\x8c\x0e\
\xe9\x96\xa4\xa7^\x0e\x8a\xb4\x81\x1b@ew\x8d\xdc\xe2\
\xa2L\x95\xa02\x1a\x05YnKIy\x116\xc06\
S\xd0.I\xe7(\xce\xf7\x807?\x0c\xd0\x84I\xee\
\xb8\xbc\xc8\xf5\xa2\xea\x1b\xaa@v\xcbG\xa2:\xf9\xeb\
\xef}\xf4\x95\xe5-\xad\x5c\x9d]\xe1e\x95 L=\
\xe6}\x93\xde\xfc @\x1d;$\xe9H\xcb\x88\xc0;\
\x0e\xd8xK\xf6\xec\x9c\xa4\xf6wD\xe8\xe9\xd7\x824\
m\xa6;\x8c\xcf\x13\xd6\x86\x01\xbd\xdc\xf0\xe4U\x81\xd4\
\x01\x86B\xdcxw\xb8\xb82\x9e\xb1\x0dw\xac\xd0\x1e\
\x05\x13L\xae\xb9$\xa6\xbc\xd5\x03\x85\x1c\xf0B\xdc@\
\x83z)\xfa\xd3\x051j\xdb\xca^\xafw\xc1\x12\x93\
>\xff\xc6/\xc2\xccq.RQ\x06\xc2\xf7\xa8?\xc0\
\xf1\xfc\x98\xb4\x18B\x00\x01\x0d\xbb\xf2\xc5\x18\xdd\x87\x89\
b\xd8d!B\xb4\xd7\xe1\xda\xd2\xa8\xa0\x7f\xe8\xe9\x10\
\xddvmDT\xa1\xab\x02\xb5&\xd7^\x829\xc2a\
\x91J`\xec\x81\x0d\xb0M\xc0\xe8^}QT\x18a\
\x95\xcc\xfc\xd9\xe7\x1a\xf99xD\x97\x8f\x8a\xdaV\xe1\
\x0c-\xec)\xd3\xfd\xa2\xa0(\xdb\x8a\xa9\xec\x00\xaa^\
\xc8=\xe2\xe8Z\x98\xa4\xe3\x8fN\x88\x8fvpxo\
\xcb\x1bn\x1d\xa1\x07\x9e\x0c9\xfe\xda\xa3j\x19]\x0c\
\xf7\xdc\x1c\x11\xc2)\xaa\x80A?khL\x84\xba\x19\
{`\x03l\x13\x08\xb7v\xec\xa0\xd6\xebC^\xe7\xe1\
g\x82\x8e\xef;E\x98\xf9\x9c\xd3b4\xe4(\xf5\xd3\
`\xca\x03z\xa2\x11%\xf8\xe8\xf3\x00\xe7vmb\xf6\
<\x9f8\x90\xf7G\xdb\xd0\xa1\xd6f\xcc\xd0|)\xea\
\xe7\xa5\x85QC\x81\xd6>5*\xa7\x82\xd4\x08\x14\xec\
\xee\xb99\xaaT\x01\x0eE^\xc8\x05c\xe3\xce\xe8\xc7\
\xd9w\x9dGA\x0f\xe5\xf0!j\xe3\x9ch\xb3\xf8\xe7\
\xa3!\x8aD\x9dmP\xd0\x1er\xed\xa5Qj\xd3B\
\xff.ao\x11\xd1\xa7_\x05\xc4h;\xb7O\xd3\xf1\
\x0a\xc8\xb3#\xc4:\xa6~J\x8c\x1dD\xd1\x96O\xa3\
-@N\x1a\xc2\x17\xf9m\x93\xf4\xd4+AG??\
\xeb7\x9at\xefc!\xba\xe3\xfa\x88\xd2\x5c\xfa\x95\xe7\
\xc7\xe8\xfa\xbb\xc2\xb4\x85\xf3\xc1\xdaa\x03\xac\x19\xe4\xa0\
\xae\xba \xa6t\xb7\x0f\x8f\xee\xdf\xff\x0d9\xbe\xba\xb3\
G\xe7\xa4x\xd831\xd7\xb8,\x10\xfa\xc4`\xf7O\
\xbf\xf2[F\xd8\xd9\xefQ\xb6\xb2n\x83IO\xbc\x14\
\xa4\xb1\xe3\x024tP\x9c\x06\xf6\xd7;\xcf\x19]\x08\
-\x9b\x15\x87\xa4Q@\xe6T\x16/7\xe9\xc9\x97\x83\
b\x0dQ\x05\x9e\xc7?]\x18\xa5;\x1f\x0c;>z\
\xe65\xd8\x00k\xe6\xf2Q1!\x22\xaf\x92G\x9fw\
~\x1e\x0ba\xc63O\x8ek\x0d3\x22\xc7\x8b\xfc.\
z*\xdd>\xc8=[\xd8\xbc\xc5\xa0g_\x0f\x8a\xf4\
\xc0\xd9\xa7\xe8\x95\x1f\x85\xa6\xf4?\xfe\x12\xa1G\x9e\x0d\
9ZA\xeb\xebi~j\xda(\xadT/\xbe\xa0]\
\x8aN9.N\xef|\xec\x8e\xe2M\xaf\xc0\x06X#\
\x83\x06$\x94\xb6\x13\x00\xb4\x1b9y\xd2\x09\x845F\
\x9f\x1b\xa3\xc3\xfb\xe8\xcb\xf7\xa2\xf2\xf6\xdb\x1f|\xf4\xfa\
{A\xda\xb4\x85\x0d\xaf\x1b\xd9\xb0\xc9\x10\xa1\xe9q\x9f\
\xa7h\xe4\xa91*\xc8\xc0X\xce\x92\xc0\xe8F\xcc\xe0\
~\xed\xdd\x00}0\xc1\xb9\xc6\xe8\xf5\xf7\x02\xd4\xa4Q\
J\xb4V\xa9\x02s\xb5\x7f^\xe0\xa3%\xcb\x9d\xbd\x99\
\xf7\x12l\x805\xd1\xa8A\x8a\xce=M\xad\xc8\xfa\xf4\
\xd9>G\xb7\x1bU\xcfM\x8b\xc5Le\xfb\xc4\xc1\x98\
\xbf\xd8\xa4\x97\xc6\x06y\xf2\x8bG\xc0@\x8b\xdb\xef\x0b\
\x8b\x8d+\x9e\x1f\x95U\xc0\xa5\x81(\xcd\xc8\xe1qj\
\xdc0MO\xbf\x12\x14r\xaeNC\xa8\xdc=\x1b\xa4\
\x7f\xdd\x12Q\xd6\xd2%:3.\x8c\x8a|\xb0\x93s\
\xe1^\x82\x0d\xb0\x06pc\xa3\xd75\xa8\xd0V\xae\xdd\
`\xd0c\xcf;\xb7}\xa0Y\xe3\x14\xdd|U\x94\xea\
jRA\xda\xb1\xcb\xa0W\xde\x0e\xd0\xe4\xa9|K{\
\x11\x84\x84g\xcf\xab\x22\xc2\xaeHg\xe8\x10\xf4\x80x\
H\xfd\xba)\xa1\xa5\xaes|dy)\x8a\x18t\xdf\
\x7fC\xf4\x8f\xbfF\x94\x0d\xc5\xa8_7mmt\xe2\
\xf4\xf4\xab\xce][\xbc\x04\xafV\x1a\xc0\x82\xd1Za\
\xd5/\xe6\xfa\xa2\xe8\x0a\x0f\xa0\x13\xe9R\x98\xa4\xeb.\
\x8bj\x99\x94\x03O\x00-$o\xbc\xcfy^\xaf\x83\
\x9c>\x22>\xdf|\xef\x17s\xa1\xbbu\xcc\xbck\x8a\
\xd0\xf7?-\x03w\xf7\xc3!Q\x85\xec4 \xff\xf9\
\xf8\x0b!\xba\xdez\xdeTq\xcc\xe1\x09\xa1y\x8e6\
1&\xb3\xb0\x01\xce0\xad\x9a\xa7\xe8\xd4\xe3\xd5\xb6\x1c\
\xa1\x0ar\x8dC\x87\x8e\xf7=$!*4uT\xb0\
\xa2\xf0\xec)k\xa7\xbel\x853\xdf\x0b&3 ?\
\x8c\x9e\xd8C{&\xe9\xfc3\xd4\x175\x1e\x08\xfa\x85\
\xef\xbe1J\xf7\xfc\xc7\x99\xc5\x8e\xa8\x01A\x95\xff\x89\
\xc7\xa8\xab\xb3\xb8\xfc\xbc\x18]{GXt\x100\x99\
\x83\x0dp\x06\x81\x11\xba\xc2\xba\x91U\xf65B\xdf\xf9\
\xbb\x1f\x9cy\xd9 1x\xd1\xd9j[\xacJ\x02\xd2\
y\xa8l\xc6\xd0u\x96\xd1\xcb^0h\xe4\xe7\xf9a\
\xba\xc0\xf2\x86\xa1l\x95IjTO\xd3\x1d\xd7E\x84\
\x22\xd5\xfc\xc5\xce\xf3\x0c_{7(j-\xda)\x92\
t\xc5\xa6\xe6\xbc\xd3\xe3\xf4\xd8\x0b\x1c\x8a\xce$\xce\x5c\
\xc9=\xc2\xd0\xe3\xe2\x22\x17\xaa\x8ae+Mz\xf1-\
g>\x10\xa7\x9e\x10\xa73N\xca\xbc\x882z4\x1f\
}>\xe8HO\x84\xd1\x0f\xd2\x0e\x8f>\x17\xa2\x1ff\
'\xe9\x92\x111\xd1g\x9f)r\xaa\x10\xddruT\
Tg;\xadM\x09\x1b\xd1\x07\x9f\x0a\xd1}\xb7E(\
WQ\x9f=t\xbb\xa7L\xe7Pt&a\x03\x9c!\
0\x8eM\xa5\xdaUQ\xa4X\x94=a\x8fzc\xa9\
\xc0\xdb=\xef\x8c\xcc\xcbJ\x22\xd7\x8b0\xdb\x98\x0f\x82\
<,\x81\xf9\x03\x98n\xb4pI\x98.=7\xa6\xb4\
5\xe7@PHy\xc3\xe8\xa8\x10\x0d\x99\xe4\xb0\x82?\
(Y=ny\xac7_\xa9.\x1f|\xc99\xc5\xa1\
\xe8\x88C\xebM\xdc\x8e\xb3\xee \x8f\x80\xaag\xf4\xbe\
\xfa\x15\xbe\xbb\xcf\xbc\x1e\x14\xb9/\xa7q\xa9\xf5\x80\x0e\
<,\xb3\xc6w\xdb\x0e\x83\x1ey6(\x06\xbf3L\
i@\x09\x0eR\x8dG\x1f\x9e\xa0\x0b\xce\x8ce\xacR\
\x1a\xcf\xf7\x15\xe7\xc7(\x18$\xc7iHC\xd3\xf9\x93\
\x89~:N\xd1\x86\x18]\x0c#N\x89\xbbf\xc0\x8b\
\xdbp\xd6\xdd\xe3\x11\x90\x0bU9^\x0f\xa3\xd3\xbe\x99\
\xe6\xbcKu\xc9\xc8\xcc\x1b\xdf\xb9\x0bMz\xf8\xd9\x10\
\xedp\xb8\xcc&\xe3\x1c\xbe\xf8\xdaOK\x7f1\x85\xe6\
x&\xfb\x86\xa1!\x8d\x1e\xe1\x89S\x9c\xf5l\xbe\xf2\
N\x90\x0a\xda\xa7\xa8\xb9\xa2\xf4\x17\x04\x84\xbe\xfe\xde\xcf\
\x02\x1d\x19\xc0Yw\x8e\x07\xa8Y#-F|\xa9b\
\xc3f\x83\x9e}\xcdy\xbb\xcf\x0b\xcf\x8e\x89v\x85L\
\x81\x903\x0a\xad\xde\xfa(\xc0\xfa\xb4L\x85Y\xb1\xca\
\xa4\x9b\xef\x09\xd3\xe8Q1\xea\xd3=s!\xe9\xcb\xce\
\x89\x89\xfbs\xd2w\xceYJ\x91\xa2y\xe4\x99b\x91\
\x0e\x15\xda\x03H3!\xbf~\xd3=\xac\x15\xad\x1a\xe7\
\xdc5\x1e\xe1\xbc\xd3c\xa2XC\x05)\xcb\x08=\xf6\
\xbc\xf3\xfa}GY\x7f\xe3\xe0\x01\x993\xbe\x10=\xf8\
\xcfsA.\xfe`\xa4\xc0\xe0\x0d\x0cW8\xfe\xe8\xb8\
P\xb6\xcaDk\x1c\x8c\x13\x8c|\xd22LN\x8aR\
\xa1X\x11r\x95\xa8dVA\x8b\xa6)\x1arT\x9c\
\xc6}\xe1\x5c\xe5=7\xe2\x9c;\xc6\x03t.HR\
\xbfC\xd4\xed\xb6\xc7}\xee\xa7\x85K\x9d\x15\xf6\x199\
<F'\x1c\x9d9\xe3\x8b\x85\xe3_\x8f\x85h\xe3f\
gm:\x18\xf7\xf2\xb1e4 Mz\xc3\xe8\xccT\
I\x9b\xd6\xadz\xe5y1Q\x89\xec\xa4\x16\xc1\xf1_\
\x06\xe8\x90\xaeI*l\xa7\xc6m=\xfd\xe48}7\
\xd3O[yl\xa12\x9cs\xb7\xb8\x1c\xec\xae\xa1\xce\
\xa3\x0a\x18\x22T\xfc:\x09\xb4\x1aa\x80w\xa6\x985\
\xc7G\x0f=\x13\xe4\x8aKF9\x18:\x7f\xf3?\xc2\
\xf4\x97\xab\xa2\xd4\xa4\xa1\xfa8j\xb1\x8erL\xdc\xbb\
\xb8\x8f\x9d\x00\xd28P\xc9z\xe0\x8e\x22%\xaatx\
\x8dsO\x8d\xd1\xc3\xcfh\x90\xb8\xcb\x12\xd8\x00+b\
\xc8\xc0\xb82Qt\xe4Y\xd0\x00\xef\xa4v\x1b\x14[\
e\xb2\xcf\x17-F\xaf\xbe\x13\xe4\x1c\x13\x931\x10U\
\xb9\xe5_!\xba\xe6\x92\x18u-T\x9f\x17\x86\x11F\
\xe1\xd7\x9d\x0f\x84\xc5\x10\x09'\x80i`/\x8f\x0d\xd2\
\xa5#\xd58\x07\x88\xf0M\x98\x94\x14\x1b\x1aF\x1e6\
\xc0\x0a\xa8Y=-\xbcCU`\x16\xaa\x93\xa6\xf9\xf4\
\xe8\x9c\x14\x15\xcf\x99\x00U\xa4(2\xfb\xd2a\x95\xa4\
\x8c7A^\xf8\x9f\x8f\x86h\xd4i1k\xd3\xac>\
\x9a\x13\x0a\x92\xf0\xb2o\xb97D\xeb68\xe3\x19F\
Ux\xbfC\x12\xd4\xb1\xbd\x9a\xdd\xed\x85g\xc5\xe9\xc6\
\xbb}\xbcYV\x00\xafz\x0a\x181<NU\xc2j\
^k\xddF\x83\xde\xfa\xd09\x85\x0eh\xa7\xba\xe6\x92\
\xa8\xd8\xdd\xab&j\xd9\xf4\xfb\x9e\x08\xd1O\x5cl\xf5\
\xffT\xab\x9a\x16\x13i \x05X\xbdZZ\xe4,1\
\xd6\xb1z.Q8\x98\xa6\x80uk\xe0\xf0\xfb\xd3\xc5\
}\xaei\xa2X\x02\x95\xaf\x86\x10i\xc1\xb1{\xafA\
;w\x19\xb4kOqA\xdbN\xeb@\xden\xbdu\
oEc\x1c\xde\x87\xe1x\xe1\xcd m\xd9n\xd09\
\xc3\xd5Gup\xcd\xfev5\x8cp\x98\xb6\xefp\xc6\
\xfb\xfd\xd4+A\xba\xff\xb6\x88\xd8 \xc8\xd2\xbcI\x8a\
\x8e\xee\x9fp\x5c\x0f\xb4\x1b\xe1wP\x12\x0c[8B\
\xe1\xb0y\x0cZ\x889$\xf4\xdc\xa8~\x8a\xfere\
T\xc9C{ \x10y\x87'\xb28K{\x0bk\xd7\
JS\xcb\xa6)Q]\x8a\x9cd\x83zij`\x19\
\xdej\x8ad\x04K\x03\xa2&\xd8\xe4m\xd8d\xd2\xea\
\xb5\x06-\xff\xd5\x14\xb2\x9e\xd98I\xea\xc3\x09\x01\xda\
mmN\xa0\x9ee*\xfe\xf3\xeb\xe5\xa5\xe9\xaf\x7f\x8a\
\xd2\xed\xf79\xa3\x8b\x01\x93\x9c\xde\xb46\xf6\xe7\x9e\xaa\
fq9\xf3\xe4\xb8\x90\xa9DD\x81\xa9<l\x80%\
\xc1\x90pU\xc3\x07\xd0\xd0\xef\x14\xa1wx]\xd0\xbd\
\xcdD\xd5(\x8c\x00\xc6\xbb\xfd\xba&;\x8c/z1\
\xdb\xb6*\xaeFm\xdf&%\x0co&5\x8b\xcb\x02\
\x9e5\x0e\x8c\xd9\xdb\x1f\xe4\x0a\x7fYe\xd2\xa2\xa5\xa6\
P\x1c\xc3\xe7\xd9\x10b\x9c\xf8\xad_D\x0c\xfe|q\
T\xb9r\x16\xae\xf3u\x97\xc5\xc4\xe4&'\xbc\x97\xa8\
\x06\xc7\xd0\x0al\xfad\xc1\xfd{\xcaq\x09z\xed]\
\xe7D\xeb\xdc\x08\x1b`\x09\x90\x1bUU\xe2\x8f0\xe1\
+\xef8\xe3f\xc6\xf4\xa6\xeb.\x8d\x8a]\xbcj \
\xa7y\xd7CaO\xb7\x19aC\x86\xf9\xcf\xb8?:\
\xb6OR\x9b\x96)-\xe3\x19e\xa8['m\x1dI\
\xea\xd5\x15\xc5Iq\xcb\xb3!Z\xb8\xcc'\x94\xc8~\
\x98\xeds\xe4,\x5cU`\xf6-\x8c\xe4\x8dW\xa8\x9f\
a\xdd\xa5 )Z\xf7P\x08e7\xd8\x04`|\xe7\
?n\x8e(q\x1a\xd0_=a\xb2\x9f6o\xf1\xee\
\xb3\x9ci\xd8\x00W\x12\xe4D\xcf9U]a\xd2+\
c\x03\x8e\x99\xbd\x89\xe1\x0a\x05\x8a6\x16\xfb\xb3n\x83\
A\xb7?\x10\xa6m\xdb\x9d\xf1w\xaa\x04y\xd9\xce\xf9\
I\xea\xd9%)\x0co\xa6g\xd4f\x1a\x88\xc9t\xef\
\x98\x14\x07\xc2\x96k\xd6\x1b4\xe3'\xbf\x98\x02\xb4h\
\x99)Z\x5c\xbc\xc4\xdc\x85>\xfa\xbb\xb51\xbc\xf5\xcf\
\x11e\xf5\x1c\xfb\xc0\x9c\xde\x95\xabM\x9a\xec\x80\xe1\x0d\
\x90\xe8D\xeev\x90\x02!\x1dD\x0c\xce\x1e\x1a\xa3\xff\
<\xc7mI\x95\xc5\xfe;\xc2\xa5\x1c\xd5/A\x8d\x1b\
\xa8Y\x85\xe6/6\x1d3Y\x05\xedF\x99P\xb9\x82\
\xe7{\xc7\x83\xde2\xbe\xf0\x22\x0a-\x0f\xb7\x7f\xef$\
\xf5\xe9\x9eP\xa6\x80\xe6Dp\xaf7n\x80>\xf0\xb8\
\x98\xba3e\xba\x9f\xbe\x9e\xe6\xf3T\x1a\x01Z\xc7\xf7\
\xfc'L\x7f\xbb:Ba\xc56\x05CKV\xaf3\
i\xd9\x0a\xfb\xdf/(dA\x9e\x133\x8ee9\xac\
W\x92>\xfc,%\xa4?\x99\x8a\xe3\x8cU\xdfe\xc0\
\xdbQ\xd5v\x04\xb9\xc9\xe7\xc7\xd8\x1f\x9e\x02\x18\xe8}\
\xd1\x08\xf5\xedF\x087\xdf~\x7f\xd83\x0a:\x08\xcd\
c\xe2\xce\xe1\xbd\x13T\xa7\x96\xc7\x5c\xc1r\x80\xbf\x19\
\x86\x18\xc7J\xcb\x00O\xfa\xd6G_}\xe7\xf7D!\
\x17r\xe0\x08G\xa3\xfeAe\xf1!\xbc\xc5\x1b/\x8f\
\xd2Mw\x87\xc5\xd4&;A\xe1\x14\x8c0$4e\
\xc1&\xf4\xac\xa1qQP\xc9T\x1c6\xc0\x95\xe0\xd8\
#\xe2\xca\x16\xde\xcf'\xfbEx\xcanj\xd7L\xd3\
\xf5\xa3\xa3\xcas\x95\x9b\xb6\x16\x87\x9d\xb7x\xc0\xf8\x22\
\x9f7\xf8\xc8\x04u\xef\x9cT^5\xebV0qg\
\xd4\xe9):\xd3Z\x84\xbf\xf9\xdeO\x9f~\xe5\x8c\xfb\
Y\x06\x88L\xc0\xa0\xa0\x9fW\xa5\x11\xde\xf7\x8c\xdda\
mF\x13\x99\x9b\x0fQ.\xb0a\xc2\xd46\xd4*\xc8\
\xd2\xbdSRl\xde\x91\x9a`*\x06\x1b\xe0\x0a\x12\x0e\
\xa7i\xd8\x105!Z\xe4|\xc7|`\x7f\xe1\x95\x90\
\xd1\xbb8*\x04ET\xb2u\xbb!\x16\x1b7\x17i\
`\xa63\xd2\x0d'\x1c\x1d\xa7\x86\x8a\x94\xce\xbc\x08\x0c\
\x15zCq`!~\xff\xd3\x80\xc8\x17\xbb\x15T\x82\
\xdf\xfbx\x88\xfej\x19a\x95s\xbda\xa8F\x0c\x8f\
\xd1Ko\xd9\x1b\xf5J\xff\x16y\xbb\xe7\xe6\x88\x92\xd7\
;\xeb\x94\x98x\xd6\x99\x8a\xc1\x06\xb8\x82\x1cgy@\
\xd5\x15\xb5\x90`\xd4\x9e\x13\x0a\xaf\x10N?\xb0-E\
\x16T\xd1\x22\x94\xe7\xd6j\xe7P0M\xc7X\x1e\xc2\
I\xc7&\x5c_P\xa5\x1b\x18\x99\x9b\xae\x88\x0aO\xf8\
\x9d\xf1\x01\x9a6\xd3\xe7\xca\xa2\xad9\x0b|\xf4\xe8\x0b\
A\xfa\xf3E\xeaZ\x0d\x01\x86\x99\xe0\xb5\xed\xd6\x8cF\
\x0f>f\x8d\xa35I\x16t\x83t\xea\x90\xa49\x0b\
\xdd\xbb\xe9\xb2\x036\xc0\x15 \x1cJ\x8b\x8aF\x15\xa0\
\x22\xd8\x09J2(\x22\x1a~\xbcZ\xe5\x0f\xa81\xfd\
\xfb\xbf!W\x86\x22\x91\xdf?\xee\xa8\xe2\xa1\x13\xaa6\
Z\xd9\x0a\x14\x93\xae\xbd$**\xa8\xc7\x8e\x0b\xd0\xb7\
\xd3\xed\xbf\xdf+\x0a\xa6\x1b\xd5\xb66`\xa3\x14\x8d\xf5\
\xdb\xc7\x95\xe7\xc7\xe8\xfa\xbf\xdb_\x17\xf1\xc6{A:\
\xb4G\x91\x92\x1e\xe8\xd3N\x8c\xb3\x01\xae \xee{\x22\
l\x04\xf9?U\x02\x0a\xaf\xbe\x1b\x14\xe3\xcb\xec\x04b\
\x1bW_\xa4V\x05\x08\x9e\x0e\xbc\x06\x84\xf0\xdc\x04<\
\x9c\xc3\xfb$\x84\xc2O^m6\xbc*A\x055\xbc\
Hl^_y;\xe0\xba{\x033p\xa1\x5c\xa6j\
\xf3\x0d\xb0\x8e\x5c}Q\xf1\xe0\x06;E:6o5\
\xc4\xdfw\xca`\xf9\x0dF~\xdb\x94\xd8\xd0\xbb\xed\xfa\
\xda\x09\x1b\xe0r\x82\x90\xe4\x89\xc7\xaay\x00\x17,1\
E\xf3\xbf\xdd\x5ca\xed\xc2U\x87W_|+\xe8\xa8\
\x99\xa8\xe5\x01\xa1\xb3sO\x8b+Q\x08bJ\xa7u\
\xf3\x14\xddq]T\xe4\x86_}7@k\xd6\xb9'\
B\x02!\x0d<+h\xbbQ\x05\xd2>\xa7\x1e\x1f\x17\
\xa9(;y\xff\x13\xbfh?T\x11\xf1\x81\x17\xcc\x06\
\xb8\xfc\xb8k\xa5\xb4\x91c\x07\xa8\x0bI\xbe\xf6\xae\xfd\
mGP\xb1\x81\xc8\x82JP\x01;\xfeK\xf7\xdcR\
\xa8J\x1duz\x8c\xfa\xf6\xb49\x14\x91e@\xac\xa4\
\xabu\xefA\x8b\x199\xe2Xf\x06m)\x07\xb3u\
\xf3jG\xa8C\x1bu\x1b\xb5\xe1' lk\xda:\
\xde\x0fmI\xef\x8e\xf7\xd3y\x0a\xc2\xec\xc8\x05\xe7\xb7\
\xe5q\x85\xe5\xc5=\xab\xa5\x8d\xa05\x07\x85\x13*\x98\
\xf9\xb3\xcf\xf6r\xfd\x86\xf5St\xf6)jsZs\
\x17\x99b\xc2\x8c\x1b@\xd57\xf2\xbcg\x9c\x1cW.\
=\xc8\x94\x0f<S\xc3\x86\xc4\xa9\x7f\xef\x84\xa8\xc6u\
C\xc54Z\x87\xee\x7f2D\xf7\xde\x12Q\xd6\x86\x88\
\xf4\xcf\x15\xe7\xc5\xe8\xba;\xc3\xb6N\xaa\xfalr@\
\x84\xd8U\xfc]C\x07'\xd8\x00\x97\x136\xc0\xe5\xe0\
\xf0C\x13\xc2[\x92\x05\xf9Q\xbb\xdb\x8e`|\xf0\xc0\
\x07\x15\x9e\x06\x84\xfc\x1f|\xca\x19\x82\xf3\x07\xa3i\xa3\
\x14]uA\x8cZ6s\xc1\xc9f\x01\xd0\xa0F\xc5\
\xf4\xf7?\xfa\xe8\xe9W\x83b\x8c\xa2\x93\xd9\xb1\xd3\x10\
\x05\x86\x7f\xbf1\xa2\xec\x19\xc2\xf8\xc9\xb3\x87\xc5\xe9\x05\
\x1b\x05y\xe2\xd6~\xfc\xedq\x01\xa1\xd8%\x0b\xfa\x82\
\x9b5NyJ%-S\xb0\x01>\x08(\xce\x81\xe2\
\x8f\x0a\xa6\xce\xf4\xd9.\xd9\x86\xd03\xdaDT\x81\x99\
\xbe\xe8\x97\xc4\xdcY'\x83\x8d\xc7I\xd6u<\xe3\xc4\
\xb8\xd2\xbeN\xdd\xc4\x13$\xc6U&\x12\xc5\xf3\x7fA\
\xf0\xb7\xf9\xc0\xf8\xbbTO\xf4\xd1E\xefnI\xea\xd0\
&\x22\x8c\xb0\x13\xea#\xcab\xf9JS\x8c\x0d\xfd\xd3\
\x85\xeab\xe7hoD\xbb\x96\x9d\x9e#&C\xe1\x19\
iXO\xde\xd9@\x17\xc1\xa3\xcf\xbb#\x22f'.\
}\x5c\xf5\xd1\xcbZ\x18\x1a)\x10`\x80\xf7;\xd6\xe6\
b\x0b\xcc\xf7E\x95\xafJ\x90\x17sz\xbbQ\x83z\
)\xd1\xf6\xa1r\xe3\x91\x09\xa0\x16\x86\xf6\xb4\x0d\x9bM\
\xd1?\x0d\xfdl\xc8\x16\xc2\xeb\xc2\xb4,\xf4\x8c\x1f,\
\xca\x80\xd0nnn\x9aj\xfcv\xa0p\xa8\x9e\xe5a\
\xd5\xaf\x9b\xa2\xfayiQ\x91\x9c\xe9\x99\xc3\x95\x05\xe7\
{\xc3\xe8\xa8\x18Z\xf0\xfc\x9b\x01\xda\xeb`iK\xa8\
~\xa1h\xef$E\x85\x99\x86\x03B\xd1\xb8\xb7\xde\xf9\
8 \x9e\x15Y\xfa\x1d\x92\xa07\xde\x0f\x88*k\xa6\
t\xd8\x00\x1f\x04( \xa9\x00\xde\xefj\x1b\xab>\xe1\
\x01^\xae8\xf4\xfc\xf1\x97~\xf1w9\x99C{&\
i\xf4(\xf5c\xe6d\x81A\xc5\x10\x8ee\x967\xf5\
\x8bu,\xff\xd5T\x12E@\x9e\x12\x03/\xca\x1az\
\x81\xb0/\x8c\x07\xe6\xd5\xb6m\x95\xb2<\xcf\xa4\xf2\xe1\
\x032\x1cqh\x82:\xb4M\x8a\xb4\x06\xbcM\xa7\x82\
bJ\x8c\x9aT%b\x83P\xf4\x88aq[\xb5\xe1\
\xb1\xb1\x800O\x83\xbar\x9b4\x8c4E\x9d\xc5+\
o\xb3\x17\x5c\x16l\x80\xcb\xa0U\xf3\x94\x92\x8aGx\
\xbf\xc8\xaf\xd8\x09\x1e\x06\x95\x1e \x16\xc6W\xdfq\xee\
\xc3\x05O\xf0\x9c\xd3b4\xe4(\xf5\x93\x9d*\x03B\
\xf5?/\xf0\xd1O\xf3|\xc2\xf0\xaeZk\x9faA\
\xce~\xd3\x16\x9f\x98\xf3\x0b\xb0X\xe2^/lW\x5c\
\x9d\x9co\xdd\xf3\xa6\xcdv\x0f\xde\xfa=7ED[\
\xdb\x84I\xce\x5c\xa6\xe01>\xf2l\x88\xee\xbf-B\
\xb9\x8a\xa2\x0a\xd0\x1a\xf8v\x86_\x0c\x85\xb0\x03\xfcM\
\xef\x8e\x0f\xd0\xe5\x0a\x065\x0c\xec\x9f\x10Q\xbfH\x94\
\xbd\xe0\xd2p\xe6\x9d\xed\x10\x8eW\xe4\xfd~?\xcbg\
\xeb\x82\x0b\x8d\xe73NR\x17z.\x8a\x10=\xf8t\
\xe8\xffs\x90N#\xcf\xf2\xf0\xae\xbf4\xaaDh^\
\x86\x1d\xbb\x0cq\xedg\xfc\xec\x13\xf3f\xe3j\xa3\xff\
\xca\x80 \x0cF\xf1\xe1\x80\x86s\xd5\x9c4u\xb3\x0c\
\xf1!]\x8bg\x1b\xab\x1cHP\x11\x90\xd3\xbe\xe8\xec\
\x98\xf0\xd0\x9fz%\xe8\xc8\x85\x1cJV\x8f\xbf\x10\xa4\
\x9b\xaf\x8c*y=\x84\xa2/\xb6\xfe\xe6\x1b\xef\xb6O\
\xa0\x03)\x00\xa8\xe3a\x13$C\xd5*D\x03\xfa&\
E{\x22S2\xfc\xce\x94B\xcd\x1aie\xfd\xa1X\
\xd4\xec\x04\x9e\xa0\xca!\xe3O\xbd\x1a\x14\xf9I'\xd2\
\xde\xf2\xde\x90GD>\xd1\x0eP \x05\xcfr\xf24\
\xbf\xf0v\xddP\x19~ \x18+\x88y\xbf80|\
\x04\x05R\x87\xf7I\x0a\xc1\x12\x95\x9a\xc8\xe5\x05\xe2\x17\
M\x1aF\xe9_\x8f\x85\x1c9U\x0b\xad\x85H\xc7\x1c\
?P\xcd\x8e\x14\x12\x9e\x83\x06$\xe8\x93\x89\xf6,\xcf\
\xb8g?\xfa, 6?\xb2\x0c\x19\x18\x17\x11\x0c7\
j\x81\xeb\x80\x0dp)\x1csxB\xc9h>4\xd9\
/\xb31\x8fU\xd0.\xa9Dl}\x1f_N\xf1;\
V\xd3\x17R\x92\xa3\xcf\x8d\xd9R\xe5\xbc\xde\xda\x90`\
\xa1A%\xa9\x93\x8b\x87*J$b\x08\x8f\x08\x07$\
:\xf1\x5c`\x16\xb2n\x9dl\xe4\xac\xffuKD\xb4\
\x00\xc1Sw\x1aH\xc7 t\x8fP\xbe\x0a\xce89\
F\xdf\xcd\xf0\x89\x02<;\xf8\xca\xba\x8f\xa1j%\xbb\
\x91EEu\xd7\xc2$\xfd8\xd7\xd9\xb5\x22v\xe1\xcc\
\x95\xd4f\x90\xff\xc2X5\x15|`\xa3\xf7\x8b\xbf\xe3\
\xc2\xb3\xd4\xc5=\xe1\xf5\xbe0\xc6\xfe\xf1\x89\x07\x02\xaf\
\x0c\xd5\xdd\x10v\xd0\x0d\xf2\xba\xe3\xbe\xf0\xd3\xec\xb9\xee\
\x9c\xf8S\x11P\xd1\x8a\xca\xd6\xb7?\x0eP\xbf\x9e\x09\
:iPB\xf4U\xeb\x02\xa9\x94;\xaf\x8f\xd0\xe3/\
\x06\x1d\xb7\x09D:\xe6\x91\xe7\x82\x22\x1f\xac\xa2\x15\x0c\
\xe1\xdb\x91\xc3\xe3\x22\xbcm\x07\x88\xe4\xc0\x03W\xd15\
\x81\xb9\xc3l\x80K\xc6Yw\xb1C@\xeeK\x85\xf0\
\x06z~\x7f\x9ao\xdf\x8d\x87\xc2+4\xc4\xab\x00\xc6\
\xe5\xbf/\x05mU\xeb)\x09\x14\x10]~^T\xa9\
\x97_\x1e\xa6\xcf\xf6\xd1{\x9f\x04h\xe9/\xce\xf3\xc6\
2\x0dr\xd9\x93,\x8f\x18\x07d%\x91/l\xa3)\
\xdf\x0e\xe3\x86\xc1\x0eh\xaf\x1a\xf7\xb9\xb36\x83k\xd7\
\x9b4\xc6\xda\xa0\x9cs\xaa\x9a\x8d\xe0\x80C\x13\xf4\xc5\
7\xf6\x15d!\xa2s\xcaqq\xe9\x1a\x80\xee\x9d\x93\
\x22z\xc2-I\x7f\x84\x0dp\x09`\xc7\xa6\x02xF\
v\x81IG*\x0b\xaf\xf00\xce_\xec\xac]l\xd0\
Z\x18\xae\xbb4*\x94wt\x81|\xdf\xeb\xef\x05X\
\xe5\xe77 !\x89\x03aF\xb4\xd0\xe8\x1ah1\xea\
\xb48\xe5V%\xe1\x91;\x09L\x16\xea\xd3=)\xda\
\xbbTp\xe1Y1\xba\xe9\xee\xb0-\xd1\x15\xf4\x9d\x7f\
\xf5\x9d\x9f\x06\x0f\x90[\x0f!\xb7\x89\xb4\xc5\x18\x87]\
+'\xc0\x06\xf8\x00 \xda\xd09_~A\x87\x80\xc2\
\xb76N\x05\xc2\x94\x15U\x85W\x08=\xbf\xfa\x8e\xb3\
\x1e\x9e\x9c\x9c4\xfd\xe5\xca\xa8Ra\xfc\xb2@\x1e\xdf\
\x8d\xa3\xf4t1{\x9eOD{t\x8etD\xca\x01\
\x1b\xcdg^\x0b:\xa6\xd8\x0d\xe7\xf1\xd8\x8b\xeaB\xd1\
\xe8\xd5>\xacw\x82\xbe\x99f\xcfZ\x82\xe1*\x83,\
\x87D\xb6\xf8\x0e\xd3\x96\xde\xfa0\xe0\x98\xeb\xe4\x14\xd8\
\x00\x1f\xc0\x91}\xd5xS\xf0\x18\xedj\xd3\xa9\x97\x97\
\xa6c\x14y\xf1N\x0c=\xc3\xf8\xde~MTY\xc1\
KY\xa0\x95\x08\x86\x17EHL\xd9\xe0^\xc1\xfb\xf4\
\xdd\x0c\xbf\x90o\x85\x81\xcc\xb44&j5\x82\xc1\xb4\
Pds\xca\xe2\xae:\x14}\x96\xb5\xa1\x99:\xc3\x9e\
\xf5d\xdd\x06\x93f\xcd\xf1\x89v4\x19\x90\xbfG\xa4\
\xca\x0dC7t\xc2\xab\xca~\xa0h\x09*<\xb2\xe0\
A\xf9l\xb2}o\xedYCcJ*\xb8\x01rP\
N\x0a=\xe7TI\xd3\xad\x7f\xce\xbc\xf1\x851\xc15\
D\x88s\x8f\x87\xaa\x9au\xb0O\xd8\x1f\xaaJ\x08\xa1\
vS<\xf6\xf2@\x90\xffO%cb\xa3\xe8\x94B\
8\x84\xa2\xfb\x1e\x92\x143\x90e\x81r\xd9\xa0\x01q\
\xfa\xf8\x0b{\xa2Ph\xb1\x925\xc0\xe0(\xcb\x0bf\
\x03\xfc\xbf\xb0\x01\xde\x8f.\x05I%\xe3\xb8\xbe\x9b\xe9\
\xb3m\xaa\x0b\xa6\xfc\xa8\x1a\x1a\x0eiD\xe4;\x9d\x02\
zRo\xb9:\x9a\xf1\x82\x9f\xb5\x1b\x0cz\xec\x05g\
\xb6\xbb\xb8\x09\xa4.\xfe\xf1\x9f\x90\xd0\x05\xbe\xe8\xecx\
F5\xa8\x07\xf4M\x08\x0f\xf8\x89\x97\x9d\xa1\xce\x86s\
y\xee\xf5 \xddssDI\xef\xf4\xf0!\x09\x9a8\
\xc5OE\x11\xfd\xeb\xca\x9c\x05>\xa1Q\xdePR\x13\
\x1f\xf3\xc7kX\x9e\xb0]\xadUN\x84\x0d\xf0~\x1c\
\xd9OM\x8c\x07\xb35\xed\x02\xad\x0b\xaax\xed\xdd\x80\
(\xc4p\x02\xd0\xb0\xfe\xebUQj\xa7\xa8\xb8\xa5$\
\xe0=}\xf2\x95_h\xfc\xbaeH\xbc\x1b@-\xc4\
\xfc%>\xd1\xa3\x9dIo\x18\x1e\x16\xa6E=\xfb\xba\
3\x8c\xf0\x92_L\xd1\x17\x8e\xfc\xa7,\xb9\xd5\xd2t\
\xf2`\xfb\x0a\x99\x10\x0d\x1au\xba\xdc\xda\x82\x8e\x85#\
\xfa$\xe8\xc3\xcf\x9c\xb3\xa9\xb7\x1b6\xc0\xbf\x81\xbc\xe2\
!]\xe4\x17\x87\x95kL\xdb\xda\x06:\xe5'\x95\x14\
\x90\x81}\x8b\x87\x13@j\xe0\x9aK\xa2\x94\xafH\xf4\
\xbe$P4\xf7\x9f\xe7\x82b\xb7\xcf\xa8\x07\xc3!\xe0\
\x0d\xa3\xc3\xe0\xbc3b\x19\xcb\x0dCA\x0a\xd7\xd2n\
\xed\xf5}`\x13\x0b%1\x15\xde?\x06\xc3|:\xd1\
/\xfe>\xdd\xa0\xe5\xec\xacS\xe2\xd2\xc3\x5c\x0e?4\
\xc9\x06x?\x9c\xb1\xc2:\x00\xb4\x0e\xa8PP\xfa\xdc\
\xc6\xdc\xefi'\xa8\xf1~S\xe9b/\xc2)\xf94\
H\xe2\xf5T\xb09*\x8d\xb9\x8bLz\xe4\x99\x90-\
\x0b[\xb6\x01Oj\xf1r\x93\xae\xbb,*=q\xa7\
4\xd0~\x07\xc9\xca\xaf\x1c\xb0\x81D\x1a\x07u\x04\x17\
\x8f\x90\x0f\xa9\xa0\x1f\xf7\xc4c\xed\x990\x84H\x18\x8a\
\xeb\x06H\xd6\xc84o\x9c\x12\xda\x04\xdc\xc6W\x8c\xfd\
w\xa8C\xe8\xdf[>L\x04\xf5\x98o\xa6\xdb\xe3A\
\xe5\xb7M*\xf3\x10\xbf\xfc\xc6\xef\x981p\x18\x8d\x06\
\xf9\xc3L\xf1\xce\xf8\x00\xb7Gh\x06\x025\xe8m\xc5\
xLx\x87\x99\xe0\xb2sb\x22\xd7\x88\x0a^\xbb\xf9\
\xfc\xeb\xe20\xb4\x8a\xc2AD\x10 \x00cGjh\
\xe2\x14\x9f\xb4\x01\x06\xfd{'\xe9\xb5w\x9d\xb1\xbe\xd8\
\x0d\x1b`\x8b\xda\xb5\xd2T\xd8N\xfe\xe1\x98\xfe\xa3\xcf\
6\x1d\xe0aC\xd4\x18\xa9H\x94\xe8\xcd\x0f\x9d\x11\x22\
:\xacWB\xa9\x98\xc8\xfe`<\xe0\xa3\xcf\x87\xc4\xb4\
\x22F?{\x8b\x0c\xba\xff\x89\x90\xd8`e\xe2\x1a#\
mq\xed\xa5Q\xba\xe5_aZ\xb9\xda\xde\xc5\x1e\x91\
\xa4W\xde\x09\xd0\xed\xd7\xcaOL\xc2\xdc\xe6!\x03\x8b\
{ju\xb3`\x89\x8f\xd6m4\x84\xbe\xb3\x0cx\xae\
Q\xdc\xe9\x94\x08\x9b\x9d\xb0\x01\xb6@\x95\xa6\x8aJE\
T)\xda\x01Z\x1d\xa0D\xa4\x82\x8f>\x0f8\xa2J\
\x11\x7f\xd3h\x053IK\x02\xe1\xc9{\x1f\x0f\xd1/\
\xbf\xf2.\xdcn\x90\xab]\xb3\xde\xa4+\xce\x8b*\x1f\
{\x88\xd7\xbb\xf1\xf2(\xdd\xfc\x8f\xb0\x08\x05\xdb\x09\xc6\
QB\xacD\xc5s\x8a\x19\xd7\x1f}fOE\xf4\xa4\
\xef\xfct\xd6P\xb9\x0d\x13DZ0b\x12\x06=\xdb\
a\x03lqh\x0f\xf9\x87\x02C\xce\xe7\xda\xa4\x92\xa4\
j\x08\x01D'>\xfc\xcc\xfe[\x02M\xfb7X\x0b\
\xa7l\xc1GI\xfc\xb2\xca\x14\xc5@\xdbw\xd8\xbf\xc9\
`\x8a\x99:\xc3G\x1b7\x87\xe9\xaf\x7f\x8a*\x9f\xb2\
\x04Q\x1a\xe4\x9b\xff\xfePX\xcc=\xb6\x13\xa8\xc9\xa1\
\xd5Qv\xb3\x8fy\xcd\x83\x8eL\xd0\xfb\x9f\xe8\xf7\x82\
a\x80\xcf89.\xe4%e\xc0\x9a\xcb\x06\x98\x0d\xb0\
\xd8\x8d\xb5m)\x1f~\x86\xe8\x80\x1d!\x15L\xa3\xc1\
\xf0\x08\x15\xbc\xf3q@\x8c\x9f\xb3\x13\x08\x88\x5c?:\
\xaa\xa4\x1f\xfb@\xe6/1\xe9\xde\xc7B\x22\xfc\xc98\
\x8be+L\xba\xf5\xde\x10\xddzMT\xb9\x8c%\xd2\
K\xe7\x9f\x11\xb3\xbd=\x09\xa1p\xd4\x88\xa8\x18\x1cr\
\xc2\xc0\x04\x8d\xff\x22 \xeaNt\xb2u\xbb!\xbcy\
\xd9n\x8b\xde\xdd\x93\xf4\xc2\x9b\x94\xf5a\xe8\xac7\xc0\
}z\xa8\xc9\x9d~\xf3\xbd=\xbb\xb9\x93\x8eU\x13>\
\xdf\xb0\xd9\xb0\xb5\x82{\x1f#\x86\xc7\xa8}k\xf5\x15\
Q(\xc6y\xe0\xc9\x90\xf6\x05\x8b)?k7\x98\xf4\
\xb7{\xc3\x96\x11\x8eP\xe3\x06jWf\xb4'-\xb0\
6`v\xea\xb3\x837?\x08R\xdf\x1eE\xd2\x1d\x17\
\x10\xb4\x80\xf8\x88\x1d\x8a{X\xebd\x0d0\xa6\xcd\xb5\
\xb3\x9es\xbbZ6\x9d\x82\xfd+\xae\xcd\xa8\x08?#\
\xac\xb9z\x9d\xfe\x1b\x09\xcd\xf9\xfdz\xa9\xd9@\xa0\xa8\
#as\x88\x0erw'\x1c\xad\xbe\xe2\x19\xa3\x03\x1f\
|*d{\x08\x9298\xc8\xcf\xdfv_\x98\xee\xbc\
>JM\x1a\xaa\xdd\x88]zN\x8c\x96\xae\xf0\x09\x85\
.\xbb\xd8hmt\xbf\x98\x22?a\x08\x0c>\xd2\x1e\
\x03\x8c\xc2\xc5\x8bG\x90t\x8a\xa8\xaf\xe5\xfc,Z\xea\
\x0c\xd1\x14\xbb\xc8j\x03\x5c\xb3\x86\xaa\xf0\xb3=\xde\xef\
\xc0\xfe\x09%\x82\x06\xf0~\xa7\xd8<\xe0\x1c\x95\xe8W\
\x9c\xa7\xbe\xe8j\xc6\xcf>z\x88\x8d\xaf\xab\x80\x8c\xeb\
\x9d\x0f\x84\xe8\x8e\xeb\xd5z\xc2\x98\x0ev\xcd\xc5Q\xe1\
e\xdb\xb9\xd9\xfc\xe0\xd3\x00\x1dc=\xbb>\xc9e\x03\
\xe9\xa7\x8e\x1d\x92\x22$\xac\x13\x14\x7fA\xd3\xb9oO\
\xb97\x11\xa93\x84\xa1\xb3\x99\xac6\xc0=;\xcb\x17\
D\x00L*\xd1\x0d\xda,\x06)\x9ax\xf4\xfe\xa7\xf6\
\xf6\xc1\xe2\x1a\x5c}aTx\xf4*\x995\xb78\xec\
l\xb7g\xcfT\x1c\x88\xa2\xdc\xf1@\x98\xee\xb2\x8c\xb0\
\xac\x06\xf1\xfe\xb4n\x91\xa2\xb3\x87\xc5\xe8\xe5\xb1\xf6y\
^\x18L?y\x9a\x9f\x8eR }{\x9c\xe5\x05\xeb\
6\xc0\x00\xa2\x1c\xb2\x06\x18C&\x9a7I\xd9\xde&\
f'Ym\x80{(PW\x82d#\x1e(\xdd@\
\x19JE\xb1\x0a\x8a*P\xd9h'\xc7\x1f\x1d\xa7\x02\
\x05}\xd8\xfb\xb3h\x99I\x0f<\x11\xb2m$$#\
\x0f*\xd5\xefz8L\xf7\xdc\x14\x119CU \xcd\
\xf1\xc3l\x9f\xadU\xb8\xef}\xe2\x179\x5c\xd9j\xe2\
\x9e]\x8b\xd7\x01\xddk\xd0\x8f\xd6\xe6\x16\xbd\xf4\xb2\xad\
cX\xc7\xd8\x00g!A\xeb\xc6\xe9\xd4A\xde\x00O\
\x9bi\xcfC|\xdc\x91j\xaa\x89\xd0vd\xa7\x91j\
X?%\xddWx k\xd6\x1b\xf4\xaf\xc7\xb8\xe0\xca\
\x0bl\xdeR\xac!}\xd7\x0d\x11\xca\xa9\xa2\xe65\x11\
q\x81\x0a\xd7uwV\xb1m\xe8\xc6\xfa\x8d\xa6h\xbf\
\xeaw\x88\xdc\x1a\x04\x03~\xec\x80\x04\xbd\xfe\xae\xde\x96\
$\xbco(l\x94\xad\xa1\x81\x01F\xf7E\xb6\x92\xb5\
\x06\x18\xc6WE\xe3\xff\xd4\x99\xfa\xdf\xc2\xe2\xdc\x8f\xbc\
\xc7\xb8s\xb7A\x9f\x7fm\xdf\xcd\x8f\x85\x10y_\x95\
\xfd\xbe\xf0\xe8\xef\xb6\xbc&\xa7Lqb\xe4\x81\x87\xf4\
\xef\xff\x86\xe8oWG\x95\xe8\xb5\x03\xe8P\x8f8%\
F/\xbci_(\xfa\xdd\xf1\x01i\x03\x0c\x8e>,\
Ac?\x0a\x889\xcc:\xc1\xda'k\x801Z\x14\
}\xff\xd9\xaa\xc3\x9e\xb5\x06X\xc5X4T?C\x80\
C7\xaa\xc6&N\x98\xe4\xb7u\xec\xde\xf1\x03\xe3J\
[\x8e0\x8a\x0e\x0b\xb5\x1d)\x01&\xb3\xcc[\xe4\xa3\
g^\x0b*UG;\xee\xa8\x840\x22\x0bmj\x85\
\xc1@\x02\x15\xeaX\xa8\x9d\x80'\x09\x8fZ'?\xce\
1E\xf4LvS\x84\xbf\x1f\xd3\x96\xb2\x91\xec\xfc\xab\
-\xba*0\xc03f\xeb\x0f?\xa3\xf8\xaa\xbf\x82F\
~T\x05C$\xde.P\xf5\x0cE\x1d\x95<\xf1R\
P\x08:0\xde\x04\xe31[4M\x09\xc3\xa9\x02D\
`.\x19\x19\xa3\x1b\xfen\x9fJ\xd6\xa7_\xf9\x95\xc8\
SbH\x82n\x03\x1c\x89\x16\xab\xff\xc9\x9e\x7f\x176\
\xc0\xd9E\x83z)\xaa\x9f'_\xd4\x81\x16\x17\xdd\xe0\
fE\xc8F\x96\xef\x7f\xf4\x89\x19\xadv1\xea\xb4\x98\
\x10\x96W\xc5G\x9f\xfb\x85\x1a\x99\xd7\xc0\x86\x0bE6\
\xf5\xf3RB|\xa1z5\xa2\xaaU\xd3B1,\x10\
H\x0b%\xa1x\xdc\x10\xf9\xee={\x0d\x91V\xd8\xbe\
\x83h\xfd&\xd3\xd6\xeb\x9b)^|+\xa8,\x05\x03\
\xf0Z\xc7\x1d\x15\xa7q\x9f\xdb\x93\x8aA\x1e\x15m\x80\
\xb2\xeb\x11\x8c \xee\x0f\xdd:\xee(f\x936\xc0\x05\
)\xb1\x19\xcaFU,\xef\xadX\xe5\xa0k\xa1\xfc\xc3\
\x0b\xc1\x00;F\xf6\xa9\x18\x07\x06>\x99!\x0bo\xf4\
\x00\x00 \x00IDATh_\xee\x17\xf9w\xd9\x16\
\x86\xfd\x81\xc4\xe4\xab\xef\xb8\xbf\xa1\x1fF\xb5M\xcb\x94\
\x10\xaa\x87\xa7\xd7\xb2YJ\xe4*\xcdJ\xdef0\xca\
k\xd7\x9b\xb4\xfcWS\x0c\x9e@\xa8\x15\xf9T7/\
th\x97{\xe8\x99\x10\xdd\x7f[\x84j\xd5P\xf3\x87\
\x9c~b\x5c(d\xd9\xb1a\xc1\xb5\x80\x17<\xea4\
\xb9hPqd,\xa1}#\x01'\x04\xa2\x1c2 \
\x84\x8e\xf6\xb0\xa5\xbfd_\xf4*+\x0d0\x04\xd1e\
A\x19\xbenrr\xd2Jt\x9f\x91\xbb\xb6+\xef\x05\
#s\xe1\xd9\xea\xf2x\xbb\xf6\x18\xf4\xc8\xb3!\xd7\xce\
\xf3\x85w\x8b\xfc\x1d\x0e\x18^\x95\x13\x81P\xdc\x06C\
\x8e\x83\xfa\x15\xff\x1b\xde\xaf\xb9\x0bM\xfa\xe1'\x1f\xfd\
hy_n,V\x83P\xc7\x7f\x9e\x0b\xd2m\xd7D\
\x95\xf4\xf1C\xa0\xe3\xdcSc\xe2>\xb2\x83\xaf\xbe\xf5\
\xd3\x99'\xc7\xa5\xaf\xfd\x80C\x93\xda\x0d\xf0V\xcb\x11\
\xc1|gq\x8fI\x00iK6\xc0Y\x00v\x8a\xf9\
\xed\xdci\x80\xe15\xaaP\xbe\xc2\x8e\xdb.\x8e9\x22\
\xa1T\xdd\xe8\xf1\x17\x82b\x11p\x13\xd5s\xd3t\xd8\
!I\xea\xdf'!\xaa@u\x92[5-*Wq\
`\xd32{\xbe\x8f\xbe\x99\xe6\xa3\xe9?\xfa]\xd5\xb6\
\x05\xf1\x89w\xc6\x07\xe8\xd4\xe3\xd5\x9c\xf4a\xbd\x924\
\xfe\xcb\x94\xe8\xeb\xd7\x0dR\x07H\x9f\x1c\xdd_.\xba\
\x05Q\x0b\x18B\x18D\x9d\xa0\x90L\xd6\x00\x17\xb6O\
\xd1\xbb\xe3\x15\x9d\x90\x8b\xc8:\x03\x8c\x1b\xa5\xaad?\
!\x16.x\x11\xbaQ\x11~\x8eD\x89\xbe\x9dnO\
\xefr8\x9c\xa6\xe1\x8a\x16L\x80\x8d\xc4L\x1b\xf2\xf0\
\x95\xa5]\xab\xe2|c\x1f\xcb\xf8\xf9\x1dp\xda\xd8\x8c\
v\xef\x98\x14\xc7\xae=q\xcb\x13\xf3\x89\xc2<\xf4\xa8\
\xba\x01\xb4\xdet\xb1<\xa7\xb6\xad\xd4lbF\x0e\x8f\
\xd1\xed\xf7\x87\x95\xbcVE\xf9\xe2\x1by\x03\x0c\x0e\xb7\
6u+V\xe9M\xc7\xcc\x9eg\xd2\xd0\xc1r\xaf\xd1\
\xbeuRTSg\x9bpN\xd6\x19\xe0\x8e\xed\xe5\xbd\
_\xa8,\xe9\x1ei\x07\xdd\xeav\x0a\x16\x9ai\xb3\xfc\
\x14\x8d\xd9\xe31brS\x8d\x5c5\xde/\x0aW0\
_\xd5\x0d \xe51\xcc\xdax\x14\xb4un\x9c\x1c\x9e\
1\xae\xcf\x09\xc7$\xe8\xbb\x1f|\xa2Gu\xd5Zg\
\x1bbl\x84\x1f{1(\xf2\xc1*\x22CPc\xeb\
\xde))\x0a\xa3t\x83\xea}\x08\xc8\xc8F\x87\xfat\
O\xd2\xcbc\x15\x9dT9Y\xb4\xd4'6\xf62E\
\x95\x08\xbf\xb7m\x99}3\x82\xb3\xce\x00\x17*\xa8\x9e\
\xfcy\x81\xfe\x9b\xa4WW5\xba\xd5\x93\xa7\xdas\x83\
\xa3B\xf3\xc4c\xd4y\xbfh9\xb2k#Q^\xe0\
\x99\xc1\xabr\xb2\xe1=\x10(+!\x1c\x0b\x81\x88o\
-C\xfc\xc6\xfbA1\xc1\xc7\xa9\xa0\xc8\xec\xcd\x0f\x02\
\xd6\xfb\xac\xe6\xde\x1a1,.\xd2Kv\x14\xaa\xa1\x15\
g\xc4)r\x7f\x07\xf4\x95Q\xbc\x87\xa2;]@k\
\x1d}\xda\x98f&\x03\xc2\xd0l\x80=\x0c\x0c\x18B\
\x1d\xb2\xcc\xb1A\xfc\xbcW7\xf9\xf3\x86@\x05\x1e\x14\
;\x186$\xae\xac\xed\x08#\xd8\xec\xfa;\xca\x03t\
\x8bG\x9d\x1eSZ\xe9\xad\x1b\xe37C\xdc\xa7{\x11\
}\xfce\x80\xc6~d_\xe4\xe4`|\xf4y@\x84\
\xf5U\xe4\xd3\x9b5NY\x9b\x8f\x84-\xd3\xc1\xbe\x99\
\xe6\xa7\xb3\x87\xc6\xa57\xdaX+t\x1a`\x80\x94\x9c\
\xac\x01\xcew\xd1FU\x15Ye\x80\xd1\xf3'\x9b\xff\
\x85\x00\xb9\xeej=T?\xab\x08\x9dc\x02\x8b\x1d;\
{\x14\x1d\x0d<LMr\x07}\x8e\xaf\xbd\xe7\xcc\xd0\
3\x16N\x88D\x9c94FU\xec)\xa8U\x0e\xf2\
r'\x0f\x8aS_\xcb(=\xfbZ\xd0\x96\xf0\xec\xc1\
@(\xfa\xe9W\x83\xf4\xaf[\x22\xd2\xc3\x0d\xc0\xb0!\
\xf6\x18`\xb46bs/;\xec\xbe\xb7e\x80\x11\x15\
\xd0\xc9\xbc\xc5\xb8/\xe4\xbc\xf7\xb6\xad\x92\xa2.\xc1\xad\
\x1d\x0d\x95!\xab\x0c\xb0\x0a\xd9\xc3\x85K}\xdaUs\
\xb0\xb3\x94\x9d\x1d\x0a\xbe\xb6)\xfc\x8c\xbc\xa2\xaa\xf6\x1a\
\xe4}\xf7\xeeu\x9e'V/\x0f\xf3\x8c\xa3\xca\xa7:\
9\x85\xba\xb5\xd3\xf4\x97\xab\xa2\xf4\xe5\x14?\xbd\xf8V\
\x80\x22\x11g]\x03x|\x9fO\xf6\xd3 \x05\x83\xee\
\xb1QG\xbb\xdf\x0f6(\xdd!E$k\x80q\xfe\
\x10\x1b\xd2YL\x87\xcak\xb4\xb4U\xabZ\xf9\x1d>\
6\xad\xa8\xe4\xd6\xed\xbd\xdb\x09\x1b\xe0\x0a2w\x91\xfe\
\x9b\xa3\x97\x8a\xde_\xeb\xa6^\xbbA\xff\xb9\xc3{\x1f\
<@M~\x0e\xc5oN\x94\xac;\xb4g\x92F\x9f\
\x1b\x15\xfd\xa4^\x07\x91\x0c\x0c\x81\x7f\xf0\xa9\x90-B\
4e\xf1\xc6\xfb\x01q-\xaa+\x98+\x8dj};\
\x0c\xf0t\xebwB\xd3\x5c\xb6\xa8\x0c^\xf0\x07\x13\xf4\
]\x1fD\xd6\xe6/6\xa5SeX\xa3\xd9\x00{\x94\
\xf6m\xe4\x0d\xd9B\xcdE\x02\x81\x80\x9a\xc1\x11\xd3m\
XL\x00\x06\x86\xab2L\xcf\x8fq\x96\xda\x15\xa2\x12\
\x90\xd4T\xa5M\xec\x16 \x9b\x88\x19\xbd\x98$\x84|\
\xbcS@?\xed\x18\xcb\x08C\xdfY\x96\xd6\xcdS\xd4\
\xb9 I?\xcf\xd7\xac\xaf\x1c1\xc4\xef\x94\xcd\xa7\xc2\
\x83\xff`\x82\xde0\xf4\x82\xa5*\x0cp\xd2V\x9d\x02\
\xddd\xcd_\x8a\xd0\x08d\xfdd@\xb5\xdf2\xcd\xbb\
~\xdc\x90*\xc2\xb7\xdf\xcf\xd2o\x80a\xa0T\x84\x04\
\xc1\x94\xe9>Gy\x5c\xb8\x9f\xae\xbb4\xaaL\x93\xd8\
m 7|\xf1\x88\x98\x08\x19>\xf7F\xd01y;\
\x84\xc8O8&N\x8d\xea\xcb{\xc1\xc7\x0fLh7\
\xc0`\xfa\x8f\xf2\x06\xb8m\xcb\x14\xe5TIkm\x97\
\x5c\xb4L>\x0f\xdcZ\xb30\x8d\xddd\x8d\x01n\xd5\
\x5c\xfe\xc2\xc2\x00\xe8\x9e\xb9\xd99_\xfe\xbc\xd7m0\
l\xe9\xe9\xec\xd3=\xa1D\xaf\x17\x1b\x1f\xb4\xc38\x05\
\xe4{\xffvu\x84\x1a*X\xe4\xdd\xce\xb1G$\xa8\
\xbe\xb5\xb1\xbd\xff\x89\xa0\x98\x8ec7\xd8\x08\xbc\xfe^\
\x90\xae\xbf,*\xfdZ\x88<\xe1o\xdb\xb0I\xef\xdf\
\x05}\xe5T\x9a\xa4\x0a\xcaP\xcc\x84\xb6\x1e\x9da\xf4\
_\xac\xf5\x11jj2\xf3\xbd\x1b\xd6K\x8b\xb4\x95\x13\
\xeb<2A\xd6\x18\xe0\xd6\x0a\x0c0r\x90\xba\x91-\
\xc8\x00\xd3g\xdbs\x99U\x85fQ\x5c\xe3\x94^T\
\x14\xb8\xdczMT\xd9 \x00/\x00\xa1\x91\xdb\xaf\x8b\
\xd2=\x8f\x84\x1c\xa1-\x8dh\x0f$%\xe1\x05\xca\x80\
\xaa\xf6A\x03\xe2\xf4\xf2X\xbd\x9b?h]/Xb\
R\xa1dA\x1f\xd6\x0e\x9d\x06XD\x08W\x98\xd2\xed\
D\xad\x9b\xa5li\xf5\xb4\x83\xec1\xc0\x0aB\x1b\x8b\
\x97\xeb\xbd)\x10\xe6l\xa9`\xe3\x80\xd1\x83\xba\x81\x18\
\x80\x8a\xa27H\xd3\xbd\xf7\xa93\xda\x8e cz\xfb\
\xb5Q\xa9JO\xaf\x82\x1e\xdc;\xaf\x8f\xd2\x1d\x0f\x84\
h\xd7n\xfb\x8d\xf0\xd8q\x01\xfa\xebU\xf2^\xf0Q\
\xfd\xd0\xd2\x93\xd6\xde\x03=}\x96\xdf2\xc0r\xb9\xec\
N\x0a6\xef\x15\x05\x1b\x1fi\x03\xdc\x82\x0d\xb0\xe7P\
\x11\x82\xd6=\xec\x1d!$\xd9\xbeF\xf4\xcd.Y\xae\
\xdfs?\xe6p5\xde/\x86\xb0;a\xae\xed>\xcf\
\x97\x8do\xe9@\xc4\x02\xef\xd1]\x0f\xda\xef\x09c\xd2\
\x13\xaai\xb1\x11\x94\xa1jN\x9a\xfa\x1e\x92\x14\x13\x8b\
t\x820\xf4\xf9g\xca\xbd\x06d-\xeb\xd4J\x8b\xfe\
b],]\x01\xc3)\xf7\xec\xcb^37\x91\x15\x06\
\x189\x05\xf41\xca\x80A\xe7\x9b\xb6\xe8]TT\x84\
\x9f\xe7\xd804\x02\x95\xdb*T\xa0\x90\xcf\xd3]\xc9\
Y\x12\x90\xf7\x83aQ\xd1\xdeRQ`\xc80\xcfw\
\xe5j\x836l2\xc5=\x88M\xd5\x9e\x22D\x07\x0c\
\x11&\x0d\xf8\xd3\x94[\xadX\xf0\xa4^^J\xe4\xd1\
P\x1c\x85\x85L\xe5x\xc3\xf2\xd0\xb2i\x8an\xbe\x12\
F8l\xfbt%LKR\x91\x0b\xc6\x10\x14\xdd\x06\
\x18)\x17\xe4\x9e\xebK\x16\x8e\xc2\x0b\x9e\xf4\x9d\xbes\
W\xe1\xa4\xc8NVr\x13Ya\x80\x9b7VS\x80\
\xa5\x1b\x15!\xa496\xe8Vc\xb6-<\x07Y\xa6\
\xfc\xe0\xb3=\xf7\x0b\x8f\xf7\x96\xab\xd5\x0d\x7f/\x0f\xa8\
5@\xee\x0ec\xde~]c\x96C\xbd\xccz\x8f6\
\xec\xfb\xfc\xf7\xeb\x8d\x89KmZ\xa6D1Q\xef\xee\
j\xc7@\x96\x05R\x0fW_\x1c\xa5\x07\x9e\xb4wN\
3\xaa\x89\xd7n0\xa4+\xa2!\xae\x82M\x98\xee\x0d\
84\xe7\x8f\xa9+\xe7M\xea6\xc0x^1s:\
W\x22R\xd4\xc0\xda@\x06\xad\x8dcL\xdd\xd8p\xc7\
\x92\x1d\x06\xb8\x89\xfc\xc2\xa3;\xfc\x0co\x06\x9e\x8c,\
v\x0c\x8eP16\x11|2\xd1^\xef\x17\x95\xa4h\
5\xd2a\xb8\xb6\xed0DO-\x84F6+Z\xe8\
Q\x14\xb3p\xa9)\x0e\x88T\xc0#\x86\x90\xc6\xe1\xd6\
\xf5\xc9\xb4T&\xc4c\xce>%F\xaf\xbec_\xf5\
:6.\xb8\x87.<K~%?\xc2z\xcf\xde\x1e\
\xa7\xf7~\x14\x06X2\x95\xa3\xa2\x0e\xa3\xa2 \xf4/\
\x13\xbdC\xda\x0d)\x1f\xddk\xae\x1dd\x89\x01\x96\xbf\
\x09W\xae\xd6{3\xc8Vp\x02\xb4\x1fa\x00\x83N\
0\xf5\xa8k\xa1\xbc\xe7\x8eb\x0e\xdd\x9a\xdb\x07\x82\x81\
\x0a\x99\xee\xf3\xc5\x08\xba\xf7>\x09\x08\xed\xe1LK\x9c\
ba|\xf6\xf5 \xbd\xfe^\x80\x8e\x1d\x90\xa0\x13\x8e\
V7\x1e\xb2$N\x1e\x94\x10\xcf\x0d\x86\xcd\xdb\x05\xa4\
\x1d\xcf\x1eF\xd2\x1b\x0e;\x0c0\x06\x1c`\x13!3\
\x9c\x01\xa2)\xd8\xcc\xa3\xb2Z\x17+V\x19\x96\x01\x96\
{\x0d\xac\xd9l\x80=\x02vS\xb2 \x07\xa7\x13\x15\
\x06\xd8\x0e\xef\x17\x12x\xa6\x82\xe7\xe6\x13\x9b\xd5p \
i8$\x83\x0aW\xdbw\x1a\xf4\xe6\x87\x01\x9a8\xc5\
\xaf=L\x0bq\x86\xf7-\xa3\x0f\xc5!\x18\xc9\x93\x8e\
\x8dK\xf5n\x96\xc5\xa5\xe7\xc4\x84\xe1_\xbd\xce\x9e\xc5\
\xb4(b\xd0\xe4\xef\xfc4\xf8H\xb9k\x09\x11\x1f\xdd\
c\xfe\xf6\xe5\xffe[(\xb1\x96\xcc\xfcY\xdfZ\x80\
\xb4\x89,*\xd6l7\x90\x15\x06\xb8\x91d\x08\x11\xc5\
$\xeb7i\xf6\x80[\xc9\xdf\x80v\x94\xf2\xf7\xee.\
\xef\xc6!\x874u\x86}\xb7&\x0a_.;G\xbe\
x\xa74\x10j\xc6D'\xbb\xc5\x06 {\x88\xa99\
(0\x82|#\xfayU\x83\x22\xb0k.\x89\xd1_\
\xfea_Q\xd6\x84I\xf2\x06\x18\xf4\xb6e\xcc\x9fO\
\xde\x00\xb7\xd2k\x80UD\x0bu\xd5+\xd8\x8d\xe7\x0d\
0\xc2/2\x05\x01\x00*R:\xbd\x14\x84\x9c\xda\xb4\
\x90_\x0cu\x0b\x87\xa0\xf0\xaa\xb0\x9d\xfcyc\x10|\
\xc2&ye\xbc\xf7W\x9e\x1f\xa5\x1c\xc9\xb1\x95%\x81\
<\xefc/\x04m\x917,\x0b\x14\xce\xdc\xfdpH\
\x18\xa9sO\x8bI\x0f\x028\x10\xb4'\x9d=,F\
/\xbeiO>\x18\xde7\xc2\x99\xb2Z\x00\xd09\x1e\
\xa3y\xcc\x9f\x8agXE4\xad\x22\xe0\xfdF:E\
f\x82[\xe3\x06\xec\x01{\x02\x15\x9a\xb0\xab5\xcb8\
\xe2\xe6\x935\x00\xc8\xfdn\xdf\xa1\xd7\xc3\xea\xaehl\
\xa2\xce\xaa\xcd\x03\x1920N\x1d\xda\xa8\x7f\xf8\xe7-\
6\xe9\xa1\xa7C\xa2\x85\xc8\xa9 $\x8d\x82\xad\xebG\
GE\xeeP%\x08\xe7O\x9bY\xfc\xfav\x80\xe2\xb6\
\xd6-\xe4\x8a\xb1\x10\x16mX?E\xeb4N\x15[\
\xa2\xa0\x0e\x02\x9byl,u\xcd\x02\xc7\xe6y\xfd&\
C\xca\x8bE\xd59\xda\x19uK\xff\xea\xc6\xf3\x06X\
\xc5N\x0a\x852:Q\x11~V\xf1\xe0V\x14\x15c\
\x13\xf1^\xdbU|\x91g=\xf4g\x0dU\xff\xc4\x7f\
\xf1\x8d_\x14?\xe9\x9e#]\x190\xd7\x15\xe1b\x18\
\xe1\x02IE\xa3\xfd\x81\x01\xb8\xec\xdc(]\x7fg\x15\
Q\x9d\xad\x1b\x0c\xf3\x18uzqk\x96\x0c\x982\xf4\
\xa1\xc61\x7f\xd8Dc3\x9d'\xa1c\x80\xcd<\xd6\
A\x9dy\xf85\xebM\xebwV\xfeB\xe3~id\
mvt\x17\xbf\xea\xc6\xf3\x06X\x85`>n&\x9d\
\xb4T\xd0\x88\xae\xdb\x00\xa3\xf0JE\xdf\xb2\x9d\x15\xb3\
\xe7\x9f\x1eS.\x5c\x81B+\xdd\xd5\xb3\xb2@J\xf2\
\xee\x87\xc3t\xf5EQ\x91\xf7T\x05<\x22L*z\
\xdf\x06iQ\x144\xa1\xaf\xba\xa7\xe4\x94!T\xf8\x7f\
\xa8Y\x1c\x06\xcfr^m\xb9\xf3F\x01\x99n\x03L\
$w\xce\xe8\x07^\xb9Z\xcd\xf98\x15\xcf\x1b`(\
\x03\xc9\xa2\xdb\x03V\xd16\xb5D\xb3n5\x0aE\xaa\
*\xc8\x9b\xda16\x11\xa0\x00Iv\x96\xe9\x81\xbc\xf2\
N@\xfbb\xad\x0a\x84\xfe\x1e|*DW]\x10\xa5\
\xc3z\xa9{_0\xe8~\xf24{\xe4E!\xcc!\
k\x80\x91\x9e@\xc5\xb8\xce\x822\x18\xe0C{\xc8\x9d\
7\xb4\x10\xbe\xf9^\xd1\x09\x95\x83\xb5\x0a\xd6\xcc\xfab\
\xedvV\xbd\x84j<o\x80esY\x18\x0b\xb6a\
\xa3^o\xb2Yc\xb9sF\xa8s\xb9\xe6jM\x15\
\xde/T\x8b\xechWA\xb8k\xe4p\xb5+*<\
_\xb7\x1a\xdf}\xa0\xf0\xf0\xd1\xe7C\x14\x0aE\xe9\x90\
.j\x8cp8Dt\xfa\x89qz\xea\x15\xfd\x05Y\
3~\xf2\x89\xbfI\xa6M\x0e\x05j\xed\xdb$\xb5*\
\xcc\x15o\xa6\xe5\xeeO\x15\x9b\xfa\x8a\xb0VA\xd4\xb0\
\x9e\xe2:\x04'\xe2y\x03,{\x11!d\xae3g\
U\xbbVZZ\xf0\x7f\xb5u\xf3\xeb\x96q\xeb\xac\xa0\
\x85\xe5\xfb\x1f\xed\xb9\x1d\x0f\xeb\x95P\xaa?\xfb\xf9\xd7\
~\xd7\x85\x9dK\x03\x06\xeb\xe1\xa7Ct\xdb\xb5\x11e\
\xaaJG\xf5K\xd0G\x9f\xfb\x95,\xd2\x15\x01\xa1\xf5\
\xf9KL\xea\xd8^v\xcc_J\xab\x01\xc6fZV\
\x90C\xb7\x01\xde\xa0@BVV\x07\xdb\x0dx\xda\x00\
c\x08\x83\xac1\xd3=\x8c\xbbIC\xf7\x89\x86 $\
\xd7^A\xe1\xd8\xcc\x9f\xf4\x87\x9b\xb0\xa8!,\xaa\x0a\
T;?\xf7\x86}\xf2\x8b\x99\x00\xe1\xd6\xfb\x9e\x08\xd1\
\xbd\xb7D\xc4t\x1dY\xe0\x81\xe2=\x7f\xf4\xb9\x0c\xeb\
a\x96\x00\xee1Y\x03\xdc\xa9\x036\x9b\xfa6X\xd8\
L\xaf\xdfhH\xd5\xb3@\xcb<\xa7JZ\x88\xb0\xe8\
\x00\xd5\xfe\xd1\x18I\xd5T\xa8H\x1f:\x1dO\x1b`\
\xd9\x09H`\xe3f\xdd-H\xf2\xe7\xac\xbbr\x10\x05\
\x1e~\xc9;\xa9(bO\xe5v\x9f\xeeIeM\xff\
\xe8\xf3E\xde\xd4\x0d\xd5\xce\x15\x05\x0b*\xfe\xb6\xbbn\
\x88(i5;\xec\x90\xe29\xbb\xba\x87m\x14\xab\xc3\
\xc9m\xb8\x10-\xd1\x9d\x07^\xb9\xc6\xb4\x0c\xb0\xdc\x8d\
\x05A\xa2\xa5\xbf\xe8{\xbf\xb1v\xca(Z\xc9T~\
\xbb\x05O\x1b\xe0\xda5\xe5/\xa0n\x0f\xb8\x91\x82\xb6\
\xa9U\x0a\xa4\xe0*B\xdbV\xf2\x16g\xde\x22\x9f-\
\x93sN\x1a\xa4n\x15\x85\xc8\x86N\xcd]\xdd,^\
n\xd2[\x1f\x05\x94\xb4j\xc1\x0b>\xf1\x98\xb8\xf6h\
\x01d\x12!\x03Z\xb3z\xe5\xd7\x06l@Z6O\
\xd1\x22\x8d=\xcdx\xa6\xfbH\xaa\xcc\xa1\x15I\xa7\xbe\
:\xc2\xd0M\x1bU\xfe\xe7\xb1\xc9A\x04\xd3\xee\xd9\xd2\
\x99\xc4\xd3\x06XE\xb8L\xf70\x03\x15\xc2!\xba\xdb\
\xa6\xdc\xaa[\x8dQ}m$\xd5\x91\xf6\x01\xb9C\xa7\
)\x5ce\x02\xb4\x10a\xdc\xa4\x8ak\x8e\x01\x07\x90\xe4\
\x84$\xa6N\xe6,0\xa9\x7fo9c\xd6\xb6eR\
\xab\x01V\xd1\x89\xa1\xa2%\xb3\x22\xa8X;\xb1\x86\xb3\
\x01v)*<\xe0\xad\x9a\xdb%\xeaK\xe6=\x10\x16\
\xd3=\xb7T\x85p\x08&\xbf\xe8f\xf0\x005z\x97\
\xb8G^}\xd7\x1bEW\x07\x03Q\x8a'_\x0e\xd2\
}\xb7F\xa4\x87nT\x09cteR(p\xe9d\
\xee\x22\x9f\x02\x03\xac7\x5c\xa3bS-\xbb\xb6T\x14\
\x14\xb0\xca\x82\xa2T/\xf7\x02{\xdb\x00+\xf0\x80\xb7\
*\xb8\x89\xca\x0b\x164\xd9\xbc\xc7\xba\x8d\xe5\x19\xe0\xae\
\x0ehm\xcb\xe6\xda\x91\xff\xd5\xdd~\x14\x0e\xa7\xa9O\
\x0f5\x06\xf8\x95\xb7\xf5{qv\x820.\x8c\xe6\x90\
\x81\xf2\xef\xdf\x80\xbe\x09\xed\x06x\xc9r\x15\xf2\x8e\x9a\
\xdbz\x14\xc8_\xaa\x96\x17=\x18*\xd6\xce:\x0a\x9c\
('\xe3i\x03,\x93\xe7\xd9\x87\x8a]\x5cyA\xb8\
E\xb6\xc0Ew\xce\x1aB\xfb\xb2,]\xa1w\xd3\x00\
 l\xa0B\xf5\x0a\xb2\x99\x98\xe5\x9bm\x8c\x1d\x17\xa0\
#,\xe3)+\xbe\x02\x01\x17\x14\xea\xac\xd2\xa8\xb7\x8e\
\xcd\xde\xde\x22\x92\xd2[G{c8\x94\xa6HT\xcf\
\xf3\x86Jh\x14\xf9\xa1\x9a\xb9\xb2\xe8\xee\xabU\x11=\
\xac)\xf1\xf7\xba\x01O\xaf\x1c\xd5%\x87\x8d\xe3!\x8d\
\xc6\xf4\x19\xb4\xbc\xda\xf2\xc6L\x7f\xdb\x94\xfc\x03\xa2[\
\xb5\x0b\xf4;DM\xa9\xf2\xeb\xefgG\xe8\xf9@\x90\
\x97\xfb\xe8\xb3\x00\x9dy\xb2|A\x16\xae\xc5\x98\x0f\xf4\
\x19`l\xf6\x96\xae\xf0QgI\xf1\x98&\x8dtW\
\x15\xcb\x19\xe0\x1a\xd5\xf5\x0e8P\xe1\x01W\xaf\xc6\x06\
\xd8\xb5\xd4\x904\xc0;4W\xb4\xaa\x08\x99\xebn\x9b\
R18{\xa9\xe6\xe1\x0b\x18\x9b\xd8\xb1\xbd\xbc\x01\xc6\
ygC\xe1Ui|\xf2\x95\x9fN:6.=\xb9\
\xcb\x8e1\x7f\xa8\x06\x966\xc0\x0d5W\x15o2\xa5\
\xc5PP\x17\xa3k\x93\xaeb\xfd\x94u\xa2\x9c\x8e\xa7\
\x0d\xb0\xec\xc5\xd3\xddR\xe2\xc6\xaam\x15\x06Xw\xdf\
\xb2\xaa\xb1\x89Ps\xcaf\xf6\xee5\xe8\xcb)~:\
\xf1\x18\xb9\x5c0\xee\xa1\x06\xf5R\xb4^\xa3\xe4\xeb\xaf\
k\xe5\x9f\x13\x15\xf7~E\xd8\xa4\xe0\xd9\xae]3e\
\x19`=\x9b\xc6=\xd6\xfd!;\x17\x98\x0d\xb0KA\
\x0fYXRhg\xe7n\xcd\x06XA\xc1\x81\xce\x9c\
5h,\x19\x82\x86Z\x8e\xee\xaa\xed\xae\x05\xf2\x0b'\
\xf2q\xdf\xcf\xf2\xec\xe3Sn&L\x0aH\x1b`\xd0\
\xb50E\x9fj4\xc0*f|\xabH\xbfT\x04\x15\
!]\x15Q\xb6\x8a\x805T*l\x9e\xab\xf0d\x1c\
\x88gW\x10Y\x09J\xa0{xz\x0d\x05Ec:\
\xdb\xa6B\xc1\xb4t\x8ef\xcd:\xfd\x05X*\x06G\
|=\xcd\xefI\xc5\xab\x8a\x82p&\xe47\x0b\xdbI\
\xca;\xe6\xebmGB[\x8f\xec`\x06\x0c\x8d\xd7\x89\
\x92\xa2&\x05kLE\x905\xc0H\x17y\x19\xcf\x1a\
`\xe8\x9e\xca\xa2\xbb\x01\x5c6\xdc\x82\x05Eg\xd8<\
O\xc1\x02\xa4\xb3\xfa\x15`\xc8\xb7\xcc\x82\xb0\x8f\xc9S\
\xb37\xf7{ \xd8\x8c\x14\xb6\x93\x9b\xfe!k\xc0+\
J\xc2r\xda\xd7[\x9b\x07\x19\xe1\x9b\xbc:z\xcfY\
\xc5\x08\xc7\xea\xd5\x14\x9cH\x05\xd8\xb5[\xee\xe7s\xd8\
\x00\xbb\x13\xd9\xc2\x10\x80*h\x9dT\x97\x0c\xb7`\xb7\
\xa9\xd3\x9bT\xa1\xb5\xadbjJEh\xa7@4d\
\xdd\x06C\xfb\xc6\xc1\xc9\xfc0\xdbG\x97\x8e\x94\xf3&\
\xe1\xe9@\x86U\xe7\x84\xa4\xf5\x9bL\xcb\x00W>\x8c\
Q%T|\xde\xc8u\xea\xc0\x8dEM\xb2\xc3\x1f\xf0\
\x1e\xe3\xbe\xb2C\xa6V\x07\x1e6\xc0\xf27\x9a\xae\x07\
k\x1f\xb2\xe1\x5c\xddU\xdb*<`\xddEc*T\
\xbb\xa6\xcff\xefw\x7f0\xe6o\xe12\x93\x0a\xda\xca\
\xbd\xb7\xedZ\xea5\xc0\x9b\x15\xd4\x1e \x0c\xadk\x9d\
P\x11\xddr\x9b\x01\x06X\xcb\xbd*G\xe9]\x03\xac\
 t\xa1\xdb\x03\x96\xcdw\xec\xdc\xa5\xe8D\xcaI\x9e\
\x82\x82\x0e\xdd\x05X*\xe6\xfe\xea\x9c\x05\xeb\x16\xf0\x9e\
\xc8\x1a\xe0\x16\xcd\xac\x9f\x9f\xaa\xe8\x84\xca\x81*\xad\xe2\
\x15\xab\x14\x9cL9\x80\xccl$*W\x5c\xaa;\xa7\
\xaab\x0dE4s\xf7\x1e\xf9\xd7q\x22\x9e5\xc0\xb2\
\x15\xd0@\xd7\xecL\xe0\xf7\x15Wn\xcb\xb0\xc7e9\
k\xa0\xdb\x03\x96\x9d\xb7\x8cP\xd8B\x8d\x22\xfcna\
\xde\x22\xf9\xf7\xa4i#\xf7\x0d\x0b\xd0\xedQ\xc2\xdb\x86\
\x02WeQ\x91\x9a\xab\x08*\xd6P\x14{\x12\xb1\x07\
\xec*d\x8d\x19\x88\xca\xd5\x95T\x085\x1e\xbb\xde\x9b\
TE\xa5\xf9\xd6\xed\xfa\x8c\x19Z0d\x17 \xe8 \
\xebTGs\x0b\xcbV\xfa\xa4\xab\x8ae7G\x15E\
EU\xb1\x8ag\xa0\x22\xe0\x19\x97\xd1\x0bP\x91\x9a\xab\
\x08\xd1\xa8\xfck\x04\xf5N\xac\xd4\x8aw\x0dpP\xfe\
F\x8b\xc5\xf5-\xb4\x98\x0c#\xcb\x1e\xcd!s\xd9\xc5\
'\x9e(\xd6\xb8\xd5\x85\x8ai0\xcb\x7fe\xef\xb7$\
p\x1d\xd1\xda##N\x01\x95&\xbf\xbf\xb8BY\x07\
*\xf2\x8a\xd5r\x14\x9cH\x05\x90\x0d\xe9\xe6(Xg\
*BL\xc1f5\x18\xf0n%\xb4w\x0d\xb0\x02\x0f\
X\xa7qPq\x93\xe9\x9e\xc8S\xad\xaa\xdc\xcf\xef\xd2\
,t\x22;i\x0a\xacR\xa0\xa0\xe4U\xf0\xde\xc8\x0c\
`\x07\xd0C\xd7\xa5\x88\xb5K\x81\x01\xce\xd5\xacU\x5c\
$\xf9\x8c\xabpL*BL\x81\xee4{\xc0.D\
\xc5ESq\xf3\x94\x17\xb7\x9d/\x90\xf5\x80uW6\
\xaa\x90\xfa\x5c\xa7`,\x9cWY'\x0c\xa7\x9c:\x09\
\xae\xd1\xfa\x8dj\xce\xe7`\xa8\xb8\xfft\x175\xc9:\
\x05*\x1c\x93\x8a\x10U\xb0&\xa9\x98Z\xe6T<k\
\x80\xfd>\xf9\x07#\xae1\x04\xad\xc2\x03V\x11\xee\xa9\
\x08\xb2\x0f\xc6\xee\xbdj\xce\xa3\xbc\xa8\xc8\xd7\xe9.\x1a\
s\x13*\xde\x9b\x5c\x8dB\x110f\x08w\xfb%V\
A\xdd\xc6Av\x93mX\x97H\xe7D$\x15k\xa8\
\x0a\xddv\xa7\xe2Y\x03\xecS\xe0\xa8\xe8l\xfe\x0e\xa8\
\x08\x99k\xca\x9d\xedCv\x93\xa3s\x83\x03T,\xee\
\xdb5\xcb\x93\xba\x89\xed;\xdcW\xd4\x04\x83&c\x80\
e~\xb62\xa8\xd8d\x07\xfcim\xcf\x9e\x8a5\xd4\
49\x07\xec:d\xaa1\xf7\xa1\xd3\x00\x9b\x0a\x9e\x87\
\x94fmb\xd9\xc5GW\xb1\xcd>r\xc2\xee\x93'\
u\x13*r\xaa*\xaeQEH$q\xce\x95\xff\x9d\
~\xbf\xde\xf3M*1h\xf2\xafQ^\xd4\x18`\xf9\
\xd7p*l\x80\xcb \xa5\xf1\xd9r\xdb\x86\x01H\x1b\
`\x17n\x18x\x00C\xe9\xa8h9\xd1\xedQ\xcan\
\x02\xfd\x9a\xc3\xa3n3h*\xce\xd7\xe7\xe1=/\x1b\
\xe02\xd0\xb9\xd8*9_\xcd\x1b\x06Y\xaf]\xb7\x07\
,\xbb\xb8\xc7\xd9\xf8\x96I\x5c\xc1\xf5t\x9d\x01\xd6|\
\xbeJ\x0c\xb0F\x83\xe6\xb6\x0d\x83n<k\x80\xdd\x86\
\x8a!\x0a\x1e\xde(*A6\xa2\xa1s\xe1\x02'\x1d\
\x1b\xa7\x11\xc3\xe4\xaae\xfe\xf2\xcf0-_\xe9\xe1\x15\
\xccf\xf8\x99+\x9b\xd9\xf3|t\xc6er\xcd\xd2\xba\
\xc7\x95\xea\xc4\xb3\x06\xd8m;/\x15\xe1X\x9d\xbbq\
\xbc\xbf0h2FI\xb7\xf7\x10\x89\xc8\xfd<*^\
uNf\x81j\x97\xec=\x18Q\x10\x16./*\xc2\
\xb1n\x8b\x8a\xe8N\xa3\xb8-\xb5&~\x9fG'\x19\
\xa9\x80\x0dp\x19h5\xc0*\xc2w\x9a\xf3Q8g\
\x99\xbeB\xdd\xe7\xabB\xa8\x04b\x1e\x1b5\x8dP\xac\
\xab@\xb9+\x12\xd5\xa8g\xae`5q[]\x80\x8a\
\xb0{Epc\xad\x08S:l\x80\xcb@\xaf\x07,\
\xbfP\xda\x91?\x931\xc0\xbaUyTT\xe96k\
\x9c\xb2\x0c\xb0\x9e\x9dC3\x05\xc3\x09tVm\xab\xe8\
eO$\xf4\x06ue[\xe9t\x9f/\x1b`o\xe1\
Y\x03\xac\xa2\x5c_\xa7\x87\xa6\xc4\x03\xd6\xdc\x12\x81\xa1\
\x042\xe2\xee\xb2R\x96\x15e\xfdF\xf9\xc5\xb2\xa0]\
\x92f\xfc\x94\xf9\x1b\x03\xc39\x9a5\x91\xbb\x89\xb7l\
3\xb4\xca\xa9\xaa\xb8\x9e**\xa9+\x82\xdbZ\xe9T\
\xacI\x5c\xc9\xef\x1c<k\x80U\x0cR\x08j\x1c\x83\
\xa5\xe2A\x0eh\xbe\x9a\xf0\xaej\xd5\x901\xc0z7\
\x0c\xeb\x14\x18\xe0^]\x93\xf4\xf2X\x05's\xb0\xdf\
\xd3%)]\xf4\xb5~\x93f\xa1\x13\x05\xd7SE\x94\
\xa2\x22\xb8-\x07\xac\x22j\x14\xd7\xec\xb53\xa5\xe3]\
\x03\xac`\xe7\xafS7U\x854\x9c\xeeQc\xbbv\
\xcb\xfd|u\xcdB\xf6\xab\xd7\xc9\xc7\xef\xea\xd7M\x0b\
/x\xfe\xe2\xccz\xc1G\xf6\x93\xdf\x91\xad^\xab\xb7\
\xfaY\xc5`\x02\x9d\x83\xd7\xc3\xe1\xb4\xf4&G\x97\xa4\
\xe3>d\xd7$l\x188\x04\xed\x1c\xd8\x00\x97\x81\xce\
)\x1c{\x14\xcc\xf2\xd5\x1d\xd2\x95\xcd/\xa2\xaa\x18^\
\xb0\xae<\xe5\x8e\x9d\x86\xf0\x82\x1b\xd6\x933\x14\xa7\x1c\
\x97\xc8\xa8\x01n\xd7*e\x19y\xf9Ur\xc1R\xbd\
\x06X\xc5\xb4)\x9d9k\x15\xcf\xcb\x9e\xbdz\xbdI\
Y\x0fX\xe7\x8cs\xe6\xe0x\xd7\x00+\x08A\x87C\
\xfa<4%\xb3I5\x87tU\xe8\x22c\xd1\xd6\xb9\
\xe8.X\xe2\xb3\x0c\xb0\x9cw\xd9\xb50I]\xac\xe3\
\xa7y\x991\xc2\xa3NW\xb3J\xe2o\xd5\x89\x0a\x03\
\xacSk[E\xc8\x5c\xb74iX\xd2)\xd0=\xb0\
\x85)\x1b\xcf\x1a\xe0\x22\x05\xc5\x1c\xe8\xc3\xd4\x05\x0a#\
\x8a\x22DU$\x06f\xeb6\xc0\x9b\x14L\xbf\xa9[\
'M+V)8\x99r2g\x81IG\xf5\x93\x7f\
\x9dK\xcf\x89\xd1\xf5w\x86i\xaf\x82\xc8\xc5\xfe\x1c\x7f\
t\x5cx\xc0\xb2\xac\xdd`\xd0\xd6mz\x17[\x5cK\
\x19\xe0\x9d\xed\xdc\xa5\xd1\x03V0JPg\xc8\x1c\xe4\
H\x9e\xb3\xce\xbep\xe6\xe0x\xd6\x00\xefU\x10\x1a\xaa\
\xaa9\xa7\x8a\xddt\x15\x091\xfa\x5c\xcd!\xe8\xcd[\
\xe4\xdf\xe3\xc6\x0dR\xf4\x03\xe9\xf3\xd4f\xfc\xec\x13\x13\
pdsiu-o\xef\xea\x8bbt\xef\xe3!e\
95\xe4\x96G\x0eW\x93T\x9c:C\xef\xa3\x8d\xf6\
\x98\x86\xf5\xe5\xab\xb6u\xa2\x22\x04\xad\xdb\x03\x96u\x0a\
To\x18\x199\xbck\x80\x8b\xe4_CwQ\x13\x1e\
f\x19/\xa2z\xaen\x0fX>\xc7\xd8TA\xafk\
E\x80\x18\xc7\xac9>\xea\xd3]\xbe|\xb5{\xa7$\
]q^\x8c\x1e\x7f1(m\x84\xdbZ^\xef\x8dW\
D\x95\xb5\xbe}\xfb\x83\xde\xf0s\xbd\xbc\x94\xf4\xa6f\
\xd3\x16\xbd9k\x15\xcf\x8b\xee\xaam\xd95I\xc5\xba\
\xc8\xa8\xc3\xc3\x06X\x81\x07,'aZad\x1f\xe6\
\x1a\xd6\x82\xa2s\xd8\xb6\x8a\xbe\xda\xa6\x8d\xf5\x97dN\
\xfa\xce\xaf\xc4\x00\x83\xc3\xfb$\xa8F\xf54=\xf2l\
\x90v\xed\xae\xdc\xfb\xd1\xafW\x82F\x9f\x1bS6\xdc\
}\xd9J\x93Vi\xae\x80V\xb1\x91Rq?U\x04\
\xb7\x15\x8d\xa1eJ\xf6\x1e\xd1]4\xc6\x94\x8dg\x0d\
\xb0\x8a\x1bM\xb7G\xb9m\xbb\x8a\xa2\xa6\x14\xad\xdb\xa0\
g\xf1EU1\x8c\x8eL\xfbI\xd3F)\xad\x9b\x06\
\x00\x0fx\xdd\x06\x83\x1a\xd6Ws}\xbb\x14$\xe9\xa1\
;\x22\xf4\xd2\xdb\x01\x9a\xf2\xbd\xbf\xdc\xe2\xf1\x88v\x8c\
\x1c\x1e\xa3\xbe=\xd56\x93\x8e\xfb\x5c\xffc\xdd\xba\x85\
\xfcFJ\xf7\xa6\x01\xcf\x8a,\xdbv\xe83h*\xd6\
#\x15\xa99F\x1d\x9e5\xc0*\x8a9\xe0\xd9\xe8d\
\xb3\x82\xa2&\xec\xea\xd7mPp2\xe5d\xd5Z\x83\
\x0a\xdaI\x0c4\xf7\x11\xb5j\x96\xa2E\xcb\xf4-\xbe\
0\x90\x1f}\x1e\xa0KF\xaa\xeb\xc9\xc0\xbd\xf2\xa7\x0b\
b4|H\x9c\xbe\xf8\xdaO\xd3g\xfbK\xd4\x8cF\
\x986\xbf]\x92\x0e\xef\x9d\xa4\xbe\x87$\x94\xab\xad\xe1\
\x1e\x9a:S\xffc\xdd\xb6\xa5\x0a\x03\xec\xae\xa21\x0c\
5\xd0\x99\xb7\xae\xa1\xc0\x00\xef\xa8d\x94\x86\xc9\x0c\x9e\
5\xc0(\xb4A\xc5_8T\xf9\xd7\xd0-\x14\xb1I\
AQS]\x05a\xb5\x8a\x00q\x0b\xd9\x9e\xd5\xb6-\
\x93Z\x0d0\x984\xd5OC\x07\xc7\xa9^\x9e\xda\xf7\
\xabq\x834\x8d:=.\x0eD\x08\xa0F\x85h\x0c\
\xc2\x87P\x0dC\xa1R&%N\xdf\x19\x1f\xd0.5\
hX\xb7m\x9b\x16\xf2\xbfT\xbf\x07,w\xed\x11\xb1\
\xd2\xf9^\xab\xf0\x80w\xeeRp\x22\x8c2<k\x80\
\xc1\x0e\xcb\x0b\x96\xe9\xe5\xad\xe9F\x0fXrW_Q\
\x96)\x985[\xd8>E\xe3\xbePp2\x15\x00!\
\xefW\xdf\x09\xd2\xb5\x97f\xae/\x03^\xb1\xce(\xca\
\xca5&M\x9c\xa2\xff\x91n\xd9,%]\x9d\x8b{\
\xbf\xb29\xf4\xca\xe0\xb36A\xb5j\xca]\x1b\x15\xcf\
kEP\xb1\x1e\xe9l\xf3b\x0e\x8e\xa7\x0d0n\xb6\
\xfa\x12\x1eN\xedZ\xee\xf3\x80\x1bI\xb6\x82T\x94%\
\xcbU\x18\xe0\xa4\xd69\xbb\xfb\x98:\xd3G\xf3\x17\xcb\
{\xf0N\xe1\x851\x01[d\x06;\xe7\xcb\xbb\x81K\
~\xd1\xeb\xfd6\xa8\x97\x92\x96\xa1T\xf1\xbcV\x84\xda\
\x92\x1b\x06\xb0\x83\x0d\xb0\xa3\xf0\xb4\x01\x96-j\xc2p\
\x03\x14\x18\xe9\xda\x99o\xde\xe6\xbe\xb6\x1e\x84\xa0e\x05\
D\xf0\xb3\xc8!\xea\x0eC\x83\xff\xbe\x14\xa2\xfbn+\
\xa2*\x12\xa9\x0a'\xf0\xe9$?\xcd[\xa4y\xc0\xf2\
ot\xca\x97\xb7\xfa\xba\x0d\xb0\x8a\xe7DE\x1b^E\
\xa8\xa3\xc0!PQ\xe8\xc9\xa8\xc3\xd3\x06x\xab\x82\x9b\
\x0d\xbbN]\x06\x18\xfa\xd5\xa8\xaa\x94\x990\xd4\xa8A\
J\xab7\x89\x82\xa6\xa5+L\xea\xd4A\xee\x17\xf6\xe8\
\xa2?\x0f\x0c6l2\xe8\xc51A\x1a=\xca\xbd\x22\
\xb9k\xd6\x1b\xf4\xca\xdb\x1a\x85\xcb\xf7\x03}\xa9\x10\x10\
\x91e\xf1r\xbd\x9b\x07T\xdf\xcb\xb2Q\xf3\xb4)\x15\
\x119\x15k\x22\xa3\x0eO\x1b\xe0-J\xdaz\xd2\xb4\
r\xb5\x82\x93)'(D\xa9U\xa3\xf2\x0b\x1a\x0a|\
\x10^[\xbb^\x9f1\x9b\xbb\xd0'm\x80{wK\
\xd0\xeb\xefj\x1c?\xb5\x1f\x13\xbf\xf5S~\xdb\x14\x0d\
\xe8\xaby\xb8\xab\x02\x10}x\xe0\xc9\x90\xd6\xb9\xbf\xfb\
\x031\x12\xd9\xa22\x14K.\xd3\xec\x017i\xe8\xc6\
\xb6)y\xa9O\xdd\xca]L\xd9x\xdb\x00+h\x11\
\x90\xc9!W\x86\xd5k\x0d\xea\x9c/\xf7\x1a\x08\xaf\xad\
]\xaf\xe6|\xca\xc3\x9c\x05>:k\xa8\x5c#o\xa3\
\xfai\xe1\x95\xe8^\xd4\xf6\xf1\xd4+A\xa1\xe6\xe4\xa6\
|0\xa2\x1c\x0f>\x15\xb2\xed=\x03\xbd\x15\x08\x9a\xcc\
_\xe2\xd3>WWE\x08z\xd5:\xbd\xc6\x0c\xf7\xa7\
\x0c\xec\xfd:\x0fO\x1b`\x15Z\xc5\xf5\xeb\xea]\x90\
W)\x98Y\xdb\xbcI\x8a\xbe\x9f\xa5/\xa4\x87J\xe8\
=E\xd0\xce\x96{\x9d\xfe\xbd\x93\xf4\xfa{\xf6\x18\x13\
\x18\x80\xfb\x9e\x08\xd1\x9d\xd7G\xa9\x99\x0d\xea\x5c\x15\x05\
\xa1\xffg^\x0b\xd2\xec\x0cMd*\x0f\x18\x0c\xd0\xa3\
\xb3\xbc\xe5\x9c3_\xef5G/\xb6l\xb1\x22\x8c\x99\
NQ\x0b\x0cZ\x91}\xbetWm3\x07\xc7\xd3\x06\
x\xe3f\xf9\x07[u\x9f\xe8\xc1P\xe1\xcd\xa8\x10E\
\xa8\x08\xf0\xc4\xe0\x05\xcb\xca;B\xd6\xf1\x8d\xf7\x03\xe5\
V\x92R\x0d\xc2s\xb7\xdf\x1f\xa2[\xff\x1c\xa5V\xcd\
\x9dk\x84!\x00\xf1\xe4\xcbA\xfa\xea[{\x1f_(\
x\x05\x14\x9c\xc2O\xf3\xf5n\x22\xd06\xe5\x93\xfc\x95\
\xba\xa3\x0e*\xd6!\x15\xeb!\xa3\x16O\x1b`\xecR\
\x13\x89b\x0d\xd5\xca\x22;\xe1\xa5\xa2\xa8P\x03\xd2m\
\x80\xc1\xf4\xd9\xf2\x06\x18U\x9e\x9d\xf2\x93\xf4\xb3\xe6\x05\
y\x7f`\x84\xef|(D7]\x1eud8\x1a\x02\
3\xff}1H\xdf\xfe`\xff\xa3{\xa4\x82\x9c\xf9\xba\
\x8d\x86vc\x06\xe1\x17YVk\x0e?7\xac\xa7\xa0\
h\xac\x04e6\xc6^\xec\x7f\x8a3\x08<)\xf4\xea\
\xc9h\xfe\xd6\xaf\x9b\xd6ZU\x8c\xb0\x16r\xd72-\
\x07Us\xd2\x22\xc4\xb6V\x93&4\x98\xf5\xb3O\xa8\
\x02\xc9z\x16\x83\x06$l5\xc0\x00\xd7\xe0\xae\x87\xc2\
t\xde\xe91\x1a|\xa4s\x0a\xb3p_ L\xbel\
\x85\xfd\x9e\x0c\xbcH\x15s\x8b\xa7\xff\xa8\xffZ\xb7U\
p\xde\xbf\xae\xd6{\x0d\x1a5\x90\xf7\x807h\xae\xda\
f\x0e\x8e\xa7\x0d0X\xbf\xc9\xb4\x0c\xb0\x5cU1\xf2\
\xc0\xba\x06\x1c\x00\xf4D\xd6\xa9%\xb7K\xc7\x22\xa3\xd3\
\x00Cnq\xdeb\x9f\xb4(C\xcf.I\xa1\xd1\xab\
[\xe4\xe0@\xb0\x99x\xee\x8d -\xb6\xae\xc5\x05g\
\xc4E\x0e\xceN0\xc7\xf8\x89\x97\x82\x8eQ2:\xee\
(5\x1b\x93\xe9?\xbaS\xb7Zw\xdf2\xe6f\xcb\
\xb2\x81C\xd0\x8e\xc3\xf3\x06x\xed\x06\x83\xbau\x94{\
\x0dT\xe8\xea\x1cp\x80\x87[6\x9c\x0b\xefd\xf2T\
E'TN\xbe\xfbA\xde\x00C\x9d\xe8\xb8\xa3\xe2\xf4\
\xf2X{\xfaZ\x0f\xe4\x9bi~\xe1\x91_p\xa6\xfa\
\xa9E\xe5\x01z\xd2\xcf\x8d\x09\xd2\xd4\x19\xf6F\x05\xf6\
\x07\xf2\x9a\xfd\x0e\x917\xc0\x9b\xb6\x1a\xda\x0dY\xcd\x1a\
i\xe9!\x0ch\xfdZ\xad\xa0X\xb2\x22\xa8\xf0\x80\xd7\
\xaew\xc6\xe6\x8d\xf9\x1d\xef\x1b`\x05\xfd\xb0\xa8\x8a\x9d\
\xf9\xb3\xbe\x05P\x85\xbcc\xc7\x0e\xfa\x8d\x05\xa4\x1d/\
8\x8b\xa4\x07\xb3\x1fsx\x82\xde\x1d\x1fpL\xcf\x22\
\x8c\xe0CO\x87\xe8\xb3\xc9I\xd1n\xd5\xbeu\xe6\xf3\
\x11X\xe4\xc7}\x11\x10\xa3\x05U\xcc\xb6V\xc9\x09G\
'\xa4\xaf1\xf8zj\xf9G7\xaa\xa2c{\xf9\xe7\
\x02\xc23:\xcf\x1b)0Y\x0f\x18\x02?N\xbb\x8f\
\x98,0\xc0k\x14\xec\xfat\xb7\xa5,_i\x8a\x9c\
\xb3)a\x87\xe1\xb5\xa3q_g\xeb\x01\x1ep\xe4\xf4\
\x0e\xeb%\xb7\xc8a\x82\xd5\x90\x81\x09z\xebC{\x84\
9J\x03R\x8f\x7f\xbb\xd7G]\x0b\x93\x22W\x0d\x11\
\x0a\x99kT\x12\xc8\xf3b\xa0\xc2'_\xf9\xb5\x0e'\
(/\xa8/\x184@\xcd\xf0\xe6IS\xf5{\xf5\x9d\
\x0b\x14\x84\x9f5\xabvAXGv\xc3\xa3b\x1dd\
\xd4\xe3}\x03\xac\xa4\xafV\xef6=\x1a3\xe8\xd75\
&\xb5h*\xb7X\xa0\xa2Xw\xab\x0a\xc6\xfc\xc9\x1a\
`p\xfc\xc08\x8d\xff\xd2\xef\x18/x\x7f\xd0{\x8b\
\x03\xd3t\x8e84A=,C\x8c\x90\x7fe\x8d1\
\xbc\x13\xb4\xe2|7\xc3G?Y\xafk\xc7@\x85\xf2\
r\xd2\xb1\x09)\xdd\xef}@vt\xfdF\xfd9I\
7\x0e\x8eP\xb1\xfe\xe8T\xc6c\xca\x8f\xe7\x0d\xf0\xf6\
\x9d\xc5c\xcer%f\xfb\x22\xfc\x83V\xa6\x84\xc6\x82\
\xd8\xc5\xcb\xe5\x0dpg\x1b_\xd8O\x12\x00\x00 \x00\
IDAT\x0c0\xf2\xa5\x98\x81\xdb\xa0\xae\xdc\xa2\x81\
\xf1v\xc3\x868'\x17\x5c\x12\x10\xb6\x7f\xff\x93\x808\
\xaa\x84\xd3B\xce\xb2Y\x93\x145i\x90\xa6\xc6\x0dS\
\xa2p\x0b\xc6\x0a_CQ\x17\x22\x048\xe0\xe5\xa2\xdd\
\x0cyD\xa4\x1b\xecT\xb2\xaa\x08\xd8p\x1c\x7f\xb4\x1a\
\xefw\xc2d\xfdK\x0f:\x03T\x0c4X\xac E\
T\x11 \xac#\x0b6\xf4\x8c\xf3\xf0\xbc\x01\x06+W\
\x1b\xd4\xb1C\xe5\x1f<x6x\x08t\xb6\x7f\xccY\
\xe8\xa3c\x8f\x90\xb3\xf8\xb2\xfa\xcc\x95\x01\xb9\xb1\x09_\
\xf9\xc5@zY\x8e;2A\x9fL\x0c\xd8^\x11]\
\x1e\x8a\x22\x06\xcd\x9a\xe3\x13\x87W9\xfd\xc48\x85\x14\
\xec\x87\x90S\x9fjC\x1f\xb3\x8a\xf03\x0c\x99\xeeJ\
\xf4V\xcd\xe4\xcf{\xa5\xe6\xb6)\xa6|d\x87\x01\xb6\
\x1e\x9a\x8e\x92\xc6\xa8us\xbd\x06x\xee\xc2\xe2B\x0f\
C\xe2YG\xb5*Z.t\x87\xcc&~\xe7\xa73\
\x87\xca/\xd6\x88:\x9cwF\x8c\xee\xfb\xaf\xcbg\x05\
z\x00(\x83\x1du\x98\x9a\x10\xd0\xe7\xdf\xf8\xb5k?\
\x03\x15\xb2\x99?/\xd0o\xc8Z\xb7P\xb1qp\xfe\
&6\x1b\xc9\x0e\x03\xac`\xf7'\x1e\x82\xc9\x0aN\xa6\
\x9c \xf7\xb9\xfcWS\x18~\x19zuKj7\xc0\
\x10\xb2@\xe8[\x85\x88E\xaf\xaeIQ\xf4d\xa7\xe6\
q\xb6\x83M\xe0Eg\xc7\xa4\x07\xd8\x83\xb8uKL\
\x98\xa4\x7f\xd9\x81n\xb5\x8a\xce\x80\x9f\x17\xe8\xbd\x0f\xf3\
\xea\xa4\xa9\xbaD\xfa\x0c \x82\xc4\x15\xd0\xce$+\x0c\
\xf0/\xbf\xca\x1b\xa06\x0av\xa1\x15\x05\x0f\xbb\xac\x01\
\xc6\x98\xbf\xd7l\x18\xf3\xf7\xc1\x84\x80h'\x92U\xc6\
\x02X\xfc\xaf\xbb3,\x8a\xd3\x18\xfd\xe0:\xaa\x927\
\xc5\xc6l\xfb\x0e\xfd\xd7\xb1{G\xf9\xb1\x89\xf0\xda\x17\
,\xd6\xbb\x99U\xb1\xee\xa8X\xff\x98\xcc\x90\x15\x06\x18\
E.\xd0\xd0\x95)\xe5o\xd2(%\x86\x8f\xeb\xdcI\
bJ\xcc)\x83\xe5^\x032\x9c\x98}\xaa[8\x00\
\xedO\x93\xa7\xf9\xe9\xa8~\xf2^0\xe4@G\x0c\x8b\
\xd3\xf3c\x9c[\x90\xe5U Z1\xf2T5\xc3\x86\
Q\xdd\x8d\x8d\x99\x1d\xf4\xee&\xef\xfd\xa2\xf8*\x12\xd5\
\xbbyh\xd7J\xfe\xbc1\xad\x8cq&Ya\x80Q\
\x81\xbar\x95)\xa5\x01\x8b\xf0\x1b~\xfe'\x8d\xa1\xd0\
\x85\xcb|b\x88\xb6l.\x15ah\xdd\x06\x18\xbc\xf7\
\x89\x9f\x06\x1c\x9aP\xd2+\x8bp\xf6\xf7?\xfaD/\
.\xa3\x07\x84\x9e/\x1f\x15\xa5*\x8aR\xf0_[\x1b\
2;\x06\x02\x04,\x9b\xdf\xb5\xa3\xbc!\xd3\xf9\xec\xef\
\xa3\x83\x02\xd1\x17'h\x873%\x93\x15\x06\x18@\xbd\
FV\x84\x1d\x0aH:\x1f\xc2x\xbc\xb8\xe7Tv\xf7\
\x8e\xbe\x5c(K\xe9\x06}\x9e\x13\xbf\xf5\xd3\xd1\xfd\xe5\
\xbd`\x18\x83\xab.\x88\xd1\xf5w\x85\x1d\xd9\x1b\xecE\
N\x1e\x1c\x97.^\xdc\x07Z\xf8\xde\xfc\xc8\x1e\xef\xb7\
g\xe7\xa4\x10w\x91\xe5\x87\xd9z\x0d0\x22v-\x15\
\x8c\xc5d\x0f\xd8\xb9d\x8d\x01^b\x19\xe0\xe3$_\
#\xbf\x0d\x0c\xa1\xdeE\x04\xcaR\xb2\x06\xb8i\xa3\x94\
\xa8b]n\xc3\x83\xf8\x96\xb5\xe8\xf6\xef\x9dP\xd2\xbe\
\x82\x1e\xce+\xce\x8f\xd1\xbd\x8fqUt\xa6\xc1f\xf3\
\xac\x93\xd5\xf4\xfc\x82O'\xf9i\xb3M\xedd\x03\x5c\
:6\xb1u\x0b\xf9\xbc5\xce\x9b7\xac\xce%k\x0c\
\xf0\xa2\xa5\xf2\xbb\xd7v\xad\xf5\x0br\xccT4\xe6\x0f\
\xa1\xe0\xe5+\xf5\xe7P!V\xf1\xf1\x17\x01!\xaa\xa1\
\x02x3x-;<\xfal\xa1f\xf54]sI\
T\x99\xcc\xe6\xde\x22\xa2w>\xb6\xe7z\xa1\x15\x0fU\
\xf4\xb2\xd81\xb5IE\xf4a\xd12N\xd98\x99\xac\
1\xc0\xc8=A\xf2\xafV\x8d\xca\x97\xf4#$\x84\xa2\
\x88\xf9\x8b\xf5\xdd\xd4\xaa\xc6\xfc!\x0c\xfd\xf2X\xb2\xa5\
\xff\xf2\xbdO\xfd\xc2\x0b\xa9]S\x8d\xa4\xe7\x99\x96g\
\x86\xd62\x9d\x032\xb2\x05x\x5c\xd7\x8f\x8e*Q\x8c\
\xda\xc7\xd8\x8f\xec\x1b\xac\x81\xe8\x8b\x8a\x8d\x84\x1ds\x8b\
\x0b\x15\x0c\x8eX\xb4\x94\xc3\xcfN&k\x0c0\x80\xfe\
\xac\xec\x98\xbf\xc2\xf6)\xad\x06\x18|?K\xde\x00C\
\x8a\xb3[\xa7\xa4\xf6<\x16\x88D\x0cz\xf9\xed\x00\xfd\
\xf9\x225\xd5\xb4\xc8\x07_}Q\x94n\xfdw\x98\x15\
~\x14s\xe991\xa5\xd3\x9e\xa0\x1c5~\xa2}\xd1\
\x8a\x01\x87\xca\x1b1l\xdcu\xf7\xd2\x17o\xf6Ux\
\xc0\xfc|8\x99\xac2\xc0\x0b\x97\xca\x1b\xe0N\x1d\x92\
bG\xaf\x93\xe9\x96\xd1\xbc\xf0l\x92\x16B@?\xa7\
\x1d\x06\x18|;\xbd\xb8\x18\xabc{5\x8b;4\x96\
\xff\xfa\xa7(\xdd\xf2\xaf\xb0\xd6\x89O^\x06\xeae*\
\xf2\xa5\xfb\xf3\xdc\x1b\x01\xdb\x86K\xa0wY\x85\x8e2\
6\xc0\xba\xc7&\xb6o\x93\xa4\x80\xe4\xea\x8c\xa8\x83\x1d\
\xdd\x0fL\xf9\xc9*\x03\x5c\xdc\xc2\x22\x97\x8b\xc4\xaeT\
w?0\x84\x0bP}\xddM\xb2\x95\x02\xb90\x8c6\
\xb3c\x0a\x0dx\xe6\xb5 \xdd\x7f[Dza\xd9\x07\
B\xda\xb7\x5c\x1d\xa5\xdb\xef\x0fi\xd7\xe7\xf5\x1ah\xf3\
\x1a\xae(O\xbf\x0fT\xc0\xeb\x8e\x16\xed\xcf\xe0\xffk\
\xef<\xc0\xa3(\xb7\xff\x7ff;\x1d\xe9\xa0\x82\x05\x11\
H\x10\xa4(\x08VT\xc0\x06(\x82\x0a\x82\xd8{\xbd\
\xf6\x1f\xeaU\xec\xd7^\xae\x0d\x11\xc5k\x03\x05\x15\x15\
\x01\x1b\x08*\x9d4\xba\x80J\xefI\xc8\xd6\x99\xff\xfb\
}\x97\xf8\x8fa\x13\x12\xf6\x9d\x9d\x99\xdd\xf3y\x9ey\
6\xc9&\x9bIvw\xbe\xef9\xef9\xdfs\x9a\x9a\
\xbf\x07\xfd\xec\xa9F\xc5\xbeu\xfe\xf2\xd4\xce-f\xaa\
OF\x090\xd2\x95\x85bUX\xa7\xd6\x81\xbf*Q\
\x0c\x85\xe2\x88T\xef\x09\xfd8'y\x01F\xea\x16\x17\
\xdaw>\xb2\xc6\xd0\x02#\xd1>\x9c\xe4\xa5K\x07\xa9\
\xbb\xd0\xc3d\xe4\x81\xdbB\xf4\xd03~\xae\xf6<@\
\x90\x19\xb9\xe2b5\xdb\x03\xa5`\xe2\xd3\xb8\x8f\xadK\
=\xa3\xf8\xea\x84\xae\xc9\x8b\x18\xe6\xe8\xaeLq\xfa\x19\
t\xcaJ>r\xcf\xe5\x9ey\xdb\x93Q\x02\x8c\xd5 \
\xac\xe4\x8eK\xb2\xad\x07\xab\xd3T\x0b\xf0\xdcE\x1e\x11\
u\x87\xe5\x98\xbed8\xf5\x84\xa8\x14\xc1T;\xfa\x94\
\xf2\xe5t\xaf\xfc\xff\xab\xdcgD\x9a\xf1\x81\xdbC4\
\xfay\x8e\x84\xab\xcb\xe9B|\xaf\x1a\xaaV|\xc1k\
\xef\xfa,\xf5\x1f\xc6vG\xb2-<\x00\xf3\xadS\x0d\
2;-\x0fN\xfe\xfd\x91\xb7\x8c\xd3\xcfv'\xa3\x04\
\x18`\xcc_\xb2\x02\xdc\xb9C\xeaK\x89a\xa59{\
^\xf2\xa6\x16\x10\xf0\x93\xba\xc7\xe8[\x0b\xe6\xb1\x02\xec\
\x07\xbe<\xd6GO\x8d\x0a*sX\x02\x87\x1f\xaa\xd3\
#w\x05\xe9\x91\xe7xO\xb8\xaa\x0c\xe8\x17\xa1\xa1\x03\
\xd5\xa6\x9d\x01^[V\x0e\xcf@\x96*\xd9Q\x9e@\
7\xe2\xee]\xa9\xa6\xb3\x82\xa9M\xbb\xc4B\x94g\x00\
\xdb\x9f\x8c\x13\xe0Ey\xc9\xbf(\xd1\xa2qxK=\
\xe5&\xe7?\xceQ\xe3*u\xee\x99\x11\x9a>\xd3c\
Yq\x0c\xf6\xa0\xdf\x1c\xef\xa3\x9b\xafP\x1by\xb5h\
j\xd0\xe8\xbb\x83\xf4\xd8\x8b~\xbe\xf8T\x02\xb6\x22\x86\
_\x18\xa6sNW\xdf\xd0\x8e\xd1\x9f\xef|l\xadg\
7Z\x8fT\xb4\xbc\xe5\x8a\xc5\xfa\xf6\x1d\xa9_\xccu\
U161\x9f_\xffN \xe3\x04\x18\x17\xffM[\
5j\xda(\xb97h\xb7\x8e\xb1\x94\x0b0\xaa\xb8\xb1\
'up\xb3\xe4\xce\xbdYc\x83zt\x8d\xca\xcad\
\xab\x98\xf9\xabG\x0eH\x87A\x88J\xb08\x1a}O\
\x90\x9e\x7f\xc3O\x0brx\x0f\xac<\x01\xbfA\xb7\x5c\
\x19\xa6\xae\x1d\xd5gq\xe0[\xfe\xfc\x1b>i\xa1j\
\x15X\x5c\x0c\xe8\xab\xe6\x04\xb0HM5~\x9fA\x1d\
\x92l9\x04\x0by|\xa7#\xc88\x01\x06\xa8(N\
6E\xd5\xb5SL\xda,\xa6\x9a\xaf\xbf\xf3\xca\xf1|\
\xc9r~?k\x05\x18\xbc\xf5\xbe\x97\x8eh\xa9+\xd9\
\xef*\x0bR\xdbw\xdf\x18\x92{\xdd\x9f}\xcd\x8eY\
\xa5\xa0\x02\xfe\xce\xeb\xc2\xca\xff\xdf\xa5\xbc1\xdegy\
\xdb\x0b\xda\x0c\x93]\xa0\x82\xed;5K\xcc7\xb0(\
Mfj[)K\xf2Y\x80\x9d@F\x0a\xf0\xc2\xdc\
\xe4\x05\x18{\x8e\x18\x93\xb7iKjST?\xfe\xe2\
\xa6\xa1\xe7\xc7\xfb`\x93\x01\x17\xe1n\x9d\xac1\xe6(\
\x05\xf3}\x9f|\xc5OO\xdc\x17\x94F!*A\xcf\
\xf4%\x03#\xb2\xd8\x0b{\xce\x99^!\xdd\xa3k\x8c\
\xae\x1b\x1eJ\xfauS\x11_L\xf3X\xb2_Z\x9e\
\x81\x8aZ\xa9\xa6\xfd\xe4\x91\x16\xb0\xa9\xa6{\x97\xe43\
B\xf0|\xdf\xb5;\xb3_\xefN\xc1\xfaw\x8c\x05`\
\xd0}\xb2\xf3\x81A\x0f\xf1f\x99\xf4Mj#,\xb8\
J}?\xdbCg\x9d\x96\xfc\x1b\x15}\x9fV\x0a0\
\x80E\xe8\xb3o\xf8h\xd4\xad\xea\xbc\x87\xcb\xd2\xe5\x98\
\x98\xec=~u\x9c/#\xa3\x82@\xc0\xa0\xcb\x06G\
\xa8w/\xf3\x0c\xccQp5~\xa2\xf5\xb3\x9a\xf1\x5c\
ca\x9c,\xb0k\x85\x00\xa7\x1a\xf8\xcc\xab\xd8\xffe\
\x8bV\xe7\x90\x91\x02\x1c\x0e\x13\xe5\x08\x11\xee\x92\xe4\x8b\
\xbd{\x97X\xca\x05\x18|\xf3\xbd\x1a\x01>\xf20\x9d\
\x8e\xef\x1c\x93N?V\x82b\x17\x98t\xc0\x06\xd1\x0c\
\xb0/\x0c\x81\x9f\xfa\x83\x87\xc6\x7f\xea\x95\x8b\x98L\x00\
{\x89\xd7\x8d\x08S\xe3\x06\xe6\xb91`B\xd0so\
\xfa,+\xe8+\x05{\xbf\x17+\xaa\xe8\x9e=\xcfm\
I\x04\xd9\xb1},\xe96C0w1\x0b\xb0S\xc8\
H\x01\x06\xf3\x16'/\xc0G\xb6\xb2&\x0d\xbda\x93\
KF\x1d*\xdcr.\x19\x18\x16Qp\x0d\xcb/\xa0\
(x9\xa8\xbeA\x83\xcf5\xaf\x82\xa7\xcf)Q\x99\
vG\x95\xee\x9cy\xe9{\x91\xc24\xa3\x11\x83\xc3r\
\x00\x87\x99\xc0lc\xf4\x0b~\xda\xb3\xc7\xfa\x05\xcdI\
\xdd\xa3\xd4J\xd1\xde\xf67\x16yW\x9f\xd0-\xf9E\
5\x9e\x93T\x17\x872\x07N\xe6\x0a\xf0\x127]m\
\xc4W\xce\xc9\x80\x96\x87\x09_\xa6\xfe\x0d;\xe9\x1b\x8f\
\x12\x01F\xeb\x0e\xd2\x93V\xa4\xdc\xca\x03\x8fm\xb4\x8f\
\xa8h\xb5\xaa\x08<\xfe\xedW\x87(\xf7$\x97L\x9b\
\xa6\xd3\xb0r\x9f\x8f\xe8\x9c\xd3#\xd4\xbfODI$\
U\x19\xd8S\x87\xf1\x89\x15m:\xe5\xf1\x8a\xb7\xdf\x10\
E\xb3\x8bs\x97\xb9R>x\x01\xa0\xfa\xf9\xb8N\xc9\
\xbf\x9f\xe7q\xf4\xeb(\xac\xbf\xeaZ\x04\xfc\x951)\
\xa4m\xeb\xe4V\xcd\xbd\x8e\xb3F\x80\xe1k\x8d\xf3W\
\xe1(u\xa1\x88:\x7f\xfa\xc5-\x8b\xa2\xac\x06\xa9h\
\x9f\xb8\x18\x9dt\xbc\xb9\xd1\x1b\xecD\x9f\xb8?H?\
\xcfu\xd3'\xe2\xf9\xfb\xcb\xc1\xa6\xf5\xd8;\xc4\x10\x85\
AgG\x94\x8e\x11\xac\x08\xcc\xf7E\xe4ku\xc5s\
)}O\x8d(K\xb3[5g\x1a\x99\x99\x80\x02c\
\x9a_,\xdeNb\xaaG\xc6\x0a0\x983\xdf#\x04\
8\xb9}G\xb4< \x15mE$\x85\x8b\xc5\xbd7\
\x85\x92~\x1c\xccH\x1e\xd0/J\x1fM\xb6\xbee\x07\
\xa9\xf0W\xc6\xfa\xc9\xe3\x0e)\xf1\xf2\xdd\x1f=\xbb\xc5\
\xe4\xef\xc1\xc4)\xb4,\xadZc\x0fQ\xa9\x0a(\xb0\
:\xadg\x8c\xce;35\xc2\x0bJB\x10\xdf\x80m\
\xfeOu\xeb\x18\xb2\xa5N\x05+\xc5\xdf\x84\xda\x10+\
8\xb1\xbb\x1a\xf7++\x87_0\xd5'\xa3\x05\x18\xab\
\xc5\x91C\x92\x7f\x9cSzF\x85\x00\xa7\xbe\x0a\x14F\
\x13k\xfep\xd1a\x0a*?\x91\xb6\xc4\xc0\x07\xab&\
%\x95\x05\x22\xfc\xc2[\x08\x07R#\xc2\xd8\x868\xfe\
\xd8\x98<\x90U@\x91\xdb/\x0b<\x145/\x13\x9e\
\x14-\x9a\xe9r?\x1b\xbe\xdef\xb5\x15%\x02\x91\xef\
c/\x05h\xc5j\xeb_#\xa5\x0c=?B\xb5\x93\
\x18\xaeR\x16\xab\xa2\xdf\xfab\x01\xdc\xa9}\xf2\xafs\
\xf4-[]\xcb\xc1T\x8f\x8c\x16`\xec_\xa9H\xe3\
\x9ex\x5c\x8c\xde\xfd\x84,q\x00\xc2E\xe3\xf6k\x92\
\x8f\x821\x22p\xe4E\x11z\xfcE\x85\x06\xcdIP\
*\xc2\x18@a\xe6\x9epy\xf0Z8\xfa\xc80]\
)~\xef\x9cy\x1e\x9a\xf5\x9b\x9b\x0aVX\x7fa\xab\
\xbfw\xba\xcf\x89\xdd\xa3\xd4\xfa\xb0\xd4\x9f\x0c\xaa\x82\x1f\
\x15\xaf\x0d;\x15\xf8`4\xe8\xa9\x8a\xe6\x17\xc3\xba\xd4\
\xaa\x96<\xb8\xc1\xa9h\xc1\x9b3\x9f\xa3_\xa7\x91\xd1\
\x02\x0cf\xfd\xe6\x91\x17\xdcd\xa8U\x13\x05\x14Q\xfa\
yn\xea\xff\x9d\x88\xe2q\xf1P\xe1n\xd49;f\
\xb99GY z\xaf\xbf\xe7\xa3\xc2\x22\x8d\x06\xf6K\
\xed\xea\xa6V\x8d\xf8D\x1d\x1c\xf8\xfd\xc86,\xc8u\
Q\xfe27\xedLA\x8b\x0a.\xc8h\x13;\xa6]\
L\xdaFb\x9b#\xd9\x82\xc1\x03e\xcb6\x8d\x1e~\
\xceo\x8b\xecH)\xf8\xff\x5c94\xac\xec\x7fb\x85\
\xab])\xa7\xf6L~\x11\xb1c\x97\xb6w\xde9\xe3\
$2^\x80\xd1\xf3w\xd9\xe0\xf8\x04\x95d\xe8}\xa2\
5\x02\x8c\x11\x8b\xe8m\xbdO\xc1^0\x189$L\
K\xf2\x03\xb6(\xc8*\xe5\x7f\x9fy\xe5\x84\xa3\xcb/\
\x0a'\xfd<\x1d\x08p\xe9:YD)'\xf7\x88\x7f\
\x0e?\xee\x15\xab\xdd\xb4\xe6\xcfx\xcb\x07\x8a\x91\x92\x19\
\x83\x88\xb1yM\x1a\xeb\xd2D\xa2\xd5\xa1\x86\xb4\xe7<\
\xfaH5E9\xc9\x82}Q\xb8\x95\xa1h\xd1N\xc0\
\xc9N\x85\xe9\x06@\xd5\xb3U\xbd\xf0\xed\x8e\x8a\xc9N\
\x84dA1\xa1\xd5Y\x1a\xa6\xfad\xbc\x00\xe3\xc2\xb9\
8\xdf\x9d\xf4\x88\xc1\x0emuj\xdeT\x97=\xba\xa9\
f\xa1\x88\xce\xf2\x97\xbb\xa8}\x9b\xe4\xdf\x81\x8d\x1b\x1a\
r_\xed\xed\x0f\xadw6*\x0bF\xdc\xad\xdf\xa4\xd1\
\x1d\xd7\x84\x95\xed\xf9\x1d((\xbc;\xb8\xd9?\xa3\x96\
\x92 \xd1\xa6-.\xda.\x84\xaaP\xbc\xa6\x0a\x8b\x89\
B!\x8d\x22\xd1\xf8(I,\x1c|\xe2\xdd\xe6\xf1\x22\
\xba6\xe4\xc0\xf8\xbaB\xd8\xf1\xffF\x01\x95U\xd1m\
e \xfd\xfe\xea8\xbf\xa5\xc3\x15\x12\xd1\xa4\x11^\xa3\
\xeaL[\xc6O\xb4.\xfaU16\x11\xcc\xfa5\xe3\
/\xe5\x8e\x84\x9f5\xc1O\xbf&/\xc0\x00o\xa6q\
\x16\x8dbCO\xebc\xf7\x06\x95<V\xdfS\xa32\
\xb5m\xb7\x8aJ8f\xdd\xfb\xb8\xdf\xd4\x81\x02\x07\x0a\
\x8a\xa1P\x0cw\xd8\xa1V\x9fI\xf2`\x0e\xae\x9d\x07\
Y\x5c;<\xa4,;\xb0 \xc7\xba\xd79*\xb8\xe1\
\xa6\x97,\xc8\xc8\xa4S?{&\xc1\x02,\x98\xbb\xd0\
C\xc5%a\xb9\xef\x97\x0c\xa7\xf4\x88\xd1\x07\x9f\xc5#\
\x9eT\x834\xda/\xf3\xddJ\xde\xd0\x88\xc6\xae\x1f\x11\
\xa6;\xfem\xafT4\xc0>\xe4\xbd\x8f\x05\xe8\x8aK\
\xc2t\x9a\x82\xbd3\xe6\x9f`/\xf1\xf97}\xb6[\
|\x95\x82E.\xb2M*\xc0\xf6\xcd\xfb\x9fZ\xb7\xc8\
8\xadWTn?$\xcb\xf7?\xf3e\xdc\xa9\xf03\
Gq\xc1D\x0a\x07\xad\x1d\xc9\x80\xd4(,\xf1\xac\x98\
#\x0a\xde\xff\xcc+\x0bv<\x0a~=,6\xed\x98\
\x8a\x06x\xbe\xfe;\xceG\x05\xcb]t\xb9\x10\xe2\x1a\
6\xd8+M\x07`o\x8a\xc9Qv\x9d\xa4\x83t\xfd\
\xb0A\xeaR\xcf\x18j\x82\x02F+@\x11Y\x1f\x05\
\xe9g\xec\xfb\xfe8\x87/\xe3N\x85\x9f\xb9\xbd`\x15\
\x99\xac\x00\x83\xb3z['\xc0\x88\x0e\xbf\x98\xe6UV\
1\xdc\xef\xb4\xa8L\xd1-\xb2\xe9p\xef\x1f\xc4\x85'\
\x7f\x85\x9bn\xb8,\xa4d\xff;S\x09\x09M{\xf7\
\x13\x9f\xdcg\xb7+\x10\xac\x9b\xaf\x08)[l\x15\xef\
\xd1,\x8d~1\x04\xa5\x91\x02\xf7\xae\x05\xb9\xa9\xa9\xca\
g\xcc\xc1\xbe\xef\xb8\x14\x83=\x94\xb5\x7f\xba\xa8\xd5!\
\xc9]\xc8\x0fm\xa1\xd31\xedc\x96\x8d\xbe\x9b8\xc5\
#\xfd\xa9U\xbc\xb9\xc1\x8d\x97\x87\xe9_\x0f\x07lW\
\x05[\x0a\xc6\x19>\xf4L@,|\x22t\xf1\x80\x08\
\xf9\xed\x17\xb0\xdb\x9a\xfc\x15.\x99M\xb0S\x8bQ\x22\
\x86\x9c\x17I\xda6\xb6,\x1fN\xf6&U\xb9\x9e,\
g\xf7V\xb3H\xfen\x16_\xc2\x9d\x0c?{e@\
\x04p\xd5\xd0\xe4S\x5c\xe7\x9c\x1e\xb5L\x80\xb1g\x8b\
i?\xff\xbaVM[R\xbd:\x06\xddre\x88\x1e\
y.`\xdb6\x07\xec\xe5M\x99\xee\xa5_\x17xh\
\xe4Ea%\xa6\xf6\xe9\xce\xee\x22\x11\x01N\xf4\xd2w\
\x0e\xd8?\xec\xd06\xa6\xb4\x0f\xfc\xf7?\x5c\x96F\xfb\
G\x1d\xa1+\xf1p\xc7\xe4#\x9e\xfd\xebl\xec\xff\xee\
K!\xa8\x86\x1e6\x88\x92Ns\x1d\x9b\x1d\x93\x914\
\x22j+@O\xa3\xaaq\x85 \xfbh\x9d\xce?+\
b\xc9\xd0\x89\xea\x80^\xe1\xa7_\xf5\xcb1\x93#.\
\x0cSs\x05\xfd\x95\xe9\x06\x16Q\xd8\x22\xf9`\x92W\
N4\xb2;h\xd7\xba\xf9Ju\x86\x1bX\xac\xbd\xf5\
\xbe\xb5\xf3\x8b\x07\xf4Q\xb3\x98\xc0\xf3h\xd7E1S\
5X\x80\xcb\x80A\xed3\x7f\xf1(\xe9\xcd\x1b\xd07\
\xb2\xd7\xcf\xd8\x1a\xc6|\xe0\xa5g\x1f\x8aI\x8bI\x15\
`b\x12*\xad\x17\xdbt?\xb8,\x88\x0a\x16\xe5\xd5\
\x90.V8oD\xf1L|T\x1dL[\x9c2\xf9\
\x09\xbd\xd3\xb7]\x1d\x926\x9c\xaa@\xc4\xbf\xdcB/\
\xeb\x83\x9b\xeb\xd2m.Yb\xe2!fp\xfa\xd9\xf1\
\xf03X\x8e\xa9?\xa8\x11`\xf8\xf6~0\xc9\x90{\
\x94V\x80==\xf4r^:H\xcdj\xdb%\xfe\x8c\
\xdb\xae\x0a\xd3=\x8f\xd9\xcb\x92\xb0\x22p\x81\xc2s\xf9\
\xe3/n\xb9%\x80\xe2\xb8:\x16\x1bxX\x05\x8cf\
0rq\xd9J\xfb?oe\xb9lH\x98\xb2\x14\x16\
\xd7!e\xfb\xee'\xd6fq\xfa\xf7\x89*\x89\xe61\
\xbdk\xc7N\xfbg0\x98\xcaa\x01.\x07\xda\x12r\
\x96\xba\x92\xee5D\xd5&\xf6\xad\xe0el\x15_N\
\xf7\xd2q\xc7\xc6\x94\xec7\x01x^\xdf}CX\x9a\
a [\xe0\x04p\x9eH\x9d\x7f9-^\xe5~\xce\
\x19Q\xa5\x11\x95\x9dA\xc4;\xf1+/\xad\xb4`\xc0\
|\xb2\xf4\xee\x15\xa5\xbe\x0a\xba\x12\xca\xf2\xda\xbb>\xda\
Sb\xdd\xeb\x16mT'\x1d\xaf\xe6o\x9a2\xc3\xde\
\xdbAL\xd5`\x01N\x00\x0az:\xb4M\xbe\x88\x09\
C\xd2'N\x89\xfb\x18[\x01\xf6\x87^}\xc7GO\
?\x10$\x9f\xa2\xf7\xeb!\xcdu\xba\xf9\x8a\xb0\xdck\
5\x1c\xa4c\xc1\x90F\x93\xa7z\xe5s\xdb\xbdKT\
\xba}\xa9Z\x98\xd8\x09\xb4\xd7\xfc0\xc7M\xdf\xfe\x00\
\xebN\xe7\x09/\xc0\xf3r\xe5%\xea\xfa}\x01R\xcf\
V\xb7\xd3\xa1\x8eB\x85\x979f1;-\x9b\xc1$\
\x86\x058\x01\xe8}\xdd\xb0Y\xa3\xe6M\x92S\x18\xb8\
\xdc \x0a~\xf3}\xeb\xa2`\x5c\x84\xd1r1\x5cQ\
*\x1at\xeb\x18\xa3a\x17\x84\xe9\xbd\x09\xce\xeb\xf9\x89\
\xc6\xe2\x13\xb0p\xc0:\x12\x93hzv\x8b9z\x9f\
\x18\x0b!\xb4\x13\xc1\x90a\xf6\x5c\xb7\xed\xdc\xcb\xaaC\
\xb3&:\xddy}H\x89\x99L)H=\x8f\xfb\xd8\
\xda\x88\x11m\x81\xa7(\x1a\x9d\xf8\xe5t\xbel\xa7\x0b\
\xfcL&\x00\x17\xb4/\xa7y\x95\xb4$\xc1.\x11\x9e\
\xbaVE\xc1\x00Q\x1fZsT\xf6Q\x9ewfT\
\x5c\xd8\x5c\xf4\xd5\x0c\xe7\xbe\x84\xd6\xfc\xe1\xa2\xb1\x1f\xfa\
\xc4\xc5\x99\xa8cV\x8cN<.J\x9d;\xe82\xd5\
\xee\x04\xd0\xbb\x8e\x8a\xf7\x99b1\xb1u\x9bsE\xb7\
\x14x#\xdf\x7fKH\xf9b\x08}\xceV\xa6\x9e\xc1\
\x05gG\x94\xd8Nb11g\xbes\xdfs\xcc?\
\xe1g\xb2\x02~\x98\xed\xa1\xc1\xa8\xa0Mr\xbf\x10+\
\xf9\xc1\xe7Ed*\xd8*J\x87\xdb?=*\xa8t\
\x92\xd0e\x83\xc3\xb4s7\x89\xa8\xcb\xd9/#\xfc\x7f\
0Q\x0a\x07R\x84\x18\x11\x87V\xa6\x8e\xedui\xac\
b\x17\xf6\x94\x90\xf4h\x9e\x8f\xd9\xc4K\xdc\xb4=\x8d\
\x8ap\xfc>\x83\xee\xbd)D\xcd\x1a\xab\x15\xdf\xc9S\
=\xb2\x08\xcdJ\x10\xd5\x9f\xaa(\xfa\xfdb\x9aG\x16\
\x182\xe9\x81\xb3\xaf\x9c&\x02\xbf\xe1\xaf\xbe\xf3Hw\
\xa5d9\xb9{\x94&}\xe3\xa1\xf5\x1b\xad\xdb\xb7A\
\x04\xfe\xaa\x88\x04\xee\xba^\x8dA\x07@5\xe7M#\
\xc3\xd2;8]\x86\x81\xe3\xe2\x86\xa9K8\x00\xa22\
\xd8\x5cB\x941\xa7\xb7\xd5\xa1z\xca\xbc\xa77n\xd1\
h\xcd:\x97l\xff\xc2\xff\x17\x06\x12\xe9\xd8\xf7\x89E\
\xcf\x1d\xd7\x86\xa9\xf5aj\xff8\xfc\xdf>\x98d\xfd\
6\x09\x5c\xbcT\xec\xfd\x16\x16k4\xc3\x22\x9b[\xc6\
\x1c\xf8\xd9\xac\x04\xb4\xb1\x0c\xe8\x17I\xfa\x82\x8b\x8ah\
\x08\xf93\xafY;5`\xee\x227}\xf3\xbdG\x16\
 \xa9\x02\x11\xfe\xdd7\x86h\xf4s\x01K\xfb+\xcd\
\x02v\x85\x982\x85\x03`\xd1\xd1\xb4\xb1\x10\xe2C\x0c\
\x11\xad\xe9\x22\xba1\xe4|\xdaF\x0dt\xaa[\x9b\xaa\
\x95a\x88\x8a\xa7a\x97x|x\xf9n\x12b\xbbi\
\xabK\xb6\xad\xfd\xb5A\x93\xe9\xf1\x12\x87T\x9a'C\
\xa9\xc73\xcckT\x82l\xc1\xf3o\xfa-\x8f\x16Q\
g\x80\x1a\x03\x15\xe0\xbd\x8bbB&}`\x01\xae\x04\
T\x94~\xf3\xbd\x97\x06\xf6M>\x0a\xee\xde9\xde\x0e\
\xb4l\x95\xb5\x225\xee\x13\x9f\xdc\x0b\xc6\x85A\x15X\
\xa0\xdc\x7fK\x90F?\x1f\x90QG:\x83\xfa\x00\xf4\
Ao\xdc\x8c\xcf\xf6\x0dk (uj\x1bT#`\
\xc8=?,Pp\x18z\xbc\x00,\x22D7\x12\xd1\
\xa8\xa8\x982B`+\x03\xff\xab\x9b.\x0f\xc9\x9ey\
\xd5\xbc\xf6\xae\xdf\xb2\x1e\xfc\xb2\xa0\x0f_E\xdfoI\
\x88\x1c]o\xc1$\x86\x9f\xd1\xfd\x80\xfe\xd1\xb3NS\
c\xf2\x0f{\xc4\xfb\x9e\x08$\xff@I\x80\xa8\xeb\x99\
\xd7}\xf4\xc4\xfd\xc1\xa4\xe7\x1f\x97\xa5\xa6x\xac\xfbo\
\x0d\xd2#\xcf\x062z88R\xc4H\xc9\xdbu\xa4\
\x9f]\x80\xf8\xde02D\xbd\x8eS/\xbe\x88\x14\xe7\
\xcc\xb7~K\x04Q\xfd1\xedTE\xbf\xce\xb0\x0ee\
\xaa\x07\x0b\xf0~@\x0a\x12oh8\xd8$\x0bL\xd8\
{\x88\xd5\xfe\x9cy\xd6^\x1c\x10\xc1=\xff\x86\x9f\xee\
\xbd9$\x1d\xaeT\x01A\x1fu[\x88\x1ey\xde/\
{\x15\x19&\x11\x10\xdf\xebG\x84\xe9\xa4\xe3\xd5\x8bo\
\xder\x97\x1cFb5\xf8\x1bU\xb9\xd0a\x5c$\x02\
\x01&\xfd\xe0g\xb5\x0a|\xfe\xadW\xee\x9b\xaa\x88\x82\
/\x1d\x14\xa6\xf9\x8bk\xc8\x22/+\x81)\x01\xe6\xa1\
^z\x81\xda\x13A\x0b\xcfCw\x04\xe9\xa9W\xfd\x94\
S`}\x14\xc2\xd8\x0b\xaf\x97\xe8\xd6\xabB\xa6L\xac\
\xda\xb2M\x93u\x16V\xef\xfb\x02\xd8\xd9\xaa\xaa\xa0G\
\x00`\xe5\xe8D\xc6<X\x80\xab\x00^\xfc_}\xa7\
f/\xb8q\x03\x83\xfa\x8b\xc7\xf9\xe4\x0b\xeb\xad\xe4>\
\x9f\xea\xa5\xc3\x0f\xd5\x95\xa7\x01\x03~\xa2\xfbn\x0a\xd1\
\x0bc\xfc\x7f\x17/1\x0c\xf6\xc5\xef\xba!$\xa7k\
\xa9\x06Q\xe2\x93\xaf\xf8\xa9\xb0\xc8z\xa1B!\x1e*\
\x9fUP\x12$\xe9\xe0\xc6\xa4',\xc0Ud\xf27\
\x18\xd2\x10Q\xb2o\xda\xbfO\x84\xbe\x9fm\x0f\xf3\x84\
\xff\x8e\xf3S\x8b\xa6A:\xa2\x95\xda\x8b\x22\x0a\x8f0\
\xc9\x06^\xd8<4\x9c\x91&\x1b7\x87\x94\xbf\xceJ\
ye\xac\xdf\xb2\xf1\x9f\xe5A\xc7\x83\xaa~\xfb/\xa6\
ym\xb1\xa8`\xcc\x81\xaf\x8cU\x04\x15\xd1\x88\x18U\
\xf4\x05#\x95=rH\xdcO\xd9j\x90\x0a\x7f\xfce\
?=vOP\x9a\xc5\xab\x04\xfb\xcb\xd7\x0d\x0fS\xd3\
F\x86\xb4\xc3t\x92w4\xa3\x0e\xa4b\xd1\xaa\x86\xd7\
\x81\x19`+\xc5\x0eEW\xe0H\xb1\xc08\xfd$5\
m~\x10^\xde\xfbMo\xf8\xd9\xad\x06S\xa6\xc7{\
h\x0f\xaa\x97\xfc\x85\x04{`];\xc6\xe4\xc4\x1a\xab\
\xd9\xb9K\xa3\xd1\xcf\xfbi\xf4\xdd!\xd9B\xa3\x1a\x98\
\xd0c\x0e\xeaKc|\x8e\xf6)f\xaaO\xa7\xac\x98\
\xcc\x84\xd4TXq_\x16\x98\xe5L\xfa\xc6\x1e)Z\
\x14^]5,\xac\xac\xb0\xf1\xd3\xaf<\x19\xdf\xaa\x96\
\xee\xb0\x00W\x03\x88\xc7\xc7\x9f{\xe9\x9aK\xd5Lj\
\xb9\xfc\xe20\xe5\x14\x04l!J\x18\xda\x80H\xf8\xc1\
\xdb\x83J\x8a\xcd\xcas\xfc\xb11jrW\x88\x9e\x10\
\xbf#\x9d,\x14\x99\x8a9\xeb\xb4(\x8d\x18\x1c\x96\xc2\
d\x06\x88z\xdf\xf9\xc8\xfa\x8a\xe7R0\xee\xf2HE\
)v\x18\xb3\xa0\xf5\x88IoX\x80\xab\x09\xc6\x9aa\
\xb8\xbb\x8a\x0aG\x14d]4 B\xe3l\xd06\x01\
V\xacv\xd1so\xf8\xa5]\xa5\x19\x17\xcd\xc3[\xea\
\xb2\xff\xf8\xf97}\xd2\xd3\x98IO0\xfa\xf2\x8aK\
\xc2r\x10\x89Y\xa0\xdd\xe8\xc51\xf6\x19\x89\xd9\xf0 \
\x83.\x1e\xa0n\x84\xe2\xfb\x9f\xfa\xa4q\x0b\x93\xde\xb0\
\x00W\x13\x18-\xbc7\xc1K\xf7\xdd\xac\xc6S\x19b\
\x8ea\x06vq\x90\x9a\xbf\xc4-\xa7\xc7\x5c\x7fYX\
\x89\x83Oy\x90\xbe\x7f\xf0\x8e\x10}4\xd9K\x9f~\
\xc5+\xfct\xa3ES]\xfa:\xb7<\xd8<\xd3\xea\
\xd5k]\xb2\xcd-j\x9e\xbeW\x1bd\xc5j(\xf2\
\xd8\xc1B\xd8.{\xda\x8c\xb9\xb0\x00\x1f\x00\x0bs\xdd\
\xf2P\xe1_+\x0b\x95F\x84\xe9\xae\xd1\x01\xdb\x5cP\
~\x98\xe3\x91\xe6\xf1\xd7\x0eW;\x14\xbd\x14\xfc\xcd(\
f\x835\xe7Ko\xfb\xd8\xe1'M8\xa1[T\xbe\
f\xcc\x1cV\x81\x81\x140z\xd9\xb3\xc7>\xaf\x99\x13\
\xbbG\x95yY#\xa2\x1fk\xa3\xb4:c.,\xc0\
\x07\xc8;\x1fy\xa9C\xbb\x98\x92\x19\x9fHg_x\
N\x84>\x98d\x9f\x88p\xc6,\x8fLC_=\xcc\
\x1c\x11\x06\x9d;\xc4\xe8?\x0f\x04\xe9\xe5\xb1\xbe\xbf\xa7\
\x0f1\xce#\x100h\xc4\x85\x11:\xfdDsW\x90\
k\xffr\xd1\xc3\xcf\xfam\xb5`\xab_\xcf\xa0\x91C\
\xd4\x99\xd9\xfc8\xc7>\xd90\xc6|X\x80\x0f\x10\x14\
-\xa1*Z\x85E%\x18\xd07\x22+\xa2\xed\xf4\xe6\
\x9b\xf6\x93G\xf6\xf3^~\x91y\x22\x8c\xbd\xb3\x07n\
\x0b\xd1\xd7\xdf{\xe4\xbeW\xd8\xbc_\xc5\x98\x00\xc64\
\xde82,'B\x99\xc9\x9f\x1b\xec'\xbe\x00\xd9\xab\
:\x8az~a\xba\x81\x96*&s`\x01N\x82\x09\
S\xbctR\xf7\x98\x92\xb6\xa4\xd2\xc90\xffz\xa4\x86\
\xadD\xe8\xeb\xef<\x84K\xdeH\x13E\x18{\xcd\xa8\
\x98=6+F/\xbd\xed\xb7\xd5\x22\x84I\x0c,%\
/\xea\x1f\xa6s\xcf\x88\x9aR+P\x96?\xd6\xc7\xc5\
\xd7nv\x8c\x88\xf8;+\x1c\xa3\xf8\xf1\x17^9\x9a\
\x92\xc9\x1cX\x80\x93 \x18\xd4\xe4~\xcd\xedW\xab)\
\xc8j\xde\xd4\xa0\xe1\x83\xc2\xf4\xd6\xff\xec\xb5\x07\x84^\
K\xccW\xc5j\xdf\xac\x96\x12\x80\xbf\x7f\xf4=A)\
\xfa0\xee\x08r\x0f\xa4-\xc9n\x1b\xa3\xab\x86\x86\xa9\
ES\xf3K\x901c\xfa\xf1\x97\xec\x17\xf96k\xa2\
\xd3\xf0\xc1\xea\x16\xa5H\xaf\x7f5\x83\xa3\xdfL\x83\x05\
8I0\xd9hQO\xb74\x1cP\x01z\x091(\
\xc1\x0e\x06\x1deAaV\xd1\x1eM\x9a*\xf8L\xbc\
N\xa0@\xeb\xec\xdeQ\xea\xd1%&\xa7\xdaX=9\
\x8a\xf9\xff\xd4\xafk\xc8\xbe^3F\x08&\x02\xef\x83\
\xff\xfc\xd7~\xe6-(P\xbc\xe5Ju\xc5f(\xbc\
\x82e\xabn^\xe18cSX\x80\x15\x80\x88\xf5\xb9\
\x7f\x97\x90W\xd1\x7f\x13\xa3\xda\xeex8@;lf\
X\x81E\xc1\xa3/\xf8\xe9\xee\x1b\xccs6*\xa5A\
}Cf\x16\x16\xf7r\xd3\xdb\x1fx\xe5\x9e;c\x0d\
\x10\x1cL\xf7A\xca\xd9\xec\xe7\xbd\x94\xd9b\xe1\xf5\xd2\
\x18\xbf-{a1h\xa1\xf5a\xea\xd4\x12\x05\x8fh\
=b2\x0f\x16`\x05\xc0\xb5\x06\xfb7C\x07\xaa\xa9\
\x86\x84\x1d\xe4\xcd\x97c\xaen\xc0v\xabb\x18h<\
\xf4L\x80\xee\xb91$E\xd2l:\xb6\x8f\xd1\xb3\x0f\
\xc5h\xfaL\x0f}\xf2\xa5\x97\x07\xdd\xa7\x98\xe3;\xc7\
\xe8\x92\x81\xa9I7\x97\x82-\x08l\xed\xd8\xc5d\xa3\
,\xe8|\x18\xa0`*Z);vi\xf4\xdeDN\
=g*,\xc0\x8a\xc0\xa0\x86\x1e\xe2b\xa5j\xdaK\
v[\x9d\x06\x9d\x1d\x91\xc2n7~_\xe7\xa2{\x1f\
\x0b\xc8H\xd8\xac\xe96eA\x04\x86\xd4\xfcI=\xa2\
\xf2\xff\xfc\xc5\xb7\x1e\xdb\xa5%\xd3\x0d\xf4hcv5\
nS\x05\x16\x9bc>\xf0\xd1\xb7?\xda\xf3\xb2\x84\x96\
\xa3[\xaePkP\xf3\xe6\xfb>[\xf543\xa9\xc5\
\x9e\xaft\x07\x82\x8b\xc7\xab\xe3|\xf4\xe4\xfdA)\x18\
*\x18tN\x84\x0aV\xbal9\xd8\x1e~\xce\xa3\x9e\
\x0e\xc8\xca\xed\xee\x9dS\x93'\xc4\x9e\x1b\xd2\x7f}\x85\
\x18\x7f1\xcdCS\xc5\x85\x9a\x0b\xb5\xd4\x02\xc1=_\
,\xfcTV\xf7V\x85\xe2\x12\xa2g_\xf7\xd3\x92|\
\xfb\xbd\xd6\x01\x8a\x0fo\xbb*D\xf5\xea\xaa\x0b\xcb\x91\
f\x9f\xbb\xc8\x9e\x7f/\x93\x1aX\x80\x15\x82y\xa4\x9f\
~\xed\x95\xa6\x1a*\xc0J\x1b\xc5\x1ew\x8f\x0e\xd0\xb6\
\x1d\xf6\x13\x1a\xb4K=\xf3\x9a\x9f.\xea\x1f\xa1\x0b\xce\
V\x97\x96\xdb\x1f\xb8\x08\x0e\xbb B\x03\xfbEe\x85\
\xf6W3<\xb6\xab\x92u\x1aH\xf5\x0f<+BY\
mR\xbf\xe7\xb1q\x8b&+\x9d\xd7o\xb4\xef>(\
\x9c\xdb\xda+\xfc\xdf\xec*\xd4d\xb4\xcfd6,\xc0\
\x8a\x998\xc5+\xc7\x0c\x1e~\xa8\x9a7k\xbd:\x06\
\xddy]HF\x9b\x91\xd4i\x5c\xb5@\xcb\x10\xda(\
\xae\x1b\x112\xd5\x86\xb0<\xb5j\x1ar\xb1s\xee\x19\
\x119$c\xea\xf7\x1e.\xd6\xaa\x060Y\xe9\xd9-\
J\xfdN\x8d\xd2\x91\x0a\x8b\x8a\xaa\xc3\x82\x1c\xb7\xed\xed\
H\xbbwQ\xbb\xef\x0b\x90z\xb6[_3\x93zX\
\x80\x15\x13\x8b\x91\x9c{\xfb\xe4\xff\x05\x95UE\xe3\xe2\
x\xe5%a9$\xc1\xae\xa0]\xe8\xf7u\x01\xfa\xd7\
\xb5ajuHj/\xe6\x01\x7f\xdc\xc8\x03\xc7\xe2|\
7}#\x84\x18\x17v\xbb\x15\xb0\xd9\x05\xb8\x8f\xa1\xaa\
\xb9\xf7\x89Q\xb9\xc0\xb3\x02<7\x1f\x88\x85\xdb\xa4\xaf\
\xedW\xe3P\x16\xd8\xc4\xdep\x99\x9a>\xffR~\xfa\
\xc5C\xbf.\xe0\xd43\xc3\x02l\x0ap\xeeATx\
\xe9\x05\xeaV\xcd\x18\xed\xb6\xe6\x0f\x97\xac\x10\xb5+\x1b\
7\xbb\xe8\xbe\xc7\x03r\xceq\xef^\xd6L\x96@*\
\x15\xc7\x96m\x9a\xec]\x9e\xf5\xab\x9b\xa3b\x8a\x8f\x08\
\xec\xd21F'\x1d\x1f\x95\x1e\xdcf\x1a\xaa\xec\x0fT\
\xfe>\xf7\x86\x8f\x0aV\xd8[\x84j\xd72\xe8\xae\x1b\
Br\x81\xa7\x0al%\x8d\xf9\xd0\xde\x8b\x0e&u\xd8\
\xf7j\xeep\xbe\xf8\xd6+\xad\x15Q\xcd\xac\x8a\xcb\x06\
\x87i\xfdFMFyv%,\xd6\x1c\xaf\xbd\x8by\
\xbf.\xbar\xa8\xb9\x93q*\xa3q\xc3xz\x1a\xc7\
\xca5.\x9a)\xa2\x8e\x9fE\x94\x9eImL\x10Y\
x5\xc3.\xb5{\xe7h\xcazx+\x03\xaf\xdd\x17\
\xc7\xd8?\xfd\x8aB\xca;\xae\x0dQ\xb3\xc6\xea2\x04\
h\xabB\xba\x9d\xab\x9e\x99RX\x80M\x22\xfef\xf3\
\xd3\x7f\x1e\x0c*3k\x97\x95\x98\xd7\x84d\x94i\xe7\
\x82\x15\x804\xdb\xd2\x95n\xbaad\x88\xda\x1fem\
.\x18\xa6\x09\xad\x0f\x0b\xd3eC\xe2\xd6\x86\xf3\x96\xb8\
i\xde\x22\xb74\xf8O7\x02~\x83:f\xe9\xd4\xf5\
\x98\x18u\x16G\xdd\xda\xf6h\xa6\x0d\x85\x89\xc6O\xf4\
\xc9\xed\x01'\x80-\x9f\xec\xa3\xd5\xben?\xfb\xdaK\
y\xcb\xec\xbbxfR\x8f3\xde\x0d\x0e\x05\xad:\xd8\
\xb7\xbd\xebzu{H\xb5D\x14s\xdf\xcd!\xba\xff\
\x89\x80\xed\xa3\xb9\xcd[5z\xe8?\x01Y$u\xd1\
\x80\x88\xb2=\xf1\x03\x05U\xe5h\xb3\xc1\x01\xd3\x14T\
\xdf.\xccqS\xfe\x0a\xb7\x8c\xd8\xed\x1e\x95%\x02\x8b\
2\x14\xfce\x1d\x1d\xcf\xb6\xc0\xa7\xd9\xea\xffsy\xe0\
\xf2\xf4\xd2X\x1fmp\xc8V@\xff>\xeaG+\x22\
\x0bc\xc7\x9e~\xc6Zl\xf6VM?\xd0\xe7\x87}\
\xdb~\xa7\xa9{C7md\xd0\xbd7\x86\xe8\xc1\xff\
\xf8moH\x81L\xc0\xe7\xdfzia\xae\x9bn\xba\
<L\x87\xb7\xb4Oe\x14\xd2\x8bx^J\x9f\x1b\xec\
\xdd\xe7-s\xd1\xd2U.i6\x82=m\xbb\x15r\
\xa1\xf2\x1b\xffC\x18\xa0 \xb3\x80\x14\xb3\x1dR\xcb\x89\
\x80\x8d\xe4\x84/\xbd2\xf2\xb3\xdb\xff\xb1\x22P\x15>\
La\xed\x06@\x8f\xf3so\xf8e\x81&\xc3\x94\x85\
\x058\x05\xbc;\xc1GmD\xd4u\xa4B\xd7(T\
F\xdfzU\x98\x9e\xfe\xaf\xdf\x11\x177\x88\xdb\xbd\x8f\
\x07\xe8\x9c\xd3#t\xe1\xb9\x11\xf2\xdb\xb0\xa0\x1b\x15\xaf\
8\xfa\x9e\x1a\xff\x1ci\xd3u\x7f\x0a1\xfe\xc3E\xeb\
\xferI\xcb\xd1M\x22\xaa\xdf\xb2\xd5e\xbaG1\xec\
H\x9b\x8a\x05B\xb3\xc6\xba\xb4\x81l%\xa2\x5cD\xba\
\xd8\xdbv\x02\xf9+\x5c\xf4\xd6\xfb>\xf9\xbc;\x05,\
fn\x18\xa9~\xec\xe6\xab\xef\xf8e6\x88a\xca\xc3\
\x02\x9c\x02\xa2\xd1\xb8\xcb\xcfS\xa3Jd\x0aY\x15\xe8\
7\xbefX\x98\xfe\xfb\xae\x0d\xd5,\x01\x88\x00&O\
\xf5\xd2\xcfs=r\xbe\xf0q\x9d\xec\x1d\x12`\x91p\
\xd4\x11\xba<\xca\xa2\x0b\x0d\xdc\xb6]\x93\x95\xd6\x98\xdf\
ZX\xa4\xd1nq\x14\xc9[\x92Y\x09\x084\x9e\xf7\
HD\xa3H4\x9e*\xf6y\x0d\x99\x1e\xf6\xec=j\
\x06\x0c)\xb4u\xeb\x18T\xaf\x8e\x10]q\x8b\xd9\xd2\
M\x1b\xe9\xb6\x8dj\xf7\x07\xfe\x17\xe3'ze_\xb6\
\x93@\xeb\x1c\xfc\xcdU\xa7\xef\xa7\xcc\xf0\xd0o\x0by\
\xdf\x97I\x8c\xb3\xde%\x0e\x06+\xe0W\xc6\xfa\x95\xee\
\x07\x83\xd3zEi\x97\xb8\xe8\xfd\xefS\xe7\xec/m\
\x15\xe2\xf5\xf4\xab~\xearL\x8c\xae\xb88\xec\x98\xa8\
\xae\x14\x8cL\xc49;\xed\xbc\xcd\x04[\x0d\x98\xea\xf3\
\xbex\x1d\xdaLX\xba\x14\x00\x00\x1d<IDAT\
\xd9T#\x11M\x1a\x19t\xff-\xea'|-[\xe5\
\xa2\xf1\x13\x9c\xb18f\xac\x81\x058\x85`?x\xc2\
\x14\xaf\x1c\xb2\xa0\x92\x81}#\x22\xfa\x8a\xef\xb5:\x89\
\xf9K\xdc\x94\xb3\xb4\x86LK\xa3\xf0\xc5\xa9Q_\xa6\
\x83\x02\xb6\xf7&\xfah\xe5\xef\xceI7\x97\x82\x01\x0b\
\xa3n\x0b\xca\xcc\x83J\xd0\xeb\xfc\xcc\xeb\xf6\x1c\xa7\xc8\
\xd8\x07\x16\xe0\x14\xf3\xf1\xe7^Y@\xa3\xda\xec\xfe\xd2\
A\x11\x0aG4\xc7\xb4y\x94\x02?\xe9O\xbf\xf2\xca\
q\x83\xf0\x93\x86C\x93\x873v\x8e\x00\xfb\xe2\xe3E\
\xc4\x8bJr'\x82\xd4\xffCw\x04\x95\xf6\xfa\x02l\
\xb5`\xcb\xc9n\xf3\xbc\x19\xfb\xe1\xac\xabu\x1a\x80T\
\xdd\x8bo\xf9\xe8\xf1\xfb\x82\xd4\xbc\x89\xda7>\xd2\xb9\
(\x1c\xfa\xdea\xfbo\x00-@c?\xf4\xd1W3\
\xbcr\xfel\x8f.1\xa5c\xdf\x18u\xc0\xcd\x09\x0b\
I8\x8d9\xa1\x000\x11\xa8&\x1fuk\x88\x0en\
\xa6~\x1b\x01\xb3\x8c\x97\xaet^6\x80I=\xce\xbb\
R\xa7\x01\xc5{4z\xe2e?=voPiQ\
\x16\xb8nx\x98\x0cqQ\xc4\xc5\xd1\x89\xa0\xd2\x18-\
\x1b\x13Z\xe8t\xfeY\x11:\xa1[L\xee\xb92\xd6\
\x83:\x86\xcf\xbe\x11\xc2;\xdb#\x0b\xcc\x9c\x0a,&\
\x1f\xb8-D\x87)\x1a\x98R\x16\xcc2\x9e\xfa\x833\
\xdf{L\xea\xe1W\x8aE\xc0\xc9\xea\xb9\xd7\xfd\xd2T\
C\xa5//\xa2\xc6\xeb/\x0b\xcb\xc7tZ%jY\
\xd0\xbe\xf2\xc2[~\xfa\xe8s]\x8e\x1d<\xb9{T\
\xd9\x9ce\xa6z\xac\xdf\xa4\xc9m\x82\x99\xbf:7\xe2\
-\xa5T|\xcd\xe8G\xcfY\xea\xa2\xb7?\xe4\xa2+\
\xa6\xea8\xf7\x0a\x9d\x06\xc0\x17w\xdc\xc7>\xd9\x92\xa3\
\x12\x88\xf0\xb5\xc3\xe3\x22\x8c\xbdU'\x033\x0c\xb8\x89\
}\xf2\xa5W:j\x9d\xd2\xc3\x1e\x9e\xc6\x99\x00\xaax\
\xa7\xcc\xf0\xd2/\xf3\xddr\xeb\xc4\xe9`\xcf\x17ig\
3\x22\xdf\x0d\x9b5\xb9\xef\xcbf\x1bLup\xf6\xd5\
9\x0d\xc0@\xf9\xa6\x8du:\xab\xb7\xda\x9c\x1eD\xf8\
\x9aK\xc3\xd2\x1b\xf8\xcb\xe9\xce\xaa\x8eN\xc4\xd6m\xf1\
=\xe2\x0f>\xf3\xd2\xc9=b\xd4\xe7\x94\xa84\xcd`\
\xd4\x82a\x1a\xb3~\xf3\xc8b>\xb8\x81\xa5\x0b\x0d\xea\
\x8b\xc8\xf7\xf6\xa0){\xbe\xe8\x01\x7f\xecE\xbf\xe3\xda\
\xaf\x18\xeba\x01\xb6\x01\xef\x88(\xb8a\x03\x83\x8e?\
V\xfd\xf2y\xc4\xe0\x08\x05\x02qK\xc0t \x18\xd2\
\xe4\x1e\x1b\x0e\xf8\x1e\xf799*\x0dI<\xfcJN\
\x0a\xf8bO\xff\xc9#{y\xd3MH\xd0\xe7\x0b\xf1\
\x85\x85\xabjP\xf4\x88z\x0edj\x18\xa6\xba\xf0e\
\xcb\x06\xc4+\xa3\xfd\xf4\xe0\x1dAjs\x84\xfa\xa8n\
\xc8y\x119\x15\x07\xd5\x99\xe9\x90J,%w\xa9[\
\x1e\xa8h\xed\xd15F'\x1e\x1f\xb5|\xf2\x92\x93\x80\
k\xd5\xecyn\xb9\xb7\x8bts:\x02\x87+\x98l\
\xa8\xee\xf3\x05pD{q\x8c_\x0e\x9b`\x98\x03\x81\
\x05\xd8& \xf5\xf7\xf8K~z\xf8\xce\x90)\xa9U\
\x0c\x1c\xa8W\xd7\x90#\x12\x9d\x5c\xc1\x9a\x08T\x95#\
z\xc3\x01w*\x08q\xaf\xe3b\x9c\xa2N@I\x88\
d\xdf.D\x17\x032\xd2y\xcf\x12\x13\xa2\xe0<g\
V\xcd\x00\xbc\xae\xd9f\x92I\x06\x16`\x1b\x81\xd4\xdf\
\xe8\x17\xfc4\xfa\xee 5n\xa0~\xc5~\x82\x88\x12\
\xeb\xd5\x0dJ\x1b\xc8\xe24\x1d\x0a\x0e\x7ffT\xec\xe2\
@\xea\x11sq\xbbt\x8cQV\x9bX\xc6VQ\xc3\
\xfa\x13\xaec\xf3\x16\xbb)w\x99;\xed\x16`\x89\xc0\
T\xa3\x1bG\x86M\xdb\x9a\xf8p\xb2\x97\xa6\xfd\xc4\x97\
O&9\xf8\x15d3\xb6\xef\x10\x22\xfc\x9c\x9f\x1e\xb9\
;d\xca0\xf5\xac6:=zO\x90\x1e{1\x90\
\xf6\x13Z\xf0\xf7\xa1\xc8\x0dG\xcd\x1a\x06u\xca\x8e\xd1\
1\xed0\xc6/F\xcd\x9b\xa6Q.\xbe\x1c\xd8\x97\x5c\
\xb6\xca-G+.\x10\xd1\xee\x9a?2+E\x8a\xfe\
\xf1\x8b\x07\xa8\xb5{-\x0b^O\x13\xa7\xa4GM\x05\
c-,\xc06d\xfd&\x17=\x22D\xf8\xa1;B\
r\x7fS5\xa8\x04\x85\x13\xd7S\xaf\xf8\xd3v\xef\xaf\
<{J4\x9a=\xd7#\x8e\xf8\xe7\xf0\x00FT\xdc\
^,Hp\x1c\xdcLw\xac\xf3\x16\xb2\x19\xcbV\xbb\
\xa8`\x05\xe6\x19\xbbi\xf5ZWZ\xa7\x96+\x02\x16\
\xa6\xa8\xfc?\xe5\x04\xf3B\xfc\xeffyd5>\xc3\
\xa8\x80\x05\xd8\xa6 jy\xf4\x05?\x8d\xba=H5\
\xfc\xea\x1f\x1f\xd15|p_\x7f\xcf\xe7X\xd7\xacd\
\xd8\xb9K\x93c\x11\x7f\xde+\xc8~\x9fA\x87\x1d\x1a\
\x1fv\x8f>Q\x1c-\x0f\xd6\x95\x8f\xa7K\x16\xd8@\
\xe2\xb5\x81\x03s\x8a!\xb6H\xbbg:\xe8\xf1\xbd\xf3\
\xba\x10\xb5mm\xde\xbe\xff\xac\xdf\xdc\xf4\xfax\x16_\
F\x1d6\xbb\xbc0eY\xf1\xbb\x8b\x9ex)\xee\x96\
e\xc6\x00{\xec\x8fa\x00y\xcbCt\x1a?\xd1\xe7\
x\x97\xa3d\xc0\x0c\xdfe\xab\xb4\x7fd\x04`d\xd2\
\xa8\x81!\xfb\xb4\x9b66\xa4i?f\xf5bo\x19\
\x05m\xf5\xc4E_\xe5\x1e#*\xd4\x11\xcd\x16\x16\xc5\
\x85v\xe3\x16\x17m\xda\xaa\xd1&q\xbbq\xb3&m\
:\x11\xc93\xff\x04\x8b&\x14[52\xa1n\xa2\x14\
\x14[\xa1\x801\x93\xdf#\x8czX\x80mN\xfer\
\xb7l\xf27K\x84\xc1\xb9gD\xa9\xd5!\x06\xbd\xf0\
\x96O\x0eE`\xe2\xe0b\x8b}\xe4\xcd[\xdd\x94S\
\x90\xf8{j\x04\x0c\xaaS;\x1e\x81\xd5\xa9e\x90\xdf\
\x8fTh\x5c\x98}^\x22\xaf\xd7\x90\xa9Q\x88+\xa6\
UE\x22\xe26J\x14\x8dj\xb2\x18\xaa\xa88\xde\x0e\
\x043\x07\x14\xe1\xf1\x05\xbez\x9c\xd8=J\xd7\x0c\x0b\
\x9b\xf6\xde\x00\xbf\x0a\xf1\x85?9?7\x8cjX\x80\
\x1d@\xa9\x08\xdf{S\x88\x02&\xa4\xa3\xc11\xedb\
\xf4\xd4\xff\x05\xe9\x99\xd7\xfc2\xf2f\xaaFIP\x13\
\x07\xa5}A\x9b\xdd\xc0\xa2f\xc4\xe00\xf5=\xd5\xdc\
\x92n\xd8p>\xff\x16[L2\xe6\xc0\x02\xec\x10 \
\xc2\x8f\xbe\x10\x10\x91pPD]\xe6\xfc\x8e\x86\x07\x19\
\xf4\xf0\x9dAzo\x82OVz2\x8c\x1d\xc1\x16\xc0\
\xadW\x85\xe8\xa8\xc3\xcd\x0dIaR\x02\xa3\x0d\x16_\
\xc6,\xf8*\xeb 0c\xf4\xdf\xcf\x04\xe8\xfe[C\
2\xddi\x06H\x9db8D\xb6\x88\x88_}\xc7\x97\
v\xb6\x84\x8c\xb3\xc1\x9c\xe8k\x86\x87\x94\x8f\xf1,\x0f\
,9\xdf\x18\x9f\xd9u\x11\x8c\xf9\xb0\x00;\x8cUk\
]\xf4\xe0\xd3~\x1au\x9b9\xf6z\xa5t\xeb\x18\xa3\
\xa7G\x05\xe9\xa5\xb7}2\xfaf\x18+\xf1\xf9\x88F\
\x5c\x18\xa63O6\xdfEd\xca\x0c\x0f\xbd\xf3\x11W\
;3\xe6\xc3\x02\xec@0+w\xd4S\x01\xfa\xbf[\
\x83\xb22\xd7,PU\x8a^\xe4IS\xbd\xf4\xf1d\
/E9\x15\xc7X\xc0\x11\xadt\xba\xe5\xca\x10\xb5H\
\x81y\x0a\x1c\xae\xd8d\x83I\x15,\xc0\x0e\x05-)\
\xf7?\x11\x90\xd5\xd1G\xb62/O\x06s\x8a\x81}\
#\xd4\xa9}\x8c^\x1e\xeb\xa3u\x7fq\x81\x16\x93\x1a\
`\x1d:@\xbc\xf6.<'b\xba\x8d(\x06+\xbc\
9\xde\xe7\xf8\xf9\xd9\x8c\xb3\xe0W\x9b\x83A\xcb\xd0C\
\xcf\xf8\xe9\xce\xeb\xc2\xb2\x8a\xd9L\xd0k\xf9\xe4\xfdA\
\x9a \xa2\x83I\xdfx\xb90\x851\x15L1\xba~\
DXF\xbff\x83A(\xcf\xbf\xe9\xa7\xb9\x8bx\xab\
\x85I-,\xc0\x0e'\x18\x8c\x0f\x03\xbfzX\x98N\
\xebi\xee\xfe\x18\x0a\xb4.\xea\x1f\xa1\xe3;\xc7\xe8\xbf\
\xe3|i5\xb0\x9d\xb1\x07x\x8d\xc1\xcby`\xbf\x88\
l52\x9b]b\x11\xfb\xe4\xcb\xdcz\xc7X\x03\x0b\
p\x1a\x80h\x14\x82\x88\xb4\xb4\x99&\xf4\xa5\x1c~\xa8\
NO\xdc\x17\xa4/\xa7{\xe8\xe3\xcf\xbd\xd2E\x8aa\
\x92\xa5\xddQ1\xe9\xe5\x0c\xaf\xf2T\xf0\xd7F-#\
\x86\x920\xf6\x85\x058\x8d\xc0\x08\xbe\x8dB\x84\x91\xba\
3\xd3\x19\x08\xc0\xa6\xf1\xbc3\xa3\xb2-d\xecG>\
N\xdf1\x07\x0c\x5c\xc4\x86\x0e\x8c\xd0i\xbdR7'\
qI\x81\x9b\x9ey\xddG{\xd2t,'\xe3\x0cX\
\x80\xd3\x0cL\xfc\xd9\xb4\xd9Ew^\x1f\x92\xc6\x1af\
\xd3\xb8\xa1!}x\x17\xe4\xbai\xec\x87b\x01\xb0\x99\
SyL\xd5\xc0\x22\x0emE\xd8\xd60c\xeaWE\
\xc0df\xdc\xc7\xdc\xe3\xcbX\x0f\x0bp\x1a\x82^\xe1\
{\x1e\x0d\xd0\xbf\xae\x0b\xd1\xd1G\xa6\xe6*\xd3\x19\xb3\
v\x1f\x8a\xd1\x97\xd3\xbd\x22\x12\xf7H\x8bF\x86\xa9\x88\
\xac\xa3ct\xd9\xe0\x88\x9c:\x95*\xd0F\xf7\xe6\xfb\
>9R\x90a\xec\x00\xbf\x12\xd3\x94\x9d\xbbQ!\x1d\
\xa0\x91CRc^\x00P@\x83\xb6\x91S{F\xe5\
\xde0Z:8\xca`\xca\xd2\xbc\xa9N\xc3.\x88\xd0\
q\x9dR[F\xbf}\xa7&}\xce\x97\xaf\xe6\x0c\x0d\
c\x1fX\x80\xd3\x18L\xdb\xc1\x8a\x7f\x85\xb8\xe8\x5c5\
,,\xa7\xf3\xa4\x02\x8c\xe9\xbbjh\x98\xce\xea\x1d\xa1\
\x0f'\xfb\xa4\xa1=\x93\xd9\x1cT\xdf\xa0AgG\xa8\
w\xaf\xa8\xe9=\xbd\xe5\xc9Y\xea\x92mF<\xe9\x8b\
\xb1\x1b,\xc0\x19\xc0\x0fs<rx\xfb\x1d\xd7\x84D\
\x04\x92\xba\xbd6T\xb3\xe2w\xaeZ\xe3\xa2\xffM\xf2\
\xd2\x92|\x16\xe2L\xa3v-\x83\xfa\xf7\x89R\xbf\xd3\
\x22\xa6\x17\x06\x96\x07# \xe1\xe2\xf6\xa1x\xedq&\
\x86\xb1#,\xc0\x19\xc2\xda?]t\xd7\xe8\x80\x88L\
#tR\xf7\xd4U\x9b\x82#\x0f\xd3i\xd4\xad!9\
\xec\xfe\xa3\xcf\xbd\x94S\xc0B\x9c\xee@x\xcf9=\
*\xb3 fM\xef\xaa\x8c]\xbb5\xe9c\xbe\x98\x17\
}\x8c\x8da\x01\xce \x82\xa1\xf8EiI\x81\x8b\xae\
\xbc$l\xdal\xe1\x8a@A\xd8\x03\xb7\xc5\x85\xf8\xb3\
\xaf\xbd4\x7f\x09_\x1c\xd3\x0d\xa4\x9a\xcf\x16\xa2\x8b\xba\
\x03+\x84\x17\xa0\xc5\xe8\xa51>Y\x07\xc10v\x86\
\x058\x03\xf9q\x8eG\x8a\xe0-W\x86\xa9\xf5a\xa9\
\xcf\xcdA\x88\xef\xb91D\x7fnp\xd1\xe4\xa9\x1e\x9a\
\xf5\xab\x87\x07=8\x9c\x16\xcdt\xd9\x17~r\xf7\xa8\
,\xc6\xb3\x02\xd4<\xbc\xff\x99\x97\xa6L\xf7\xca\xf43\
\xc3\xd8\x1d\x16\xe0\x0c\x05\xfd\xba\x18\xe60\xe8\x9c\x08]\
pVD\xf6d\xa6\x9aC\x9a\xebt\xc3ea\x1az\
~\x84\xa6\xfd\xe8\xa1\xa9\xe2\xd8\xc5Q\x8b\xa3\xe8\x94\x15\
\xa3\xb3O\x8f\xca[+\xc1\x90\x90\x17E\xd4\x8b\xad\x16\
\x86q\x0a,\xc0\x19\x0c\x0aS\xd0.\xb40\xd7M7\
\x8eL\xcd\xb8\xb7D\xd4\xafk\xd0\x85\xe7\xc6\xfd\x7fg\
\xcf\xf3\xd0\xb7?\xc6#t\xc6\x9e\xc04\xe3\x94\x13\xa2\
t\xc6I\xd1\x94\xd9FV\x04\xa6\x18}\xf1\xadW\xd6\
\x16D\xccwae\x18\xa5\xb0\x003\xb2M\xe9\xce\x87\
k\xd0\x90\xfea:\xe7\x8c(\xb9,\x0aB\x91\xbaD\
\x81\x18\x0eD2\x10\xe2\x9f\xe7\xba\xa9\x98\xed\x02mA\
\xdb\xd6\xbal#\xea\xd15\x9a\xf2\x8a\xe6D\xac\xdf\xa4\
\xd1+c\xb9\xb7\x97q.,\xc0\x8c\x04#\xd9\xde\x9b\
\xe0\xa3\xdf\x16z\xe8\xda\xe1a\x99\x1e\xb6\x12\x8c\xa3C\
/\xf1eCH\xfaLc\xdfzQ\x9e\x9b\xdbIR\
L\xa3\x06\x06\x9d\xdc#*\x8f\xe6M\xec\xb1\xb1\x8a\xd7\
\xc0\x17\xd30\x08\xc4'_\xb7\x0c\xe3TX\x80\x99\x7f\
\x80\xd4\xef\x9d\x0f\x07\xa8\x7f\xdf\x08]pv\x84\xbc\x16\
\xbfB\xf0\xfbO\xe8\x1a\x93\xc7\xee\x22\x8d\xe6\xccs\xd3\
\xac\xdf<\xb4t%G=f\x81\xe1\x08\x18\xb2\xd1\xeb\
\xb8\xa8\x8cz\xed\xc4\xca5.z\xfd=\x1f\xad\xf9\x83\
\x9f\x7f\xc6\xf9\xb0\x003\xfb\x80\x8a\xe4\x89S\xbc4[\
\x88\x1d\xa2\xd0\x0em\xedq\x11\xae[\xdb\xa0>\xa7D\
\xe5\xb1m\x87&#\xe3\xdf\xc4\x91\xbf\xdc-G22\
\x07N\x83\x83\x0ci\x0fy\xfc\xb1Qj\xdfF\xb7\xa4\
(\xaf2\xf6\x94\x90tU\x9b\xfa\x03\xdb\x9b2\xe9\x03\
\x0b0S!\x1b6\xb9\xe8\xe1g\x03\xd4]DC#\
.\x0c\xcbt\xa4]\xc0\xa4\xa7\xbe\xa7F\xe5QT\xac\
\xd1\xa2<\x97\x9c\xc8\xb4H\x1c\x85E\xbcg\xbc?4\
-n\x90\xd2\xb9C\x8c\xba\x88\xe3\x88V\xf6U\xb5\x1f\
f{h\xfc\xa7^\xae\x90g\xd2\x0e\x16`f\xbf\xc0\
\xcbyAN\x0d:\xff\xac\x08\x9dw\xa6\xf5i\xe9\xf2\
\xc0u\xa9\xd7q1y\xa0*\x16\xd6\x97\xb9\xcb\xdc\x94\
\xb7\xd4E\x05+\xdd\x14\x0e[}\x86\xf6\xa0Y\x13\x9d\
\xb2\xdb\x8a\xe3\xe8\x98\xbc\x85g\xb7\x9d\xc1T\xaf\xb7?\
\xf0q\x91\x15\x93\xb6\xd8\xecR\xca\xd8\x15\x88\x18<u\
1\xe1h\xd8\xf9a\xea\xd9\xcd\x9e9_Tp\x1fu\
\xb8.\x8f\x81}\xe3\xe9t\x08\xf2R!\xc4\xd87\xc6\
\xc5<\x13L\xf9\x91BF![\xbb\xd6:\x1d\xdd:\
&\xf7r\x1b\xd4\xb7\xb7\xe0\x96\x82\xed\x05\x18j\xcc\xfc\
\x85/OLz\xc3\xafp\xa6Zl\xdd\xa6\xc9\xc92\
Sf\xe84|P\xd8vE:\xe5\xf1\xb8\xe3\xce[\
8\xfa\xf7\x89\x7fm\x8b\xf8\x1bV\xfc\xee\xa2\xd5\x22\xc2\
B1\xcf\xba\xf5.\xda\xb1\xd3\xb9\xa2\xec\xf5\xc6MM\
Z\x1d\xac\xd3\xe1\xadt:R\x1c\x98\xb3k\x87V\xa1\
\xeaP\x12\x22\x9a\xfc\x8d\x97\xbe\x98\xe6\xe5\xac\x05\x93\x11\
\xb0\x003\x07\x04z\x87G=\x15\xa0.\xc7\xc4\xe8\xe2\
\x81\x11y\xf1w\x0a\x8d\x1b\x1a\xe2\x88WV\x97\x82}\
\xe3u\xeb5\xfak\x83\x8b6l\xd6\xe4\xfe7n\xb7\
nw\xd9B\x0c\xb0g[\xbf\x9e8\xef\x06\x86\xb4}\
DKP\x8b\xa6:\x1d\xd2\x22~k\xb7\xa2\xa9\xea\x00\
\x0bI\xb8\xa0}\xfa\x957#\xb2\x13\x0cS\x0a\x0b0\
\x93\x14\x18\xa8\xb0 \xc7M\xbd\x8e\x8f\xd2\xe0s#\xd4\
\xac\xb13\xd2\x9c\xe5\xa9S\xdb\xa0\xac68\xf6]H\
@\x9c\x115\xef\xd8\xb5\xf7\x10\xd12\x8c\xfe\x8b\xf7\x90\
,\x00\xc3Q\x5c\x82^jM\x8au(\xacIQ\xa9\
\xc8\x8f\x18b\xe9\xf7\x192BE\xf4\x1a\xf0\x1bT\xab\
f|/\x1b\x07\xaa\xbd\xeb\xd55d\xca\x18\xc3\x0dP\
p\xd6H\x1cVy,\x9b\x05*\xd7\xd1\xdf\xfd\xc9\x14\
\xaf\xcc\xac0L\xa6\x91foi\xc6\x0a 4\xd8\xaf\
\xfb\xf97\x0f\x9d(\x84\x18\xde\xd2\xa9\x9c;l6\x10\
g\x1c\xd5\x05\xff\x97\x98N\x7f\xb7Ha\x10\xbd\x87\x07\
@\xc9\xff\x07fT#\xe2\xdd\xbc\x95\x85\x97\xc9\x5cX\
\x80\x19e\xa0?\x13\x11\xcd\xcc_=\xd4\xb3[\x94\x06\
\xf4\x8dRK\x07\xa5\xa6U\x83\xb4\xb1\x87E\xf7o\x22\
Q\xa2\xef\x7f\xf6\xd0\xe4\xa9,\xbc\x0c\x03X\x80\x19\xe5\
@\x88!\xc28\xb0G\xdc\xbfO\x84\xda\x1d\x95\xb9B\
\x9c\xe9\xc0\xcb\x1b\x06\x1a_\x7f\xe7\xe1\x19\xbd\x0cS\x06\
\x16`\xc6T\xb0G\x8c\x03\xa6\x0fg\xf5\x8e\xc8\xc2'\
\x8e\x083\x03\x14\xb1}5\xc3K?\xccvS0\xc4\
\xc2\xcb0\xe5a\x01fR\x02zq_\x1a\xe3\xa7\xf1\
\x13\x0d\xeasr\x94z\x9f\x18\x95c\x08\x99\xf4\x02\xfb\
\xde\x8b\xf3\xdd\xf4\xcd\xf7\x1eY\x9cWQ!\x1a\xc30\
,\xc0L\x8aA\x05\xf1\x87\x93\xbd\xf4\xc9\x97^\xea\xd6\
)&g\xca\x1e\xd3\xce\x9e\xa6\x1eL\xd5\xd9U\xa8\xd1\
w?{h\xfaO\x1e\xde\xdfe\x98*\xc2\x02\xccX\
\x02*aaq\x89\x03\x16\x89\xa7\xf4\x88\xc9\x91wv\
\xf2\x9bf*\x07{\xfd\x0bs\xdd\xb2\xa2y\xde\x22\xb7\
t\x1dc\x18\xa6\xea\xb0\x003\x96\xb3q\xb3KD\xc5\
.\xfa\xe8s/e\xb7\x8dI1\xeevl\x94j\xf8\
\xad>3&\x11p\x0f\x9b\xf9\xab\x9b~\xfa\x85\x8b\xaa\
\x18&\x19<\x9a\x86]\x9a}\xdfD\x1aq$\xc2\xa4\
\x16\xbc\x12s\x0a\xdc\xf2\xf0y}\xd4\xf9\x98\x18\xf5\xec\
\x1a\x95\xb7>\xaf\xd5g\x97\xd9\xfc\xb5Q\xa3\xd9s=\
4k\xae\x9b\xd6ot\xb0\xed\x16\xc3\xd8\x84\x98\x163\
D\x04l\x84\x13\x090\xb1\x003\x16\x12\x8e\xfc\xff\x14\
5\x9c\xa2:e\xeb\xd4\xadS\x94\xbat\xd0\xa9VM\
~m\xa6\x02L#\xc2\xcc\xe5_\x17\xb8\xe9\xcf\x0d,\
\xba\x0cS]\xb4J\xaa\x10E\x90\x1b\xf6\xe8\xa4\x85\x12\
\xbd\xb54\x83\xfb6\x19{\x80\x16\x96R1\x86\x9bT\
\xdb\xd61:6;>\xcb\xf6\xd0\x16\xfc:U\x05\x86\
! \xfb\x80}]T0o\xdf\xc1\xe9e\x86I\x06\
\x8d*\xbe>i\x11\x0ay4\x9dB\x94@\x81]:\
_\xd8\x18\xfb\x81\xe2\xad<\xcc\xfa\x15\xc7\xf8\x89^Y\
\xb4\x85*\xea\x0e\xed\xe23n\xb9\xb5\xa9\xea\xe0-\x8e\
\xa9P\xb9K\xdd\x94\xb3\xd4E\xcbVr!\x15\xc3\xa8\
D\xabDGc.WPD\xc0\xb4=\x91/\x82[\
\x8f\x9awV\x0c\xa3\x88\xad\xdb\xe3\xed/8\x00\x22\xe2\
\xf6mtjsdL\x8e l\xda\x88\x05\xb9\x14\xa4\
\xf5Wb6\xf2\x0a7-]\x85[\x17\x95\x049\xca\
e\x18\xb3p\xeb\x91\x0a\xef\xd3\x22\x91\x1d0%\xda\x96\
\xf0NC\x17\xea\x1d#\xc3\xc5\xb6E\x8cs\xf8c\xbd\
K\x1e\xb0>\x04\x98&\xd4\xe6\x08\x9d\x8eh\xa9K7\
.\xcc\xca\xc5\xc4\xa1tG\x17\x7f\x22F+\x96\xce=\
\xc6~\xee\x9au.\x8ep\x19&\x85\xb8c\x15\x06\xb2\
\xc6\xe2U\xab\xb6{\xc8\x15\xd9B\x94xr\xb7'\x16\
\xa1\x08\x0b0\xe3``\xfc\x81\x22\x22\x1c\xa5 m\xdd\
\xea\x10]\x1e\x88\x98\x0fnfP\xb3\xa6\xba#\xdb\x9e\
P\xe3\xb1m\x87F\xeb7a\xe1\xa1\xd1\xba?]\xb4\
\xf6\xcf\xf8\x22$\x5c\xf1\xe2\x9ba\x98\x14\xe0\x8eU8\
L|\x87\xae\xebQ\xcf\xf6\xe2\xe8\x9f\x0dj\xf9\x10\x12\
\xec\x93\x8b\xf2D\x83\x14\xf1\x06L=A\x86I5H\
[o\xdd\x1e\xf7\xa8.K\x83\x83\xe2\xc3\xed\x91\xb6n\
(D\xba1\x8eF\xba\x9c\xc7\x8b\xbd\xe5\x80\x05\x02\x8d\
H\x16C\xea1\x87\x183\x89q\xee\xdb\xc4\xb1i\xab\
\x8b6n\xd6h\xc3f\x97\x9cA\xcc0\x8c\xfd\xf0F\
\x82\x09\xbf.\xde\xd6\x7f\xe0\xd6\xb3z\xf5\xea`\xd7\x0e\
\xd9\x1b\xc4\xc7-\x12\xfdpI\x0dsO\x90a\xec\x02\
\xaa~\xb7\xefpSn\x05\xf7\xa3\x1d\xaa~=\x83\xea\
\xd5!\x99\xc6\xaeY\xd3\xa0:5I\xde\xfa|D~\
_\x5c\xa4}^\x83\x5c\xae\xf8\xfc_\x8c$\xc4\xc7\xb4\
w60\x9a\x0b \xaa\x91\x88F!!\x9c8P\xe5\
\x1d\x0c\x11\x15\x17kT\x5c\x22\x8e=D\x85E\x1a\xed\
\x14\xa2\xbb[\xdcr=$\xc38\x13o4\x94\xf0\xeb\
\x1a\x19\xbf\xe3\xb6\xd4\x09\x0b\x9f\xec#\xc0\xbeH\x89i\
'\xc60N\x03B\x89\xa8s\xe3f\xab\xcf\x84a\x18\
'\xe0\x0d\xefI\xf8u\x83\xb4\xb2\x02l\x14\x08M\xee\
Y\xfe\x9b|\xe1b\x13O\x8da\x18\x86a\xd2\x17\x7f\
\x85\x02\x0c\xcd\xdd+\xc0\x86\xa1-\xd1\x12t#\xf8C\
,\xc0\x0c\xc30\x0cS]\xb0\x85\xeb2\x12\xb7\x1d@\
sq\xeb\xd9\xfb\xd9\x12J\xa0\xc0\xe8\x05\xf6FJ(\
\xe2\xe5\x8d`\x86a\x18\x86\xa9*\x81`aEw\xe9\
\xb4}\xbb,5\x91\x02\x5cb\x18\x0bj\x92\x06\xa9\xde\
\xa7\xe7(\x10\xdc\xcd\x02\xcc0\x0c\xc30\xd5 \x10\xda\
]\xd1]y\x0b\xd7\xaf\x97\xe9e)\xc0\xf9\xf9\xf9\x85\
];d-&\xd2:\x97\xff\xce\x1aB\x80\x0b\xeb4\
5\xef,\x19\x86a\x18&\xcd\xa8Q\xb2+\xe1\xd7\x0d\
2~.\xfd\xf8\xefy\xc0\x86\xa1\xfd\xaci\xb4\x8f\x00\
\xd7\xdc\xb3\xc3\x94\x93c\x18\x86a\x98t\xc4\x13\x0dU\
\xd8E$\xb4v\xd6\xdf\xdf\xf7\xf7W5}:\x91\xeb\
\xa6}\x1e(\x16\x91\xc5X!\x7f-3\xce\x93a\x18\
\x86a\xd2\x8aJ\x02W#d\x18\xdf\x95~\xf2\xb7\x00\
\x87i\xfbw~\xa3Q\x884\xda\xc7\xef\xa7V\xf16\
\x16`\x86a\x18\x86\xa9\x02\xb5\x8b\x13\x8eX@\xfey\
Q^^\xde\x86\xd2O\xff\x16\xe0\x9c\x9c\x8dE]:\
d\xcd\xd4H;}\xdf\x07\xdbB\xdb\x1b\xb44\xe3<\
\x19\x86a\x18&mp\xc5\x22\x15\xee\xff\x92f|]\
\xf6S\xcf?\xee4\xb4OE\x04\xbc\x8f\x00\xfb\x22A\
\xf2\x87\x8aD\x14\x5c[\xe1i2\x0c\xc30Lz\x81\
\xe8W\xa3\x0a&\xae\xc5\x8cO\xcb~\xfa\x0f\x01\xd6C\
\xa1\x89\xee\x80\xff\xc5\xf2_\x07u\x0b7\xd1\x16\x16`\
\x86a\x18\x86\xa9\x10he\x22\x0c\x83V\xcc\xcf\xcf\x9f\
_\xf6k\xff\x10\xda\x85+Vl\xee\xda!\x1b\x1b\xc4\
g\x96\xff\xe1:E[hk\x83\xc3\xc9\x90\xce\xf2\x0c\
\xc30\x0c\xc3\x94\x05\x05\xcb\x81PQ\xe2;5\xe3\xa3\
\xf2_\xda'\xd2%\xdd\x18K.m\x1f\x01v\xe91\
!\xc2\x9biw\xddf\x0aN\x93a\x18\x86a\xd2\x8b\
z\xbb7Tt\x97\x11\x09G\xdf)\xff\xc5}\x04\xb8\
0\x1a\xfd\xac\x8e\xcf\xbbU|\xd8\xa8\xfc}\xf5w\xad\
\x17\x02\x0cS\x8e\x04\xc6\xd1\x0c\xc30\x0c\x93\xa1\xb8c\
a\x19\xa4&\xc4\xa0\xef\x96,[\xb6\xaa\xfc\x97\xf7\x11\
\xe0e\xcb\x96\x85\xbadg\x8f\xd34\xba\xa3\xfc}h\
,\xaeU\xbc\x83\x8ak5Pq\xbe\x0c\xc30\x0c\x93\
\x16\xd4\xdf\xb5\x814#q\xf1\x95N\xf4F\xa2\xaf\xef\
\x9b\x82\x16\x84\xb5\xe0\x8b~\x0a\xdc\x92\xe8\xfe\x06;\xd6\
\xb1\x003\x0c\xc30\xcc^\xdc\xb1\x08\xd5\xdb\x958\xfd\
l\x90\xb1fQ~\xc1\xa7\x89\xeeK(\xc099+\
\xd7u\xcd\xce\xfe\x984\xba\xa4\xfc}\xfep1\xd5.\
\xdaJE\xb5\xf7\xc9P3\x0c\xc30L\xc6Q\x7f\xe7\
_\x15\x8e\x1e$C{^\xd7\xf5h\xa2\xbb\x12\x0a\xb0\
\xfc\x99h\xf4)\xcd\xeb\xb9H|\xb8O\xd9s\x83\x1d\
k\xa9\xa8VCJ4\xc2\x90a\x18\x86a2\x05O\
4XY\xf1\xd5\x96\xb0\xb6uL\x85?[\xd1\x1d\xf3\
\x97.],\xa2\xe0\x89\x22\x0a\xbe\xb0\xfc}0\xe6@\
A\xd6\xce\xfa\x07W\xffl\x19\x86a\x18&Mh\xb4\
m\x8d\x88~\xf5\x84\xf7\x19\x06=\x99\x93\xbb\xb1\x82\xbe\
\xa4J\x04X\x12\x8d>H^\xcf\xf9\x94`Np\x83\
\x9d\x7fPa\xed\xc6\x14\xf3\xf8\xaay\xba\x0c\xc30\x0c\
\xe3|j\x94\xec\xac\xd8\xf7\x99h\xfd\xd6\xc2\xc2W+\
\xfb\xf9J\x05x\xde\xd2\xa5\x05\x22\x0a\x1e#\xa2\xe0\xab\
\xcb\xdf\x87\xbe\xe0\xc6[W\xd1\xc6f\xed\xaa~\xb6\x0c\
\xc30\x0c\x93\x06h\xbaNM\xb6\xec\xd3Y\xf47\x22\
\xfa}`\xed\xda\xb5\x89g\x12\xee\xa5\xf2\x08X\x10\x0b\
\x85F\xb9\x03\xfe!\xe2\xc3z\xe5\xef\xab\xbdg;\x17\
d1\x0c\xc30\x19\x07j\xa1\xbc\xd1`\x05\xf7\x1a\x0b\
\x16\xe6\x17\x8c\xdd\xdfc\xecW\x80\xe3\xf6\x94Y\xff\x16\
z\xffl\xa2\xfb\x11\x05\x97\x04\xear*\x9aa\x18\x86\
\xc9\x080\xed\x08uP\x15`\xc4H\xbfE\x17\xec\xef\
q\xf6+\xc0`A^\xc1\x8b\x9d\xb3\xda\x0f\x15\x1fv\
)\x7f\x9f[\x8fR\xd3-\xcbi}\xf3,b\x87,\
\x86a\x18&\x9dq\xc5\x84\xe6m^^\xb1\xda\x19\xf4\
\xe6\xc2\xdc\x82YUy\xac*\x09\xb0\x10\xf2X\xe7\x0e\
m\xaft\x91gn\xa2\x9f\xa9)V\x03\x0d\xb6\xaf\xa3\
\xed\x0dZU\xe5\xe1\x18\x86a\x18\xc6\x81\x18B|\x97\
\x91'\x16\xae\xe8\x1b\xd6\xeb{\xf6\xdc]\xd5G\xab\x92\
\x00\x83\x059K\x17u\xcd\xce~T\xc8\xfe\x83\x89\xee\
o\xb0\xf3O\x0a\xf9\xeb\xb0K\x16\xc30\x0c\x93\x96 \
\xd0\xacU\xb2\xb3\xa2\xbb\x0d]7\xae^\xb0zu\x85\
\xdfP\x9e*\x0b0X\x90\x9f?\xfa\xd8\xac\xf6g\x8a\
\xd0\xbbG\xa2\xfb\x11\x96\xff\xd9\xa2\x03\x85\xfd\xb5\xaa\xf3\
\xb0\x0c\xc30\x0cckj\x17m\x91\x81fE\x18\x06\
\xbd\xb2 /oJu\x1e\xb3Z\x02\x0c;\xad\x8em\
\xdb\x0e\xf3z=\x18*\x5c\xbf\xfc\xfd\xb0\xe2j\xb11\
\x9f\xfe<\xf8\x18\x8az\xfc\xd5yh\x86a\x18\x86\xb1\
%\x81\x92]\xd4t\xcb\x8a\xca\xbe%gka\xe1]\
\xd5}\xdcj\x090X\xbct\xe9\xea\xae\x1d\xda\x0f\x17\
r;\x89\x12\xd8T\x227\xdebC\x1e\xfd%\x22\xe1\
\x98\xdb[\xdd\x87g\x18\x86a\x18\xdb\xe0\x0f\x15Q\x8b\
M\x05\x15N:\x12\xec$\x0a\x9f\xbf\xbf\x9e\xdfDT\
[\x80\xc1\xbc\x9c\xfc/\xbafg?R\xd1~0\xc6\
\x16\xc6E8\x9bt\xd7\x01\xfd\x0a\x86a\x18\x86\xb1\x14\
_x\x8f\xd42\x18OU\x80\x1e\xd3\x8dK\x17\xe6-\
_y \x8f\x7f\xc0\xea\xb8 ?\xff\xdf\xc7f\xb5?\
Z#\xba(\xd1\xfd\x98\x9at\xf0\xfa\x5c\xfa\xaby\x16\
\xe9\x1c\x093\x0c\xc30\x0e\xc2\x07\x0d\x13\xe2\xebN<\
\xc8H\x22\x82\xe2\xbb\x16\xe6\xe5}y\xa0\xbf\xe3\x80\x05\
X\xd7u\xe3\x88#\x8e\x18\xd9\xa0V\xcdC\xc4\xa7\xbd\
\x12}\x0fD\xf8\x90\xf59B\x84\xb3\xd9\xa8\x83a\x18\
\x86q\x04\xfe`\xa1\xacg\xaaL|\x05\xaf\xcc\xcf\xcd\
}&\x99\xdf\x93T~x\xf5\xea\xd5\xc1\x0e\x1dZ\xf5\
\xf7S\x9d\x1f\xc4\xa7\x1d\x12}\x0f\xd2\xd1\x87\xac_B\
\x1b\x9a\xb5\xa7\xb0\xaff2\xbf\x8ea\x18\x86aL\xa5\
V\xf1v\xd9\xeb[\xd1\x84#\x89A\x13\x16\xe4\xe7\xdf\
\x92\xec\xefJz\x836'g\xed\xf6\x8e\xad[\x9f\xe1\
\xad\xe1\xff\x89Hk\x93\xe8{\xbc\xd1\x90\x14\xe1\x8dM\
\x8e\xa6=5\x0fJ\xf6W2\x0c\xc30\x8cr\xea\xef\
\xfa\x8b\x1an[\xb3\x1fOG\xe3\xab\x90V0\x14\x06\
U\xc9\xfe>%\x15R\x8bW\xae\xdctL\x9b6\xa7\
{}\xbe\x19\x9aFG%\xfa\x1elb7\x17!\xfd\
\xf6\x83Z\xd2\x8e\x83\x90\xb5f\xdbJ\x86a\x18\xc6z\
4\xa1OM\xb6\xac\xa4:\xc5[\xf7\xf7\xad\xdfn\xd9\
]4h\xedZ\xbdB+\xac\xea\xa0\xacDy\xc9\xf2\
\xe5\x7fdee\x9d\x5c\x83\xb4iB[\xb3\x12}\x0f\
$\xb7\xe1\x8eu\x14\x08\xee\xa6\xcdM\xdap\x9b\x12\xc3\
0\x0cc)\xbeP15\xdb\xbcLn\x97V\x8aA\
\x93\x0b#\x91!k\xd7\xae\x0d\xa9\xfa\xddJ{\x84\xf2\
\xf2\xf26\xb4k\xd7\xee\x94\x9a\x1e\xf7\xe7\x15\xb9e\x01\
Xy\xb5\xfcc!mn\xdc\x9a\xad+\x19\x86a\x18\
\x0b0\xe4D\xa3\x86\xdb\xd7V\xd6\xe3[\xca\xb8\x05\xf9\
\xf9W\xe9\xba\x1eQy\x06\xca\x9bt\x0b\x0a\x0a\xb6\xb6\
j\xd5\xaaw\xa3\xbau\xde\x13\x22|AE\xdf\xe7\x16\
\x7fG\xf3M\x05TX\xbb1mmx8G\xc3\x0c\
\xc30LJ@\x7f/R\xce\x81P\xe1\xfe\xbeUH\
\xb3\xf1\xd0\xc2\xbc\x82G\xd0\xf9\xa3\xfa<Lq\xc9\x80\
#\x88\xcb\xe5\x1a\xdc\xb9}\xfb\xd1\xa4\xd1=T\xc9\x86\
o\x9d\xa2-Ts\xcf\x0e\xda\xd6\xa0\x15\xed\xae\xd3T\
|'\xef\x0d3\x0c\xc30\xea\xc1^/\xfc\x9cQl\
U\x85\xa8w\x8fN\xfaU\x0br\xf2\xffg\xd6\xf9\x98\
fS\xb5w\x18\xf1}\x9d\xb3\xb3\x7fsi4N|\
\x5c\xb7\xa2\xefE\xafU\x93\xad\xab\xa8\xde\xee\x0dB\x88\
\x0f\xe3Ji\x86a\x18F\x1dBl\xeb\x16n\xa2\x06\
;\xd6\x91'V\xa5,\xf2*\x8a\xc6\xce_PP\xb0\
\xc4\xcc\xd32\xdd'rAn\xee\xa4.\xd9\xd9]E\
`\xfb\xbe\xf8\xb4[e\xdf\xeb\x87\xed\xd7\xc6|*\x09\
\xd4\x91\xd5\xd2%5\xf6\x99\xf7\xc00\x0c\xc30UC\
\x08/\xb2\xac\x0dv\xfcA\xdeh\xb0j?B\xf4\xa1\
Q\xbc\xe7\xba\xea\x8c\x15<PRb\xd4<?7w\
\x85\xcb\xe5\xea\xd99\xab\xddCD\x1a\x86\x15\xbb+\xfb\
\xfe\x1a\xc1Bi\x01\x16\xf4\xd5\xa6\x9d\xf5[PQ\xad\
F\x9c\x9af\x18\x86a\xaa\x04\xda^\xeb\x16n\xa4z\
\xbb6H\x1f\x8a*aP\xa1\xae\xe97/\xc8\xc9\x7f\
\xc7\xd4\x93+C\xca&%\xec\xad\x1e\xbb\xff\xd8\xec\xec\
\xcf\xdd\x9a\xf1\x96P\xd4\xec\xfd\xfdL \x5cD\xcd6\
/\xa7\xa8\xfbw\xb9?\xbc\xbbnS\x8az\x02)8\
[\x86a\x18\xc6i`rQ\xdd\xdd\x1bE\xd4\xbbU\
\x8e\xc7\xad:0\xd7\x08]\x97\x93\xb3r\x9di'\x97\
\x80\x94\x8f*Z\x98\x9b\xfbk\x87\x0e\xae.~\xa3\xfd\
\x9d\xa4\xd1\xbd\xe2K\xb5\xf6\xf73\xc8\xd9c\xe3\x1cG\
\x89\xbf\x0e\x15\xd5nD\xc5\xb5\x1a\xf2\xcca\x86a\x98\
\x0c\x07C\x13j\x17o\xa3\xdaBt\xf7\xdb\xcb\xbb/\
\xeb\x0d\xd2\xff5?'\xff\x033\xcem\x7fX2+\
0'G\xba\x88<\xda\xe9\xe8\xa3\xc7y\xbc\xde'\x85\
\x10_LU\xb4\xc6\xaa\x11*\x94G\xe3m\xbfS\xd8\
[C\x16l\x95\x04\xea\x89\xa3.\xe9n\x1e}\xc80\
\x0c\x93\xcex\xa2!i\xe6T\xb3d\x97\xec\xa0\xc1\x0c\
\xfa\x03 (\xa2\xdegC\xb4\xed\xf1\x9c\x9c\x8dE\xaa\
\xcf\xb1\xaaX\xaaX\x8b\x96-\xfbS\xdc\x0c\xed\xda\xbe\
\xfd\xb3\xe4r\xa1e\xa9ou~\x1e\xab\x1d\xdf\xae\x12\
\xd9L\x0d \xc8!\x7fmq[\x93\xc2\xbe\x1a\x14\xf1\
\x04(\xea\x0d\x90\xee\xaat\xcb\x99a\x18\x86\xb1\x19\xae\
XD\xee\xdfz#Aq\xad\xdf#\x1d\xab0a\xaf\
\xca{\xba\x89\x89\x0a\xe1}'D\xa1GR\x9dnN\
\x84-B\xc6y\xf9\xf9\xf3\xc5M\xbf\xae\xd9\xd9'\x92\
f\xdc#\x82\xe1~t\x00f\xd1R\x90\x13\xa4  \
\xc01\x97\x97b\x22B647\xe9(\xe8\xd2\x5c\xa4\
\xbc\xab\x9aa\x18\x86\xa9\x16\x9a\xb8\x12\xa3'W3t\
Y<\xe5\xd2\xa3\xe4\x16\xe2[\xe94\xa2\xeabP\xc8\
\xd0\x8c\xf7\x85\x00<1?7o\x85\xba\x07N\x0e[\
\x08p)\xf3rsg\x8a\x9b\x99]\xdb\xb6mG\x1e\
\xcf\xad\xe2\x99\x19JU\xd8#\xde\x1f\xf1'5&V\
N\xc9\x9f#\xc30\x0c\xe3\x186\x09\xf5\x1dSb\xd0\
\xcby\xb9y\x1b\xac>\x99\xf2\xd8J\x80K\x99\xb7t\
i\x81\xb8\xb9\xa6}\xfb\xf6\xff\xaa\xe1r\x0d\x15B|\
\x85\x88Y\xbbZ}^\x0c\xc30\x8c\xed\x89\x8a\x88w\
\xba\xa1\xe9c\x16\xe6-\x9d\xac\xda\xbfY%\xb6\x14\xe0\
R\xf2\xf3\xf3a\xd4\xf9\x1a\x8e\xae\x1d\xda\xb4&\xdd{\
\x11i\xda\xf9B\x90;\x11\xcf3d\x18\x86a\xe2D\
\x84\xe8\xce4\x88>\xa1Hd\xe2\xfce\xcb\xb6X}\
BU\xc1\xd6\x02\x5c\x96y9\xcbW\x8a\x9b\xd18\xb2\
\xb2\xb2\x9a\xd7\xd0\xb4~\x86F\xa7\x0b\x15\xee)\xbe\xd6\
\xd2\xe2\xd3c\x18\x86aR\x07\x9c\x9c\x0b4\x83f\x89\
Hw\xda\xae\x92\xf0\xb4\x95+W\xee\xb2\xfa\xa4\xaa\x8b\
c\x04\xb8,\x18{(n\xde\xde{P\x87\x0e\xad[\
\xfa\xc8w\x9c\x08\x8a;j\xa4!:\xc6<\xe2C\xc9\
\xa1\x7f\x1f\xc30\x0c\xf37%Bl\x7f\x17\xb7K\x84\
\xe0\xe6\x88\x8f\x17F\x8b\x8a~Y\xbcf\xcd\x0e\xabO\
,Y\xd2B\xa0\xf6\x96\x93\xe3\x98P\xfa5\x97\xcb\xe5\
\xe9\xd4\xb6\xed!\xe2\xf6P\xb1Vj,\x9e\xb4\x06\x9a\
\xa6a\xcaC-\xf1\xb1\x9f4\xf2kdp\x1a\x9ba\
\x18\xc6B\x0cC\x8b\x91f\x94h:\x85\xc8\x85\x09D\
\xc6vqa\xde\xae\x1b\xaeMQm\xcf\xda\xbc\xbc5\
\x9b\xcc\x18\x05h\x07\xfe\x1f=LR_.rTc\
\x00\x00\x00\x00IEND\xaeB`\x82\
"

qt_resource_name = b"\
\x00\x0d\
\x0f\xbe$\xc7\
\x00P\
\x00r\x00o\x00_\x00S\x00e\x00i\x00s\x00_\x00W\x00A\x00S\x00W\
\x00\x04\
\x00\x06\xfa^\
\x00i\
\x00c\x00o\x00n\
\x00\x08\
\x08\x01A\xff\
\x00m\
\x00a\x00i\x00n\x00.\x00i\x00c\x00o\
\x00\x09\
\x0f\xc5\xb2G\
\x00l\
\x00a\x00y\x00e\x00r\x00.\x00p\x00n\x00g\
\x00\x08\
\x08\xa4Z\x07\
\x00d\
\x00a\x00t\x00a\x00.\x00p\x00n\x00g\
"

qt_resource_struct = b"\
\x00\x00\x00\x00\x00\x02\x00\x00\x00\x01\x00\x00\x00\x01\
\x00\x00\x00\x00\x00\x00\x00\x00\
\x00\x00\x00\x00\x00\x02\x00\x00\x00\x01\x00\x00\x00\x02\
\x00\x00\x00\x00\x00\x00\x00\x00\
\x00\x00\x00 \x00\x02\x00\x00\x00\x03\x00\x00\x00\x03\
\x00\x00\x00\x00\x00\x00\x00\x00\
\x00\x00\x00.\x00\x01\x00\x00\x00\x01\x00\x00\x00\x00\
\x00\x00\x01\x84{S\xcdY\
\x00\x00\x00\x5c\x00\x00\x00\x00\x00\x01\x00\x00\xc8\xab\
\x00\x00\x01\x92\x96\x1b\xf5\xcd\
\x00\x00\x00D\x00\x00\x00\x00\x00\x01\x00\x00\x18X\
\x00\x00\x01\x92\x96\x00X\x90\
"

def qInitResources():
    QtCore.qRegisterResourceData(0x03, qt_resource_struct, qt_resource_name, qt_resource_data)

def qCleanupResources():
    QtCore.qUnregisterResourceData(0x03, qt_resource_struct, qt_resource_name, qt_resource_data)

qInitResources()
